사고번호,사고일시,요일,시군구,사고내용,사망자수,중상자수,경상자수,부상신고자수,사고유형,법규위반,노면상태,기상상태,도로형태,가해운전자 차종,가해운전자 성별,가해운전자 연령,가해운전자 상해정도,피해운전자 차종,피해운전자 성별,피해운전자 연령,피해운전자 상해정도
2016012200100281,2016년 1월 22일 13시,금요일,울산광역시 동구 방어동,경상사고,0,0,1,0,차대차 - 측면직각충돌,직진우회전진행방해,건조,맑음,교차로 - 교차로안,승용,여,40세,상해없음,승용,여,53세,경상
2016012200100407,2016년 1월 22일 17시,금요일,울산광역시 중구 반구동,경상사고,0,0,1,0,차대차 - 측면직각충돌,직진우회전진행방해,건조,맑음,교차로 - 교차로안,기타불명,기타불명,40세,기타불명,자전거,남,71세,경상
2016012200100463,2016년 1월 22일 18시,금요일,울산광역시 중구 성남동,경상사고,0,0,1,0,차대차 - 측면충돌,기타,건조,맑음,교차로 - 교차로부근,승용,남,65세,상해없음,원동기,남,44세,경상
2016012200100464,2016년 1월 22일 18시,금요일,울산광역시 남구 삼산동,중상사고,0,1,0,0,차대차 - 측면충돌,중앙선침범,건조,맑음,단일로 - 기타,승용,남,18세,상해없음,승용,남,34세,중상
2016012200100524,2016년 1월 22일 20시,금요일,울산광역시 울주군 삼남면,중상사고,0,1,0,0,차대차 - 정면충돌,중앙선침범,건조,맑음,교차로 - 교차로부근,승용,여,49세,상해없음,이륜,남,52세,중상
2016012200100620,2016년 1월 22일 23시,금요일,울산광역시 중구 반구동,경상사고,0,0,4,0,차대차 - 추돌,안전운전불이행,건조,맑음,단일로 - 기타,승용,남,37세,상해없음,승용,남,26세,경상
2016012300100033,2016년 1월 23일 00시,토요일,울산광역시 남구 무거동,중상사고,0,1,0,0,차대사람 - 기타,안전운전불이행,건조,맑음,교차로 - 교차로안,승용,남,64세,상해없음,보행자,남,45세,중상
2016012300100061,2016년 1월 23일 02시,토요일,울산광역시 북구 효문동,경상사고,0,0,2,1,차대차 - 추돌,안전운전불이행,건조,맑음,단일로 - 기타,승용,남,50세,부상신고,화물,여,59세,경상
2016012300100079,2016년 1월 23일 04시,토요일,울산광역시 중구 반구동,중상사고,0,1,0,0,차량단독 - 전도전복,안전운전불이행,건조,맑음,단일로 - 기타,이륜,남,24세,중상,,,,
2016012300100099,2016년 1월 23일 06시,토요일,울산광역시 남구 달동,중상사고,0,1,0,0,차대사람 - 기타,안전운전불이행,건조,맑음,교차로 - 교차로안,승용,남,37세,상해없음,보행자,남,33세,중상
2016012300100109,2016년 1월 23일 07시,토요일,울산광역시 동구 방어동,경상사고,0,0,1,0,차대사람 - 길가장자리구역통행중,안전운전불이행,건조,맑음,기타 - 기타,승용,남,55세,상해없음,보행자,남,30세,경상
2016012300100120,2016년 1월 23일 08시,토요일,울산광역시 남구 신정동,경상사고,0,0,2,0,차대차 - 측면직각충돌,직진우회전진행방해,건조,맑음,교차로 - 교차로안,승용,남,50세,경상,승용,남,60세,경상
2016012300100136,2016년 1월 23일 09시,토요일,울산광역시 울주군 웅촌면,경상사고,0,0,1,0,차대차 - 기타,신호위반,건조,맑음,교차로 - 교차로안,화물,남,57세,상해없음,승용,여,48세,경상
2016012300100209,2016년 1월 23일 12시,토요일,울산광역시 중구 성안동,중상사고,0,1,0,0,차대차 - 정면충돌,불법유턴,건조,맑음,교차로 - 교차로안,승용,남,69세,상해없음,승용,여,41세,중상
2016012300100266,2016년 1월 23일 14시,토요일,울산광역시 북구 산하동,경상사고,0,0,2,0,차대차 - 측면직각충돌,중앙선침범,건조,맑음,단일로 - 기타,승용,남,28세,상해없음,승용,여,55세,경상
2016012300100302,2016년 1월 23일 15시,토요일,울산광역시 울주군 온양읍,경상사고,0,0,1,0,차대차 - 정면충돌,교차로운행방법위반,건조,맑음,교차로 - 교차로안,승용,남,18세,상해없음,승용,여,33세,경상
2016012300100389,2016년 1월 23일 18시,토요일,울산광역시 북구 천곡동,경상사고,0,0,1,0,차대차 - 측면충돌,교차로운행방법위반,건조,맑음,교차로 - 교차로안,승용,남,39세,상해없음,이륜,남,16세,경상
2016012300100469,2016년 1월 23일 21시,토요일,울산광역시 북구 신천동,중상사고,0,2,1,0,차대차 - 추돌,안전운전불이행,건조,맑음,교차로 - 교차로부근,승용,남,51세,기타불명,승용,남,24세,중상
2016012300100491,2016년 1월 23일 22시,토요일,울산광역시 동구 일산동,경상사고,0,0,1,0,차대차 - 추돌,안전운전불이행,건조,맑음,교차로 - 교차로부근,승용,남,35세,상해없음,승용,남,22세,경상
2016012400100084,2016년 1월 24일 06시,일요일,울산광역시 중구 복산동,중상사고,0,1,0,0,차대차 - 추돌,안전운전불이행,건조,맑음,단일로 - 기타,승용,남,28세,상해없음,승용,남,51세,중상
2016012500100108,2016년 1월 25일 08시,월요일,울산광역시 중구 우정동,경상사고,0,0,1,1,차대차 - 측면충돌,신호위반,건조,맑음,교차로 - 교차로안,화물,남,43세,부상신고,승용,여,34세,경상
2016012500100139,2016년 1월 25일 09시,월요일,울산광역시 중구 성안동,경상사고,0,0,1,0,차대차 - 측면직각충돌,신호위반,건조,맑음,교차로 - 교차로안,승용,남,53세,상해없음,승용,남,29세,경상
2016012500100140,2016년 1월 25일 09시,월요일,울산광역시 울주군 언양읍,경상사고,0,0,1,0,차대사람 - 횡단중,중앙선침범,건조,맑음,단일로 - 기타,화물,남,45세,상해없음,보행자,여,26세,경상
2016012500100227,2016년 1월 25일 12시,월요일,울산광역시 북구 상안동,경상사고,0,0,1,1,차대차 - 기타,안전운전불이행,건조,맑음,단일로 - 기타,승용,여,62세,부상신고,승용,남,33세,경상
2016012500100254,2016년 1월 25일 13시,월요일,울산광역시 중구 성안동,경상사고,0,0,4,0,차대차 - 측면충돌,교차로운행방법위반,건조,맑음,교차로 - 교차로안,승용,남,63세,상해없음,승용,여,54세,경상
2016012500100502,2016년 1월 25일 20시,월요일,울산광역시 중구 복산동,경상사고,0,0,3,0,차대차 - 측면충돌,안전거리미확보,건조,맑음,단일로 - 기타,승용,남,26세,경상,승용,남,59세,경상
2016012500100568,2016년 1월 25일 22시,월요일,울산광역시 남구 신정동,경상사고,0,0,2,0,차대차 - 추돌,안전운전불이행,건조,맑음,교차로 - 교차로부근,승용,남,42세,기타불명,승용,여,50세,경상
2016012600100014,2016년 1월 26일 00시,화요일,울산광역시 동구 전하동,중상사고,0,1,1,0,차대차 - 추돌,안전운전불이행,건조,맑음,단일로 - 기타,승용,남,41세,상해없음,승용,남,55세,경상
2016012600100091,2016년 1월 26일 07시,화요일,울산광역시 남구 야음동,중상사고,0,1,0,0,차대차 - 측면충돌,중앙선침범,건조,맑음,교차로 - 교차로부근,승용,남,55세,상해없음,승용,남,33세,중상
2016012600100092,2016년 1월 26일 07시,화요일,울산광역시 울주군 범서읍,경상사고,0,0,4,0,차대차 - 추돌,안전거리미확보,건조,맑음,단일로 - 기타,승용,남,27세,상해없음,화물,남,54세,상해없음
2016012600100093,2016년 1월 26일 07시,화요일,울산광역시 울주군 온산읍,중상사고,0,1,0,0,차대사람 - 기타,안전운전불이행,건조,맑음,기타 - 기타,승합,남,51세,상해없음,보행자,남,22세,중상
2016012600100166,2016년 1월 26일 10시,화요일,울산광역시 중구 다운동,중상사고,0,1,1,1,차대차 - 측면직각충돌,안전거리미확보,건조,맑음,단일로 - 기타,승용,여,44세,부상신고,승용,남,45세,중상
2016012600100325,2016년 1월 26일 15시,화요일,울산광역시 중구 학성동,경상사고,0,0,1,0,차대사람 - 기타,안전운전불이행,건조,맑음,교차로 - 교차로안,승용,남,57세,기타불명,보행자,남,42세,경상
2016012600100434,2016년 1월 26일 18시,화요일,울산광역시 북구 호계동,경상사고,0,0,1,0,차대사람 - 횡단중,보행자보호의무위반,건조,맑음,단일로 - 횡단보도상,승용,남,63세,상해없음,보행자,여,16세,경상
2016012600100435,2016년 1월 26일 18시,화요일,울산광역시 남구 신정동,중상사고,0,1,0,0,차대차 - 추돌,안전운전불이행,건조,맑음,단일로 - 기타,화물,남,39세,중상,승용,남,53세,상해없음
2016012600100476,2016년 1월 26일 19시,화요일,울산광역시 중구 다운동,중상사고,0,1,0,0,차대사람 - 횡단중,안전운전불이행,건조,맑음,교차로 - 교차로안,승용,남,30세,상해없음,보행자,남,63세,중상
2016012600100477,2016년 1월 26일 19시,화요일,울산광역시 울주군 청량면,중상사고,0,1,0,0,차대사람 - 기타,안전운전불이행,건조,맑음,단일로 - 횡단보도부근,승용,남,24세,상해없음,보행자,남,45세,중상
2016012600100568,2016년 1월 26일 22시,화요일,울산광역시 중구 성안동,중상사고,0,1,0,0,차대사람 - 길가장자리구역통행중,안전운전불이행,건조,맑음,교차로 - 교차로안,승합,남,37세,상해없음,보행자,남,48세,중상
2016012600100569,2016년 1월 26일 22시,화요일,울산광역시 울주군 삼남면,중상사고,0,1,1,0,차량단독 - 전도전복,안전운전불이행,건조,맑음,교차로 - 교차로부근,승용,남,31세,중상,,,,
2016012600100594,2016년 1월 26일 23시,화요일,울산광역시 남구 달동,경상사고,0,0,1,0,차대차 - 추돌,안전운전불이행,건조,맑음,교차로 - 교차로부근,승용,남,35세,상해없음,승용,남,35세,경상
2016012700100056,2016년 1월 27일 04시,수요일,울산광역시 남구 삼산동,경상사고,0,0,1,0,차대사람 - 기타,안전운전불이행,건조,맑음,단일로 - 기타,승용,남,60세,상해없음,보행자,남,40세,경상
2016012700100090,2016년 1월 27일 06시,수요일,울산광역시 북구 명촌동,중상사고,0,2,0,0,차대차 - 측면충돌,안전거리미확보,건조,맑음,단일로 - 기타,승용,남,52세,상해없음,화물,남,46세,중상
2016012700100091,2016년 1월 27일 06시,수요일,울산광역시 남구 삼산동,경상사고,0,0,1,0,차대차 - 추돌,안전운전불이행,건조,맑음,교차로 - 교차로부근,승용,남,44세,상해없음,승용,남,68세,경상
2016012700100112,2016년 1월 27일 07시,수요일,울산광역시 북구 효문동,경상사고,0,0,2,0,차대차 - 정면충돌,교차로운행방법위반,건조,맑음,교차로 - 교차로안,승용,여,46세,경상,건설기계,남,45세,경상
2016012700100254,2016년 1월 27일 12시,수요일,울산광역시 북구 호계동,중상사고,0,1,0,0,차량단독 - 기타,안전운전불이행,건조,맑음,교차로 - 교차로부근,승합,남,46세,상해없음,,,,
2016012700100405,2016년 1월 27일 17시,수요일,울산광역시 중구 태화동,경상사고,0,0,1,0,차대차 - 측면직각충돌,신호위반,건조,맑음,교차로 - 교차로부근,승용,남,19세,상해없음,자전거,남,54세,경상
2016012700100464,2016년 1월 27일 18시,수요일,울산광역시 중구 남외동,경상사고,0,0,1,0,차대차 - 측면직각충돌,교차로운행방법위반,건조,맑음,단일로 - 기타,승용,남,40세,상해없음,승용,여,33세,경상
2016012700100465,2016년 1월 27일 18시,수요일,울산광역시 남구 신정동,경상사고,0,0,1,0,차대차 - 측면충돌,안전운전불이행,건조,맑음,단일로 - 기타,승용,남,14세,상해없음,승용,남,63세,경상
2016012700100466,2016년 1월 27일 18시,수요일,울산광역시 남구 옥동,경상사고,0,0,1,0,차대차 - 측면직각충돌,안전운전불이행,건조,맑음,단일로 - 횡단보도부근,승용,남,55세,상해없음,원동기,남,20세,경상
2016012700100467,2016년 1월 27일 18시,수요일,울산광역시 동구 방어동,중상사고,0,3,0,0,차대사람 - 횡단중,보행자보호의무위반,건조,맑음,교차로 - 교차로부근,승용,남,44세,상해없음,보행자,남,23세,중상
2016012700100506,2016년 1월 27일 19시,수요일,울산광역시 남구 야음동,경상사고,0,0,1,0,차대차 - 측면충돌,직진우회전진행방해,건조,맑음,교차로 - 교차로안,승용,남,50세,상해없음,이륜,남,23세,경상
2016012700100507,2016년 1월 27일 19시,수요일,울산광역시 동구 서부동,중상사고,0,1,0,0,차대차 - 정면충돌,신호위반,건조,맑음,교차로 - 교차로안,이륜,남,16세,상해없음,이륜,남,38세,중상
2016012700100543,2016년 1월 27일 20시,수요일,울산광역시 동구 서부동,중상사고,0,1,0,0,차대차 - 측면직각충돌,기타,건조,맑음,단일로 - 기타,승용,남,66세,상해없음,원동기,남,58세,중상
2016012700100568,2016년 1월 27일 21시,수요일,울산광역시 울주군 온산읍,중상사고,0,1,0,1,차대사람 - 횡단중,안전운전불이행,건조,맑음,교차로 - 교차로부근,이륜,남,16세,부상신고,보행자,남,40세,중상
2016012700100603,2016년 1월 27일 22시,수요일,울산광역시 남구 달동,중상사고,0,1,2,0,차대차 - 측면직각충돌,안전운전불이행,건조,맑음,교차로 - 교차로안,승용,남,53세,상해없음,승합,남,46세,경상
2016012800100021,2016년 1월 28일 00시,목요일,울산광역시 동구 일산동,중상사고,0,2,0,0,차대차 - 측면직각충돌,안전운전불이행,건조,맑음,단일로 - 기타,승용,남,34세,상해없음,원동기,남,16세,중상
2016012800100042,2016년 1월 28일 01시,목요일,울산광역시 남구 신정동,경상사고,0,0,1,0,차대사람 - 기타,안전운전불이행,건조,맑음,교차로 - 교차로부근,승용,남,29세,상해없음,보행자,여,26세,경상
2016012800100083,2016년 1월 28일 05시,목요일,울산광역시 중구 약사동,중상사고,0,1,0,0,차량단독 - 도로외이탈 - 기타,안전운전불이행,건조,맑음,단일로 - 기타,승용,남,44세,중상,,,,
2016012800100109,2016년 1월 28일 06시,목요일,울산광역시 남구 옥동,중상사고,0,1,0,0,차대사람 - 차도통행중,안전운전불이행,건조,흐림,단일로 - 기타,승용,남,25세,상해없음,보행자,여,40세,중상
2016012800100146,2016년 1월 28일 07시,목요일,울산광역시 남구 달동,경상사고,0,0,1,0,차대차 - 측면직각충돌,신호위반,건조,맑음,교차로 - 교차로안,승용,남,56세,상해없음,승용,남,55세,경상
2016012800100147,2016년 1월 28일 07시,목요일,울산광역시 동구 방어동,중상사고,0,1,0,0,차대사람 - 횡단중,보행자보호의무위반,건조,맑음,교차로 - 교차로안,이륜,남,33세,상해없음,보행자,남,36세,중상
2016012800100180,2016년 1월 28일 08시,목요일,울산광역시 울주군 온산읍,경상사고,0,0,1,0,차대차 - 정면충돌,안전운전불이행,건조,맑음,단일로 - 기타,승용,남,51세,상해없음,자전거,남,25세,경상
2016012800100251,2016년 1월 28일 11시,목요일,울산광역시 북구 화봉동,경상사고,0,0,3,0,차대차 - 측면충돌,안전거리미확보,건조,맑음,단일로 - 기타,화물,남,53세,경상,승용,남,48세,경상
2016012800100252,2016년 1월 28일 11시,목요일,울산광역시 남구 삼산동,경상사고,0,0,1,0,차대차 - 측면충돌,안전운전불이행,건조,맑음,교차로 - 교차로부근,자전거,남,68세,경상,승용,남,56세,상해없음
2016012800100253,2016년 1월 28일 11시,목요일,울산광역시 북구 염포동,경상사고,0,0,2,0,차대차 - 추돌,안전거리미확보,건조,맑음,단일로 - 기타,승용,여,54세,경상,승용,여,37세,경상
2016012800100254,2016년 1월 28일 11시,목요일,울산광역시 동구 서부동,중상사고,0,1,0,0,차대사람 - 기타,안전운전불이행,건조,맑음,교차로 - 교차로부근,화물,남,49세,상해없음,보행자,여,68세,중상
2016012800100340,2016년 1월 28일 14시,목요일,울산광역시 중구 교동,경상사고,0,0,1,0,차대차 - 정면충돌,안전운전불이행,습기,비,단일로 - 기타,승용,남,37세,상해없음,이륜,남,22세,경상
2016012800100341,2016년 1월 28일 14시,목요일,울산광역시 중구 반구동,경상사고,0,0,1,0,차대사람 - 횡단중,안전운전불이행,습기,비,교차로 - 교차로안,승용,여,39세,상해없음,보행자,남,37세,경상
2016012800100428,2016년 1월 28일 17시,목요일,울산광역시 남구 두왕동,경상사고,0,0,1,0,차대차 - 기타,기타,습기,맑음,교차로 - 교차로부근,승용,남,46세,상해없음,승합,남,54세,경상
2016012800100482,2016년 1월 28일 18시,목요일,울산광역시 북구 매곡동,중상사고,0,1,0,0,차대사람 - 횡단중,신호위반,습기,비,단일로 - 횡단보도상,승용,여,46세,상해없음,보행자,여,8세,중상
2016012800100483,2016년 1월 28일 18시,목요일,울산광역시 중구 북정동,중상사고,0,1,0,0,차대사람 - 기타,보행자보호의무위반,습기,비,단일로 - 기타,화물,남,43세,상해없음,보행자,남,23세,중상
2016012800100484,2016년 1월 28일 18시,목요일,울산광역시 남구 신정동,중상사고,0,1,0,0,차대사람 - 횡단중,보행자보호의무위반,습기,비,교차로 - 교차로안,승용,여,61세,상해없음,보행자,남,59세,중상
2016012800100520,2016년 1월 28일 19시,목요일,울산광역시 중구 학성동,경상사고,0,0,1,0,차대사람 - 차도통행중,안전운전불이행,습기,비,단일로 - 기타,기타불명,기타불명,기타불명,기타불명,보행자,남,59세,경상
2016012800100521,2016년 1월 28일 19시,목요일,울산광역시 남구 무거동,경상사고,0,0,1,0,차대차 - 측면충돌,안전운전불이행,습기,비,교차로 - 교차로안,기타불명,기타불명,기타불명,기타불명,승용,남,24세,경상
2016012800100522,2016년 1월 28일 19시,목요일,울산광역시 남구 신정동,중상사고,0,1,0,0,차대사람 - 횡단중,안전운전불이행,습기,비,단일로 - 기타,승용,남,58세,상해없음,보행자,남,25세,중상
2016012800100565,2016년 1월 28일 20시,목요일,울산광역시 북구 진장동,중상사고,0,1,0,0,차대차 - 정면충돌,중앙선침범,습기,비,단일로 - 기타,승용,남,59세,기타불명,이륜,남,54세,중상
2016012800100566,2016년 1월 28일 20시,목요일,울산광역시 남구 신정동,중상사고,0,1,2,0,차대차 - 측면충돌,신호위반,습기,비,교차로 - 교차로안,승합,남,53세,상해없음,승용,남,54세,경상
2016012800100608,2016년 1월 28일 21시,목요일,울산광역시 북구 양정동,중상사고,0,1,0,0,차대사람 - 횡단중,안전운전불이행,습기,비,단일로 - 기타,승용,여,30세,상해없음,보행자,여,52세,중상
2016012800100646,2016년 1월 28일 22시,목요일,울산광역시 남구 야음동,경상사고,0,0,3,0,차대차 - 추돌,안전운전불이행,습기,비,교차로 - 교차로부근,승용,남,57세,상해없음,승용,남,42세,경상
2016012800100647,2016년 1월 28일 22시,목요일,울산광역시 동구 일산동,중상사고,0,1,0,0,차대사람 - 횡단중,안전운전불이행,습기,비,교차로 - 교차로안,승용,남,46세,상해없음,보행자,남,39세,중상
2016012800100648,2016년 1월 28일 22시,목요일,울산광역시 동구 방어동,경상사고,0,0,1,0,차대차 - 측면충돌,안전운전불이행,건조,흐림,교차로 - 교차로안,승용,남,48세,상해없음,이륜,남,22세,경상
2016012900100029,2016년 1월 29일 00시,금요일,울산광역시 중구 반구동,경상사고,0,0,1,0,차대차 - 추돌,안전거리미확보,습기,비,교차로 - 교차로부근,승용,남,56세,상해없음,승용,남,59세,경상
2016012900100030,2016년 1월 29일 00시,금요일,울산광역시 남구 달동,경상사고,0,0,1,0,차대사람 - 횡단중,안전운전불이행,건조,맑음,단일로 - 기타,승용,남,45세,상해없음,보행자,남,43세,경상
2016012900100052,2016년 1월 29일 01시,금요일,울산광역시 중구 약사동,경상사고,0,0,1,0,차대사람 - 횡단중,보행자보호의무위반,습기,비,교차로 - 교차로안,승용,남,50세,상해없음,보행자,남,37세,경상
2016012900100154,2016년 1월 29일 07시,금요일,울산광역시 중구 유곡동,중상사고,0,1,0,0,차대사람 - 횡단중,보행자보호의무위반,습기,비,교차로 - 교차로안,승용,여,39세,상해없음,보행자,여,24세,중상
2016012900100187,2016년 1월 29일 08시,금요일,울산광역시 울주군 언양읍,사망사고,2,0,0,0,차대차 - 추돌,안전운전불이행,습기,비,단일로 - 기타,화물,남,59세,사망,화물,남,57세,상해없음
2016012900100257,2016년 1월 29일 11시,금요일,울산광역시 울주군 웅촌면,중상사고,0,1,0,1,차대차 - 추돌,안전운전불이행,습기,비,단일로 - 기타,화물,남,57세,상해없음,승합,남,46세,부상신고
2016012900100386,2016년 1월 29일 16시,금요일,울산광역시 동구 방어동,중상사고,0,1,1,0,차대차 - 추돌,안전운전불이행,습기,비,단일로 - 기타,승용,남,31세,상해없음,승용,여,39세,중상
2016012900100424,2016년 1월 29일 17시,금요일,울산광역시 북구 화봉동,경상사고,0,0,6,1,차대차 - 측면충돌,직진우회전진행방해,습기,비,교차로 - 교차로안,승합,남,56세,부상신고,화물,남,33세,경상
2016012900100484,2016년 1월 29일 18시,금요일,울산광역시 북구 염포동,경상사고,0,0,1,0,차대사람 - 횡단중,안전운전불이행,습기,비,단일로 - 기타,승용,남,51세,상해없음,보행자,남,60세,경상
2016012900100537,2016년 1월 29일 19시,금요일,울산광역시 남구 삼산동,경상사고,0,0,1,0,차대차 - 측면충돌,안전거리미확보,건조,맑음,교차로 - 교차로부근,승용,남,28세,상해없음,이륜,남,32세,경상
2016012900100538,2016년 1월 29일 19시,금요일,울산광역시 남구 신정동,경상사고,0,0,3,0,차대차 - 측면충돌,중앙선침범,습기,비,단일로 - 기타,승합,남,23세,상해없음,승용,남,35세,경상
2016012900100539,2016년 1월 29일 19시,금요일,울산광역시 남구 신정동,중상사고,0,1,1,0,차대차 - 측면충돌,안전운전불이행,습기,비,교차로 - 교차로안,화물,남,59세,상해없음,승용,남,62세,중상
2016012900100540,2016년 1월 29일 19시,금요일,울산광역시 동구 전하동,경상사고,0,0,1,0,차대사람 - 횡단중,신호위반,습기,비,교차로 - 교차로안,이륜,남,50세,상해없음,보행자,여,24세,경상
2016012900100541,2016년 1월 29일 19시,금요일,울산광역시 울주군 청량면,경상사고,0,0,1,0,차대차 - 정면충돌,안전운전불이행,습기,비,단일로 - 기타,화물,남,47세,경상,승용,남,56세,상해없음
2016012900100594,2016년 1월 29일 20시,금요일,울산광역시 북구 매곡동,중상사고,0,2,0,0,차대사람 - 횡단중,신호위반,건조,맑음,단일로 - 횡단보도상,승용,남,34세,상해없음,보행자,여,41세,중상
2016013000100037,2016년 1월 30일 00시,토요일,울산광역시 남구 삼산동,경상사고,0,0,1,0,차대차 - 측면충돌,안전거리미확보,습기,비,단일로 - 기타,승용,남,30세,기타불명,승용,남,40세,경상
2016013000100071,2016년 1월 30일 01시,토요일,울산광역시 북구 중산동,중상사고,0,1,0,0,차대차 - 정면충돌,중앙선침범,습기,비,단일로 - 기타,자전거,남,58세,중상,승용,남,44세,상해없음
2016013000100072,2016년 1월 30일 01시,토요일,울산광역시 남구 신정동,중상사고,0,1,0,0,차대차 - 측면직각충돌,교차로운행방법위반,건조,맑음,교차로 - 교차로안,승용,남,57세,상해없음,승용,남,26세,중상
2016013000100090,2016년 1월 30일 02시,토요일,울산광역시 남구 삼산동,경상사고,0,0,2,0,차대차 - 측면충돌,안전운전불이행,습기,비,단일로 - 기타,승용,남,25세,경상,승용,남,44세,경상
2016013000100105,2016년 1월 30일 03시,토요일,울산광역시 남구 달동,경상사고,0,0,1,0,차대차 - 측면충돌,교차로운행방법위반,습기,흐림,교차로 - 교차로안,이륜,남,26세,경상,승용,남,61세,기타불명
2016013000100121,2016년 1월 30일 04시,토요일,울산광역시 남구 옥동,경상사고,0,0,1,0,차량단독 - 기타,안전운전불이행,건조,맑음,단일로 - 기타,승용,남,35세,상해없음,,,,
2016013000100158,2016년 1월 30일 06시,토요일,울산광역시 남구 달동,중상사고,0,1,0,0,차대사람 - 횡단중,안전운전불이행,건조,맑음,단일로 - 기타,승용,남,51세,상해없음,보행자,여,60세,중상
2016013000100181,2016년 1월 30일 07시,토요일,울산광역시 동구 화정동,경상사고,0,0,1,0,차대차 - 정면충돌,안전운전불이행,건조,맑음,교차로 - 교차로부근,승용,여,50세,상해없음,이륜,남,38세,경상
2016013000100222,2016년 1월 30일 08시,토요일,울산광역시 중구 반구동,중상사고,0,1,0,0,차대사람 - 횡단중,안전운전불이행,건조,맑음,단일로 - 횡단보도상,승용,여,51세,상해없음,보행자,여,83세,중상
2016013000100250,2016년 1월 30일 09시,토요일,울산광역시 남구 달동,경상사고,0,0,4,0,차대차 - 추돌,안전운전불이행,건조,맑음,단일로 - 기타,승용,남,23세,상해없음,승용,남,54세,경상
2016013000100299,2016년 1월 30일 11시,토요일,울산광역시 남구 신정동,부상신고사고,0,0,0,1,차대차 - 기타,기타,습기,비,기타 - 기타,승용,여,45세,상해없음,승용,여,59세,상해없음
2016013000100325,2016년 1월 30일 12시,토요일,울산광역시 울주군 온양읍,경상사고,0,0,1,0,차대차 - 정면충돌,안전운전불이행,습기,비,단일로 - 기타,승용,여,49세,상해없음,이륜,남,31세,경상
2016013000100355,2016년 1월 30일 13시,토요일,울산광역시 동구 화정동,경상사고,0,0,1,0,차대사람 - 횡단중,안전운전불이행,건조,맑음,단일로 - 기타,이륜,남,47세,상해없음,보행자,남,79세,경상
2016013000100356,2016년 1월 30일 13시,토요일,울산광역시 동구 전하동,경상사고,0,0,1,0,차대차 - 측면충돌,교차로운행방법위반,건조,맑음,교차로 - 교차로안,이륜,남,54세,경상,승용,남,33세,상해없음
2016013000100385,2016년 1월 30일 14시,토요일,울산광역시 북구 상안동,중상사고,0,1,0,0,차대사람 - 횡단중,안전운전불이행,건조,맑음,기타 - 기타,승용,여,32세,상해없음,보행자,여,72세,중상
2016013000100386,2016년 1월 30일 14시,토요일,울산광역시 남구 신정동,경상사고,0,0,1,0,차대차 - 측면충돌,안전운전불이행,습기,비,단일로 - 기타,승용,남,53세,상해없음,화물,남,28세,경상
2016013000100514,2016년 1월 30일 18시,토요일,울산광역시 남구 무거동,경상사고,0,0,2,0,차대사람 - 횡단중,보행자보호의무위반,건조,맑음,교차로 - 교차로안,승용,남,56세,상해없음,보행자,여,40세,경상
2016013000100515,2016년 1월 30일 18시,토요일,울산광역시 남구 신정동,중상사고,0,2,1,0,차대차 - 측면직각충돌,교차로운행방법위반,건조,맑음,교차로 - 교차로안,승용,남,39세,경상,승용,여,49세,중상
2016013000100553,2016년 1월 30일 19시,토요일,울산광역시 남구 삼산동,중상사고,0,1,0,0,차대차 - 측면충돌,교차로운행방법위반,건조,맑음,교차로 - 교차로안,승용,여,50세,상해없음,원동기,남,24세,중상
2016013000100554,2016년 1월 30일 19시,토요일,울산광역시 남구 야음동,경상사고,0,0,1,0,차대차 - 측면충돌,중앙선침범,건조,맑음,교차로 - 교차로부근,승용,남,66세,상해없음,승용,남,46세,경상
2016013000100584,2016년 1월 30일 20시,토요일,울산광역시 울주군 웅촌면,사망사고,1,0,0,0,차대사람 - 횡단중,안전운전불이행,습기,흐림,단일로 - 횡단보도부근,승용,여,56세,상해없음,보행자,여,56세,사망
2016013000100642,2016년 1월 30일 22시,토요일,울산광역시 남구 달동,경상사고,0,0,1,0,차대사람 - 횡단중,안전운전불이행,건조,맑음,단일로 - 기타,승용,남,33세,상해없음,보행자,남,49세,경상
2016013000100643,2016년 1월 30일 22시,토요일,울산광역시 울주군 삼동면,부상신고사고,0,0,0,1,차량단독 - 전도전복,안전운전불이행,결빙,흐림,단일로 - 기타,승용,남,47세,부상신고,,,,
2016013000100667,2016년 1월 30일 23시,토요일,울산광역시 남구 달동,중상사고,0,1,0,0,차대차 - 측면충돌,직진우회전진행방해,건조,맑음,교차로 - 교차로안,화물,남,33세,상해없음,원동기,남,35세,중상
2016013000100668,2016년 1월 30일 23시,토요일,울산광역시 남구 삼산동,부상신고사고,0,0,0,1,차대사람 - 횡단중,안전운전불이행,건조,맑음,교차로 - 교차로부근,승용,여,28세,상해없음,보행자,여,20세,부상신고