사고번호,사고일시,요일,시군구,사고내용,사망자수,중상자수,경상자수,부상신고자수,사고유형,법규위반,노면상태,기상상태,도로형태,가해운전자 차종,가해운전자 성별,가해운전자 연령,가해운전자 상해정도,피해운전자 차종,피해운전자 성별,피해운전자 연령,피해운전자 상해정도
2016021100100187,2016년 2월 11일 13시,목요일,울산광역시 북구 신천동,중상사고,0,1,0,0,차대차 - 측면충돌,안전운전불이행,건조,맑음,교차로 - 교차로부근,이륜,남,74세,중상,승합,남,29세,상해없음
2016021100100243,2016년 2월 11일 15시,목요일,울산광역시 중구 남외동,경상사고,0,0,1,0,차대차 - 측면충돌,안전운전불이행,건조,맑음,교차로 - 교차로안,승용,남,63세,상해없음,자전거,남,13세,경상
2016021100100269,2016년 2월 11일 16시,목요일,울산광역시 중구 복산동,사망사고,1,0,0,0,차대차 - 측면직각충돌,안전운전불이행,건조,맑음,단일로 - 기타,특수,남,58세,상해없음,이륜,여,37세,사망
2016021100100270,2016년 2월 11일 16시,목요일,울산광역시 동구 화정동,경상사고,0,0,1,0,차대차 - 기타,안전운전불이행,건조,맑음,단일로 - 기타,기타불명,기타불명,기타불명,기타불명,승용,여,43세,경상
2016021100100352,2016년 2월 11일 19시,목요일,울산광역시 북구 진장동,경상사고,0,0,8,1,차대차 - 추돌,안전운전불이행,건조,맑음,단일로 - 기타,승용,남,67세,부상신고,승용,남,48세,경상
2016021100100397,2016년 2월 11일 21시,목요일,울산광역시 북구 호계동,부상신고사고,0,0,0,1,차대차 - 기타,안전운전불이행,건조,맑음,교차로 - 교차로안,이륜,남,25세,부상신고,승용,남,55세,상해없음
2016021100100398,2016년 2월 11일 21시,목요일,울산광역시 남구 달동,중상사고,0,1,0,0,차대차 - 기타,신호위반,건조,맑음,교차로 - 교차로안,승용,남,23세,상해없음,승용,남,27세,중상
2016021100100448,2016년 2월 11일 23시,목요일,울산광역시 울주군 언양읍,중상사고,0,1,0,0,차대차 - 추돌,안전운전불이행,건조,맑음,교차로 - 교차로안,승용,남,28세,상해없음,이륜,남,26세,중상
2016021200100021,2016년 2월 12일 00시,금요일,울산광역시 울주군 범서읍,경상사고,0,0,2,0,차대차 - 측면충돌,교차로운행방법위반,건조,맑음,교차로 - 교차로안,승용,남,27세,상해없음,승용,남,64세,경상
2016021200100073,2016년 2월 12일 04시,금요일,울산광역시 남구 삼산동,경상사고,0,0,2,0,차대차 - 측면충돌,안전운전불이행,건조,맑음,단일로 - 기타,승용,남,29세,상해없음,승용,남,55세,경상
2016021200100111,2016년 2월 12일 06시,금요일,울산광역시 울주군 삼남면,중상사고,0,1,0,0,차대차 - 정면충돌,신호위반,습기,흐림,교차로 - 교차로안,화물,남,68세,상해없음,승용,남,66세,중상
2016021200100168,2016년 2월 12일 09시,금요일,울산광역시 울주군 청량면,경상사고,0,0,1,0,차대차 - 측면충돌,안전운전불이행,습기,비,교차로 - 교차로부근,승용,남,81세,경상,화물,남,47세,상해없음
2016021200100169,2016년 2월 12일 09시,금요일,울산광역시 울주군 온산읍,중상사고,0,1,2,0,차대차 - 측면충돌,안전운전불이행,습기,비,교차로 - 교차로안,승용,여,34세,경상,화물,남,30세,중상
2016021200100170,2016년 2월 12일 09시,금요일,울산광역시 울주군 웅촌면,경상사고,0,0,2,0,차대차 - 추돌,안전거리미확보,습기,비,교차로 - 교차로부근,화물,남,23세,상해없음,승용,여,31세,경상
2016021200100189,2016년 2월 12일 10시,금요일,울산광역시 중구 우정동,중상사고,0,2,1,0,차대차 - 추돌,안전거리미확보,습기,비,단일로 - 기타,승용,남,67세,상해없음,승용,남,64세,상해없음
2016021200100213,2016년 2월 12일 11시,금요일,울산광역시 북구 중산동,경상사고,0,0,1,0,차대사람 - 기타,안전운전불이행,건조,맑음,단일로 - 기타,승용,남,52세,상해없음,보행자,남,61세,경상
2016021200100233,2016년 2월 12일 12시,금요일,울산광역시 중구 학산동,부상신고사고,0,0,0,1,차대차 - 측면충돌,불법유턴,습기,비,단일로 - 기타,자전거,남,66세,부상신고,화물,남,61세,상해없음
2016021200100234,2016년 2월 12일 12시,금요일,울산광역시 북구 송정동,중상사고,0,1,0,0,차대사람 - 횡단중,신호위반,건조,맑음,단일로 - 기타,화물,남,67세,상해없음,보행자,여,72세,중상
2016021200100260,2016년 2월 12일 13시,금요일,울산광역시 울주군 온양읍,경상사고,0,0,1,0,차대차 - 기타,교차로운행방법위반,건조,맑음,교차로 - 교차로안,이륜,남,14세,상해없음,승합,여,52세,상해없음
2016021200100325,2016년 2월 12일 16시,금요일,울산광역시 남구 달동,경상사고,0,0,1,0,차대사람 - 횡단중,보행자보호의무위반,건조,맑음,교차로 - 교차로안,승용,여,45세,상해없음,보행자,여,51세,경상
2016021200100392,2016년 2월 12일 18시,금요일,울산광역시 동구 일산동,중상사고,0,1,0,0,차대차 - 측면충돌,중앙선침범,습기,비,단일로 - 기타,승용,남,47세,상해없음,이륜,남,25세,중상
2016021200100520,2016년 2월 12일 21시,금요일,울산광역시 중구 남외동,중상사고,0,1,0,0,차대사람 - 횡단중,보행자보호의무위반,습기,비,단일로 - 기타,승용,남,54세,상해없음,보행자,여,47세,중상
2016021200100554,2016년 2월 12일 22시,금요일,울산광역시 북구 진장동,경상사고,0,0,2,0,차대차 - 정면충돌,신호위반,습기,비,교차로 - 교차로안,승용,남,50세,경상,승용,남,61세,경상
2016021200100555,2016년 2월 12일 22시,금요일,울산광역시 중구 태화동,중상사고,0,1,3,0,차대차 - 측면충돌,안전운전불이행,습기,비,단일로 - 기타,승용,여,43세,상해없음,승용,남,27세,상해없음
2016021200100586,2016년 2월 12일 23시,금요일,울산광역시 북구 염포동,경상사고,0,0,2,0,차대차 - 측면충돌,신호위반,습기,비,교차로 - 교차로안,승용,남,57세,상해없음,승용,남,55세,경상
2016021300100022,2016년 2월 13일 00시,토요일,울산광역시 남구 삼산동,중상사고,0,1,0,0,차대사람 - 기타,안전운전불이행,습기,비,교차로 - 교차로부근,승용,남,32세,상해없음,보행자,남,64세,중상
2016021300100023,2016년 2월 13일 00시,토요일,울산광역시 동구 방어동,경상사고,0,0,1,0,차대사람 - 횡단중,보행자보호의무위반,습기,비,단일로 - 횡단보도상,승용,남,32세,상해없음,보행자,여,26세,경상
2016021300100102,2016년 2월 13일 06시,토요일,울산광역시 중구 학성동,중상사고,0,1,0,0,차대사람 - 횡단중,안전운전불이행,습기,비,교차로 - 교차로안,승합,남,55세,상해없음,보행자,여,76세,중상
2016021300100103,2016년 2월 13일 06시,토요일,울산광역시 동구 일산동,중상사고,0,1,0,0,차대차 - 기타,교차로운행방법위반,습기,비,교차로 - 교차로부근,기타불명,기타불명,기타불명,기타불명,이륜,남,51세,중상
2016021300100116,2016년 2월 13일 07시,토요일,울산광역시 중구 우정동,중상사고,0,1,0,0,차대차 - 정면충돌,신호위반,건조,맑음,교차로 - 교차로안,승용,남,47세,상해없음,승용,남,66세,중상
2016021300100147,2016년 2월 13일 09시,토요일,울산광역시 남구 무거동,중상사고,0,4,0,0,차대차 - 측면충돌,안전운전불이행,건조,맑음,교차로 - 교차로안,승용,남,30세,상해없음,승용,여,61세,중상
2016021300100171,2016년 2월 13일 10시,토요일,울산광역시 남구 삼산동,중상사고,0,1,0,0,차대사람 - 횡단중,보행자보호의무위반,건조,맑음,교차로 - 교차로부근,승용,여,48세,상해없음,보행자,남,60세,중상
2016021300100172,2016년 2월 13일 10시,토요일,울산광역시 남구 여천동,경상사고,0,0,1,0,차대차 - 측면충돌,신호위반,건조,맑음,교차로 - 교차로안,화물,남,62세,상해없음,승용,남,57세,경상
2016021300100482,2016년 2월 13일 21시,토요일,울산광역시 중구 성안동,경상사고,0,0,1,0,차대사람 - 횡단중,안전운전불이행,습기,비,단일로 - 기타,승용,남,33세,상해없음,보행자,남,51세,경상
2016021300100505,2016년 2월 13일 22시,토요일,울산광역시 울주군 온산읍,경상사고,0,0,1,0,차대차 - 정면충돌,중앙선침범,건조,맑음,단일로 - 기타,승용,남,61세,상해없음,승용,남,49세,경상
2016021400100064,2016년 2월 14일 02시,일요일,울산광역시 중구 태화동,경상사고,0,0,1,0,차대차 - 측면충돌,신호위반,습기,비,교차로 - 교차로안,이륜,남,18세,상해없음,이륜,남,18세,경상
2016021400100132,2016년 2월 14일 10시,일요일,울산광역시 울주군 범서읍,경상사고,0,0,1,0,차대차 - 추돌,안전운전불이행,건조,맑음,단일로 - 기타,승용,남,76세,상해없음,승용,남,45세,경상
2016021400100164,2016년 2월 14일 13시,일요일,울산광역시 남구 달동,경상사고,0,0,2,0,차대차 - 측면충돌,신호위반,건조,흐림,교차로 - 교차로안,승용,여,44세,상해없음,승용,여,56세,경상
2016021500100046,2016년 2월 15일 06시,월요일,울산광역시 중구 동동,중상사고,0,1,0,0,차대사람 - 횡단중,안전운전불이행,건조,맑음,교차로 - 교차로부근,승용,남,41세,상해없음,보행자,남,66세,중상
2016021500100051,2016년 2월 15일 07시,월요일,울산광역시 울주군 온양읍,경상사고,0,0,1,0,차대차 - 추돌,안전운전불이행,건조,맑음,단일로 - 기타,승용,남,49세,상해없음,승용,남,58세,경상
2016021500100212,2016년 2월 15일 11시,월요일,울산광역시 동구 전하동,경상사고,0,0,1,0,차대차 - 기타,안전운전불이행,건조,맑음,교차로 - 교차로부근,승용,남,55세,상해없음,이륜,남,35세,경상
2016021500100261,2016년 2월 15일 13시,월요일,울산광역시 중구 반구동,중상사고,0,1,0,0,차대사람 - 횡단중,안전운전불이행,건조,맑음,교차로 - 교차로부근,승용,여,49세,상해없음,보행자,남,67세,중상
2016021500100332,2016년 2월 15일 15시,월요일,울산광역시 북구 산하동,경상사고,0,0,1,0,차대차 - 추돌,안전운전불이행,건조,맑음,기타 - 기타,기타불명,기타불명,기타불명,기타불명,승용,남,41세,경상
2016021500100487,2016년 2월 15일 19시,월요일,울산광역시 중구 태화동,중상사고,0,1,0,0,차대차 - 측면직각충돌,신호위반,건조,맑음,교차로 - 교차로안,승용,남,58세,상해없음,승용,여,37세,중상
2016021500100488,2016년 2월 15일 19시,월요일,울산광역시 울주군 삼남면,경상사고,0,0,1,0,차대차 - 측면충돌,신호위반,건조,맑음,교차로 - 교차로안,승용,남,56세,상해없음,승용,남,58세,경상
2016021500100489,2016년 2월 15일 19시,월요일,울산광역시 울주군 범서읍,부상신고사고,0,0,0,1,차대차 - 측면충돌,차로위반,건조,맑음,단일로 - 기타,승용,여,21세,부상신고,승용,여,55세,상해없음
2016021500100510,2016년 2월 15일 20시,월요일,울산광역시 남구 달동,중상사고,0,1,0,0,차대사람 - 횡단중,안전운전불이행,건조,맑음,교차로 - 교차로안,승용,남,47세,상해없음,보행자,여,24세,중상
2016021600100017,2016년 2월 16일 00시,화요일,울산광역시 남구 신정동,중상사고,0,1,0,0,차대사람 - 기타,안전운전불이행,건조,맑음,단일로 - 기타,승용,여,27세,상해없음,보행자,여,76세,중상
2016021600100026,2016년 2월 16일 01시,화요일,울산광역시 남구 야음동,경상사고,0,0,1,0,차대사람 - 횡단중,안전운전불이행,건조,맑음,교차로 - 교차로안,승용,여,51세,상해없음,보행자,남,30세,경상
2016021600100027,2016년 2월 16일 01시,화요일,울산광역시 남구 달동,경상사고,0,0,1,0,차대차 - 추돌,안전운전불이행,건조,맑음,기타 - 기타,승용,남,52세,상해없음,승용,남,33세,경상
2016021600100040,2016년 2월 16일 02시,화요일,울산광역시 중구 남외동,중상사고,0,1,0,0,차대차 - 정면충돌,신호위반,건조,맑음,교차로 - 교차로안,이륜,남,18세,중상,승용,남,63세,상해없음
2016021600100083,2016년 2월 16일 06시,화요일,울산광역시 남구 무거동,중상사고,0,1,0,0,차대사람 - 횡단중,신호위반,건조,맑음,교차로 - 교차로부근,승용,남,61세,상해없음,보행자,여,59세,중상
2016021600100084,2016년 2월 16일 06시,화요일,울산광역시 울주군 범서읍,경상사고,0,0,3,0,차대차 - 정면충돌,신호위반,건조,맑음,교차로 - 교차로안,승용,남,35세,상해없음,승용,남,55세,경상
2016021600100119,2016년 2월 16일 08시,화요일,울산광역시 울주군 두서면,경상사고,0,0,1,0,차대차 - 기타,기타,건조,맑음,단일로 - 기타,기타불명,기타불명,기타불명,기타불명,승용,남,50세,경상
2016021600100154,2016년 2월 16일 08시,화요일,울산광역시 울주군 삼남면,경상사고,0,0,2,0,차대차 - 측면충돌,교차로운행방법위반,건조,맑음,교차로 - 교차로안,승합,여,48세,경상,승용,남,51세,경상
2016021600100155,2016년 2월 16일 08시,화요일,울산광역시 울주군 청량면,경상사고,0,0,1,0,차대차 - 추돌,안전운전불이행,건조,맑음,단일로 - 기타,특수,남,65세,상해없음,승용,남,56세,경상
2016021600100205,2016년 2월 16일 10시,화요일,울산광역시 중구 학산동,중상사고,0,1,2,0,차대차 - 추돌,차로위반,건조,맑음,단일로 - 기타,화물,남,52세,상해없음,이륜,남,16세,경상
2016021600100240,2016년 2월 16일 11시,화요일,울산광역시 울주군 언양읍,중상사고,0,1,0,0,차대사람 - 기타,안전운전불이행,건조,맑음,단일로 - 기타,승합,남,47세,상해없음,보행자,여,43세,중상
2016021600100284,2016년 2월 16일 12시,화요일,울산광역시 중구 태화동,중상사고,0,1,0,0,차대차 - 측면충돌,교차로운행방법위반,건조,맑음,교차로 - 교차로안,승용,남,51세,상해없음,자전거,여,72세,중상
2016021600100285,2016년 2월 16일 12시,화요일,울산광역시 남구 신정동,경상사고,0,0,1,0,차대차 - 측면직각충돌,안전운전불이행,기타,맑음,교차로 - 교차로부근,승용,여,35세,상해없음,이륜,남,43세,경상
2016021600100348,2016년 2월 16일 14시,화요일,울산광역시 울주군 온양읍,경상사고,0,0,1,0,차대차 - 측면충돌,교차로운행방법위반,건조,맑음,교차로 - 교차로안,화물,남,63세,상해없음,승용,여,58세,경상
2016021600100380,2016년 2월 16일 15시,화요일,울산광역시 중구 반구동,경상사고,0,0,1,0,차대차 - 추돌,안전운전불이행,건조,맑음,단일로 - 기타,승용,남,59세,상해없음,승용,남,53세,경상
2016021600100401,2016년 2월 16일 16시,화요일,울산광역시 중구 옥교동,부상신고사고,0,0,0,1,차대차 - 측면직각충돌,교차로운행방법위반,건조,맑음,교차로 - 교차로안,이륜,남,68세,부상신고,승용,남,60세,기타불명
2016021600100480,2016년 2월 16일 18시,화요일,울산광역시 동구 화정동,중상사고,0,1,0,0,차대차 - 기타,안전운전불이행,건조,맑음,단일로 - 기타,화물,남,42세,상해없음,이륜,남,56세,중상
2016021600100543,2016년 2월 16일 20시,화요일,울산광역시 동구 일산동,경상사고,0,0,2,0,차대차 - 측면직각충돌,신호위반,건조,맑음,교차로 - 교차로안,승용,남,67세,상해없음,승용,남,27세,경상
2016021600100569,2016년 2월 16일 21시,화요일,울산광역시 북구 천곡동,중상사고,0,1,0,0,차대사람 - 횡단중,보행자보호의무위반,건조,맑음,단일로 - 횡단보도상,승용,남,47세,상해없음,보행자,남,46세,중상
2016021600100599,2016년 2월 16일 22시,화요일,울산광역시 울주군 온양읍,중상사고,0,1,0,0,차대차 - 정면충돌,중앙선침범,건조,맑음,단일로 - 기타,승용,남,53세,상해없음,이륜,남,60세,중상
2016021600100627,2016년 2월 16일 23시,화요일,울산광역시 남구 신정동,경상사고,0,0,3,0,차대차 - 추돌,안전운전불이행,건조,맑음,교차로 - 교차로부근,승용,남,32세,상해없음,승용,남,26세,경상
2016021700100029,2016년 2월 17일 01시,수요일,울산광역시 울주군 서생면,경상사고,0,0,1,0,차대차 - 측면충돌,안전운전불이행,건조,맑음,단일로 - 기타,기타불명,기타불명,기타불명,기타불명,화물,남,41세,경상
2016021700100047,2016년 2월 17일 03시,수요일,울산광역시 남구 신정동,경상사고,0,0,1,0,차대차 - 추돌,안전운전불이행,건조,맑음,단일로 - 기타,승용,남,54세,상해없음,승용,남,67세,경상
2016021700100121,2016년 2월 17일 08시,수요일,울산광역시 울주군 언양읍,경상사고,0,0,2,0,차대차 - 기타,안전운전불이행,건조,맑음,단일로 - 기타,기타불명,기타불명,기타불명,기타불명,승용,남,22세,경상
2016021700100161,2016년 2월 17일 08시,수요일,울산광역시 울주군 언양읍,중상사고,0,1,0,0,차대차 - 측면직각충돌,교차로운행방법위반,건조,맑음,교차로 - 교차로안,승용,남,29세,상해없음,자전거,남,75세,중상
2016021700100226,2016년 2월 17일 10시,수요일,울산광역시 북구 연암동,경상사고,0,0,1,0,차대사람 - 횡단중,보행자보호의무위반,건조,맑음,교차로 - 교차로안,승용,여,30세,상해없음,보행자,남,42세,경상
2016021700100227,2016년 2월 17일 10시,수요일,울산광역시 남구 신정동,경상사고,0,0,1,0,차대사람 - 기타,안전운전불이행,건조,맑음,단일로 - 기타,승용,남,53세,상해없음,보행자,여,53세,경상
2016021700100263,2016년 2월 17일 11시,수요일,울산광역시 남구 신정동,경상사고,0,0,1,0,차대차 - 측면충돌,안전운전불이행,건조,맑음,교차로 - 교차로부근,승용,남,61세,상해없음,승용,여,62세,경상
2016021700100427,2016년 2월 17일 16시,수요일,울산광역시 중구 남외동,경상사고,0,0,1,0,차대차 - 기타,안전거리미확보,건조,맑음,단일로 - 기타,승용,남,50세,상해없음,화물,남,45세,경상
2016021700100508,2016년 2월 17일 18시,수요일,울산광역시 북구 연암동,경상사고,0,0,1,0,차대차 - 측면충돌,교차로운행방법위반,건조,맑음,교차로 - 교차로안,화물,남,72세,상해없음,승용,남,32세,경상
2016021700100509,2016년 2월 17일 18시,수요일,울산광역시 남구 선암동,중상사고,0,1,0,0,차대사람 - 횡단중,안전운전불이행,건조,맑음,교차로 - 교차로부근,화물,남,59세,상해없음,보행자,남,15세,중상
2016021700100510,2016년 2월 17일 18시,수요일,울산광역시 동구 방어동,중상사고,0,1,0,0,차대사람 - 횡단중,안전운전불이행,건조,맑음,교차로 - 교차로부근,승용,남,33세,상해없음,보행자,남,83세,중상
2016021700100548,2016년 2월 17일 19시,수요일,울산광역시 동구 방어동,중상사고,0,1,0,0,차대차 - 정면충돌,신호위반,건조,맑음,교차로 - 교차로안,승용,여,28세,상해없음,이륜,남,17세,중상
2016021700100579,2016년 2월 17일 20시,수요일,울산광역시 북구 중산동,경상사고,0,0,2,0,차대차 - 측면직각충돌,교차로운행방법위반,건조,맑음,교차로 - 교차로안,승용,남,42세,상해없음,승용,여,46세,경상
2016021700100612,2016년 2월 17일 21시,수요일,울산광역시 북구 신천동,중상사고,0,1,0,0,차대차 - 측면충돌,안전거리미확보,건조,맑음,단일로 - 기타,승용,남,49세,상해없음,이륜,남,47세,중상
2016021700100636,2016년 2월 17일 22시,수요일,울산광역시 북구 진장동,경상사고,0,0,1,1,차대차 - 측면충돌,안전거리미확보,건조,맑음,교차로 - 교차로부근,승용,남,52세,부상신고,승용,남,63세,경상
2016021700100637,2016년 2월 17일 22시,수요일,울산광역시 북구 양정동,사망사고,1,1,0,0,차대차 - 추돌,안전운전불이행,건조,흐림,단일로 - 기타,화물,남,19세,사망,화물,남,60세,중상
2016021700100664,2016년 2월 17일 23시,수요일,울산광역시 중구 약사동,경상사고,0,0,2,0,차대차 - 정면충돌,안전운전불이행,건조,맑음,교차로 - 교차로부근,승용,남,35세,상해없음,화물,여,54세,경상
2016021700100665,2016년 2월 17일 23시,수요일,울산광역시 동구 화정동,중상사고,0,1,1,0,차대차 - 추돌,안전운전불이행,건조,맑음,교차로 - 교차로부근,승용,남,33세,상해없음,승용,남,62세,중상
2016021800100033,2016년 2월 18일 01시,목요일,울산광역시 동구 방어동,경상사고,0,0,1,0,차대차 - 추돌,안전운전불이행,건조,맑음,단일로 - 기타,기타불명,기타불명,기타불명,기타불명,자전거,남,51세,경상
2016021800100054,2016년 2월 18일 03시,목요일,울산광역시 남구 삼산동,중상사고,0,1,0,0,차대차 - 측면충돌,신호위반,기타,기타,교차로 - 교차로안,승용,여,50세,상해없음,승용,남,44세,중상
2016021800100055,2016년 2월 18일 03시,목요일,울산광역시 울주군 웅촌면,경상사고,0,0,1,0,차량단독 - 전도전복,안전운전불이행,건조,맑음,단일로 - 기타,승용,여,22세,경상,,,,
2016021800100075,2016년 2월 18일 05시,목요일,울산광역시 중구 남외동,중상사고,0,1,0,0,차대차 - 측면충돌,신호위반,건조,맑음,교차로 - 교차로안,승용,남,60세,상해없음,자전거,남,42세,중상
2016021800100076,2016년 2월 18일 05시,목요일,울산광역시 울주군 서생면,경상사고,0,0,1,0,차량단독 - 전도전복,안전운전불이행,건조,맑음,단일로 - 기타,승용,남,52세,경상,,,,
2016021800100097,2016년 2월 18일 06시,목요일,울산광역시 남구 무거동,경상사고,0,0,1,0,차대차 - 측면충돌,안전운전불이행,건조,맑음,단일로 - 기타,승용,남,51세,상해없음,승용,남,40세,경상
2016021800100200,2016년 2월 18일 10시,목요일,울산광역시 북구 진장동,경상사고,0,0,3,0,차대차 - 기타,안전거리미확보,건조,맑음,단일로 - 기타,승용,남,68세,상해없음,승용,여,42세,경상
2016021800100201,2016년 2월 18일 10시,목요일,울산광역시 남구 선암동,경상사고,0,0,1,0,차대차 - 추돌,안전운전불이행,건조,맑음,교차로 - 교차로부근,화물,남,41세,기타불명,승용,여,57세,경상
2016021800100336,2016년 2월 18일 15시,목요일,울산광역시 남구 신정동,중상사고,0,1,1,0,차대차 - 기타,안전운전불이행,건조,맑음,단일로 - 기타,이륜,남,55세,중상,화물,여,54세,상해없음
2016021800100399,2016년 2월 18일 17시,목요일,울산광역시 남구 부곡동,경상사고,0,0,1,0,차대차 - 기타,안전운전불이행,건조,맑음,교차로 - 교차로부근,승용,남,60세,상해없음,승용,남,35세,경상
2016021800100400,2016년 2월 18일 17시,목요일,울산광역시 울주군 온산읍,중상사고,0,1,0,0,차대차 - 측면충돌,중앙선침범,건조,맑음,단일로 - 기타,승용,남,41세,상해없음,이륜,남,36세,중상
2016021800100426,2016년 2월 18일 18시,목요일,울산광역시 중구 남외동,경상사고,0,0,1,0,차대차 - 측면충돌,안전거리미확보,건조,맑음,단일로 - 기타,승용,남,44세,상해없음,이륜,남,22세,경상
2016021800100475,2016년 2월 18일 19시,목요일,울산광역시 중구 옥교동,경상사고,0,0,1,0,차대차 - 측면직각충돌,신호위반,건조,맑음,단일로 - 기타,승용,여,55세,상해없음,승용,남,26세,경상
2016021800100476,2016년 2월 18일 19시,목요일,울산광역시 남구 신정동,경상사고,0,0,1,0,차대차 - 측면충돌,안전운전불이행,건조,맑음,단일로 - 기타,이륜,남,20세,경상,승용,남,28세,상해없음
2016021800100538,2016년 2월 18일 21시,목요일,울산광역시 북구 연암동,부상신고사고,0,0,0,1,차대차 - 추돌,안전거리미확보,건조,맑음,미분류 - 미분류,이륜,남,29세,부상신고,승용,여,58세,상해없음
2016021800100599,2016년 2월 18일 23시,목요일,울산광역시 북구 연암동,부상신고사고,0,0,0,1,차량단독 - 전도전복,안전운전불이행,건조,맑음,단일로 - 기타,승용,남,22세,부상신고,,,,
2016021900100073,2016년 2월 19일 05시,금요일,울산광역시 울주군 온양읍,중상사고,0,1,0,0,차대차 - 정면충돌,안전운전불이행,건조,맑음,단일로 - 기타,화물,남,56세,상해없음,승용,남,56세,중상
2016021900100105,2016년 2월 19일 06시,금요일,울산광역시 중구 다운동,중상사고,0,1,0,0,차대사람 - 횡단중,보행자보호의무위반,건조,맑음,단일로 - 횡단보도상,승합,남,59세,상해없음,보행자,여,62세,중상
2016021900100120,2016년 2월 19일 07시,금요일,울산광역시 북구 양정동,경상사고,0,0,1,0,차대차 - 정면충돌,안전운전불이행,건조,맑음,단일로 - 기타,승용,남,34세,상해없음,승용,남,43세,경상
2016021900100150,2016년 2월 19일 08시,금요일,울산광역시 북구 연암동,중상사고,0,1,0,0,차대사람 - 횡단중,안전운전불이행,건조,맑음,단일로 - 기타,승합,남,71세,상해없음,보행자,남,32세,중상
2016021900100297,2016년 2월 19일 14시,금요일,울산광역시 북구 상안동,중상사고,0,1,0,0,차대차 - 측면직각충돌,안전거리미확보,건조,맑음,단일로 - 기타,자전거,남,60세,중상,승용,남,45세,상해없음
2016021900100387,2016년 2월 19일 17시,금요일,울산광역시 중구 반구동,경상사고,0,0,1,0,차대차 - 측면직각충돌,안전운전불이행,건조,흐림,단일로 - 기타,원동기,남,20세,경상,승용,여,67세,상해없음
2016021900100388,2016년 2월 19일 17시,금요일,울산광역시 남구 무거동,경상사고,0,0,1,0,차대차 - 추돌,안전운전불이행,건조,맑음,단일로 - 기타,승용,남,60세,기타불명,승용,남,43세,경상
2016021900100389,2016년 2월 19일 17시,금요일,울산광역시 울주군 온산읍,중상사고,0,1,0,0,차대사람 - 기타,안전운전불이행,건조,맑음,단일로 - 기타,승용,여,45세,상해없음,보행자,남,8세,중상
2016021900100390,2016년 2월 19일 17시,금요일,울산광역시 울주군 온산읍,경상사고,0,0,1,0,차대차 - 측면충돌,교차로운행방법위반,건조,맑음,교차로 - 교차로안,기타불명,기타불명,기타불명,기타불명,승용,여,36세,경상
2016021900100436,2016년 2월 19일 18시,금요일,울산광역시 북구 신천동,경상사고,0,0,2,4,차대차 - 추돌,안전거리미확보,건조,맑음,교차로 - 교차로부근,승용,여,50세,부상신고,승용,남,31세,경상
2016021900100437,2016년 2월 19일 18시,금요일,울산광역시 동구 일산동,중상사고,0,1,0,0,차대차 - 정면충돌,신호위반,건조,맑음,교차로 - 교차로안,승용,남,75세,상해없음,이륜,남,44세,중상
2016021900100571,2016년 2월 19일 23시,금요일,울산광역시 남구 달동,경상사고,0,0,1,0,차대차 - 측면충돌,안전운전불이행,건조,맑음,단일로 - 기타,승용,남,53세,상해없음,승용,남,24세,경상
2016022000100021,2016년 2월 20일 00시,토요일,울산광역시 중구 반구동,중상사고,0,1,0,0,차대차 - 측면직각충돌,직진우회전진행방해,건조,맑음,교차로 - 교차로안,승용,남,64세,상해없음,자전거,여,26세,중상
2016022000100022,2016년 2월 20일 00시,토요일,울산광역시 중구 학성동,경상사고,0,0,1,0,차대차 - 추돌,안전거리미확보,건조,맑음,단일로 - 기타,승용,남,34세,상해없음,승용,남,47세,경상
2016022000100047,2016년 2월 20일 01시,토요일,울산광역시 남구 삼산동,중상사고,0,1,0,0,차대차 - 측면충돌,신호위반,건조,맑음,교차로 - 교차로안,승용,남,22세,상해없음,승용,남,54세,중상
2016022000100145,2016년 2월 20일 07시,토요일,울산광역시 울주군 온산읍,중상사고,0,1,0,1,차대차 - 측면직각충돌,교차로운행방법위반,습기,비,교차로 - 교차로안,승용,남,34세,상해없음,승용,남,57세,부상신고
2016022000100376,2016년 2월 20일 15시,토요일,울산광역시 중구 복산동,경상사고,0,0,5,1,차대차 - 추돌,안전거리미확보,건조,맑음,단일로 - 기타,승용,남,33세,부상신고,승합,남,28세,경상
2016022000100476,2016년 2월 20일 18시,토요일,울산광역시 남구 삼산동,중상사고,0,1,0,0,차대차 - 측면충돌,신호위반,건조,맑음,교차로 - 교차로안,승용,남,43세,상해없음,이륜,남,32세,중상
2016022000100477,2016년 2월 20일 18시,토요일,울산광역시 동구 방어동,경상사고,0,0,1,0,차대차 - 측면직각충돌,중앙선침범,건조,맑음,교차로 - 교차로부근,승용,여,68세,상해없음,이륜,남,16세,경상
2016022000100478,2016년 2월 20일 18시,토요일,울산광역시 울주군 청량면,중상사고,0,1,0,0,차대사람 - 횡단중,안전운전불이행,건조,맑음,교차로 - 교차로안,승용,남,46세,상해없음,보행자,남,53세,중상