사고번호,사고일시,요일,시군구,사고내용,사망자수,중상자수,경상자수,부상신고자수,사고유형,법규위반,노면상태,기상상태,도로형태,가해운전자 차종,가해운전자 성별,가해운전자 연령,가해운전자 상해정도,피해운전자 차종,피해운전자 성별,피해운전자 연령,피해운전자 상해정도
2016022000100518,2016년 2월 20일 19시,토요일,울산광역시 중구 북정동,경상사고,0,0,2,0,차대차 - 추돌,안전운전불이행,건조,맑음,단일로 - 기타,승용,남,43세,상해없음,승용,남,58세,경상
2016022000100519,2016년 2월 20일 19시,토요일,울산광역시 북구 상안동,중상사고,0,1,0,0,차대차 - 측면충돌,안전거리미확보,건조,맑음,단일로 - 기타,승용,남,22세,상해없음,이륜,남,18세,중상
2016022000100520,2016년 2월 20일 19시,토요일,울산광역시 남구 달동,경상사고,0,0,1,0,차대차 - 측면충돌,안전운전불이행,건조,맑음,교차로 - 교차로안,승용,남,61세,상해없음,이륜,남,27세,경상
2016022000100521,2016년 2월 20일 19시,토요일,울산광역시 남구 신정동,경상사고,0,0,1,0,차대차 - 측면충돌,중앙선침범,건조,맑음,교차로 - 교차로부근,승용,남,58세,상해없음,이륜,남,23세,경상
2016022000100522,2016년 2월 20일 19시,토요일,울산광역시 울주군 온산읍,부상신고사고,0,0,0,1,차대사람 - 횡단중,안전운전불이행,건조,맑음,교차로 - 교차로부근,승용,여,23세,상해없음,보행자,남,56세,부상신고
2016022000100549,2016년 2월 20일 20시,토요일,울산광역시 남구 신정동,중상사고,0,1,0,0,차대사람 - 기타,안전운전불이행,건조,맑음,단일로 - 기타,승용,남,49세,상해없음,보행자,남,37세,중상
2016022000100595,2016년 2월 20일 22시,토요일,울산광역시 중구 약사동,경상사고,0,0,1,0,차대차 - 측면직각충돌,안전운전불이행,건조,맑음,단일로 - 기타,화물,남,50세,상해없음,승용,남,46세,경상
2016022000100596,2016년 2월 20일 22시,토요일,울산광역시 울주군 청량면,경상사고,0,0,1,0,차대사람 - 횡단중,안전운전불이행,건조,맑음,단일로 - 기타,이륜,남,17세,상해없음,보행자,남,24세,경상
2016022100100035,2016년 2월 21일 01시,일요일,울산광역시 남구 삼산동,경상사고,0,0,1,0,차대차 - 추돌,안전운전불이행,건조,맑음,교차로 - 교차로부근,승용,남,32세,상해없음,승용,남,56세,경상
2016022100100060,2016년 2월 21일 03시,일요일,울산광역시 동구 동부동,중상사고,0,1,0,0,차량단독 - 전도전복,안전운전불이행,건조,맑음,교차로 - 교차로안,이륜,남,16세,상해없음,,,,
2016022100100114,2016년 2월 21일 09시,일요일,울산광역시 중구 반구동,경상사고,0,0,1,0,차대차 - 측면충돌,안전운전불이행,건조,맑음,단일로 - 횡단보도상,승용,남,61세,상해없음,자전거,남,65세,경상
2016022100100163,2016년 2월 21일 11시,일요일,울산광역시 남구 야음동,경상사고,0,0,2,0,차대차 - 측면직각충돌,신호위반,건조,맑음,교차로 - 교차로안,승용,남,66세,상해없음,승용,남,28세,경상
2016022100100210,2016년 2월 21일 13시,일요일,울산광역시 중구 남외동,중상사고,0,1,0,0,차대차 - 추돌,안전운전불이행,건조,맑음,교차로 - 교차로부근,승용,남,26세,상해없음,승용,여,35세,중상
2016022100100211,2016년 2월 21일 13시,일요일,울산광역시 북구 중산동,경상사고,0,0,2,0,차대차 - 측면직각충돌,안전운전불이행,건조,맑음,단일로 - 기타,승용,남,54세,상해없음,화물,남,62세,상해없음
2016022100100233,2016년 2월 21일 14시,일요일,울산광역시 북구 신천동,경상사고,0,0,1,0,차대차 - 측면직각충돌,교차로운행방법위반,건조,맑음,교차로 - 교차로안,건설기계,남,51세,상해없음,승용,여,48세,경상
2016022100100234,2016년 2월 21일 14시,일요일,울산광역시 북구 정자동,경상사고,0,0,1,0,차대차 - 기타,안전운전불이행,건조,맑음,단일로 - 기타,승용,남,77세,상해없음,승용,여,25세,경상
2016022100100287,2016년 2월 21일 16시,일요일,울산광역시 북구 화봉동,경상사고,0,0,2,0,차대차 - 측면직각충돌,신호위반,건조,맑음,교차로 - 교차로안,승용,여,41세,상해없음,승합,여,49세,경상
2016022100100315,2016년 2월 21일 17시,일요일,울산광역시 울주군 서생면,경상사고,0,0,1,0,차대차 - 측면직각충돌,안전운전불이행,건조,맑음,단일로 - 기타,승용,여,40세,상해없음,승용,여,70세,경상
2016022200100038,2016년 2월 22일 05시,월요일,울산광역시 남구 삼산동,중상사고,0,1,0,0,차량단독 - 전도전복,안전운전불이행,건조,맑음,단일로 - 기타,이륜,남,26세,중상,,,,
2016022200100056,2016년 2월 22일 06시,월요일,울산광역시 남구 삼산동,부상신고사고,0,0,0,2,차대사람 - 횡단중,안전운전불이행,건조,맑음,단일로 - 기타,승용,남,70세,부상신고,보행자,여,74세,부상신고
2016022200100124,2016년 2월 22일 09시,월요일,울산광역시 울주군 범서읍,경상사고,0,0,1,0,차대차 - 측면충돌,교차로운행방법위반,건조,맑음,교차로 - 교차로안,승용,여,59세,상해없음,승용,여,46세,경상
2016022200100145,2016년 2월 22일 10시,월요일,울산광역시 북구 호계동,경상사고,0,0,1,0,차대차 - 측면충돌,교차로운행방법위반,건조,맑음,교차로 - 교차로안,승용,남,30세,상해없음,승용,남,52세,상해없음
2016022200100184,2016년 2월 22일 12시,월요일,울산광역시 중구 약사동,부상신고사고,0,0,0,1,차대차 - 기타,직진우회전진행방해,건조,맑음,교차로 - 교차로안,이륜,남,57세,부상신고,승용,여,45세,상해없음
2016022200100205,2016년 2월 22일 13시,월요일,울산광역시 울주군 서생면,경상사고,0,0,2,0,차량단독 - 전도전복,안전운전불이행,건조,맑음,기타 - 기타,화물,남,44세,경상,,,,
2016022200100233,2016년 2월 22일 14시,월요일,울산광역시 북구 진장동,경상사고,0,0,1,0,차대사람 - 횡단중,보행자보호의무위반,건조,맑음,단일로 - 기타,승용,남,45세,상해없음,보행자,남,14세,경상
2016022200100256,2016년 2월 22일 15시,월요일,울산광역시 중구 다운동,경상사고,0,0,1,0,차대사람 - 기타,안전운전불이행,건조,맑음,단일로 - 기타,승용,여,59세,상해없음,보행자,남,57세,경상
2016022200100257,2016년 2월 22일 15시,월요일,울산광역시 남구 달동,경상사고,0,0,1,0,차대차 - 추돌,안전거리미확보,건조,맑음,교차로 - 교차로부근,화물,남,28세,상해없음,승용,남,43세,경상
2016022200100278,2016년 2월 22일 16시,월요일,울산광역시 남구 신정동,경상사고,0,0,1,0,차대차 - 측면충돌,차로위반,건조,흐림,교차로 - 교차로안,기타불명,기타불명,기타불명,기타불명,승용,남,25세,경상
2016022200100279,2016년 2월 22일 16시,월요일,울산광역시 울주군 언양읍,중상사고,0,1,0,0,차대사람 - 횡단중,보행자보호의무위반,건조,맑음,교차로 - 교차로부근,승용,여,43세,상해없음,보행자,여,8세,중상
2016022200100303,2016년 2월 22일 17시,월요일,울산광역시 중구 성안동,중상사고,0,1,0,0,차대차 - 측면충돌,교차로운행방법위반,건조,맑음,교차로 - 교차로안,승용,남,61세,상해없음,자전거,남,14세,중상
2016022200100342,2016년 2월 22일 18시,월요일,울산광역시 북구 달천동,경상사고,0,0,1,0,차대사람 - 횡단중,안전운전불이행,건조,맑음,단일로 - 기타,승용,여,32세,상해없음,보행자,남,6세,경상
2016022200100343,2016년 2월 22일 18시,월요일,울산광역시 중구 복산동,경상사고,0,0,1,0,차대차 - 측면충돌,직진우회전진행방해,건조,맑음,교차로 - 교차로안,이륜,남,35세,경상,이륜,남,24세,상해없음
2016022200100344,2016년 2월 22일 18시,월요일,울산광역시 남구 달동,중상사고,0,1,0,0,차대사람 - 횡단중,안전운전불이행,건조,맑음,단일로 - 기타,승용,남,48세,상해없음,보행자,여,74세,중상
2016022200100345,2016년 2월 22일 18시,월요일,울산광역시 울주군 범서읍,사망사고,1,0,0,0,차대사람 - 횡단중,안전운전불이행,건조,맑음,단일로 - 기타,승용,남,45세,상해없음,보행자,여,78세,사망
2016022200100440,2016년 2월 22일 22시,월요일,울산광역시 중구 태화동,부상신고사고,0,0,0,1,차량단독 - 전도전복,안전운전불이행,건조,맑음,단일로 - 기타,승용,여,43세,부상신고,,,,
2016022300100075,2016년 2월 23일 06시,화요일,울산광역시 북구 진장동,경상사고,0,0,1,0,차대차 - 측면충돌,안전거리미확보,건조,맑음,교차로 - 교차로안,기타불명,기타불명,기타불명,기타불명,승용,여,33세,경상
2016022300100148,2016년 2월 23일 09시,화요일,울산광역시 남구 신정동,경상사고,0,0,1,1,차대차 - 추돌,안전운전불이행,건조,맑음,기타 - 기타,승용,여,32세,부상신고,화물,남,44세,경상
2016022300100149,2016년 2월 23일 09시,화요일,울산광역시 울주군 웅촌면,경상사고,0,0,1,0,차대차 - 추돌,안전운전불이행,건조,맑음,단일로 - 기타,승용,남,56세,상해없음,화물,남,44세,경상
2016022300100229,2016년 2월 23일 12시,화요일,울산광역시 중구 우정동,중상사고,0,1,0,0,차대차 - 측면충돌,신호위반,건조,맑음,교차로 - 교차로안,승용,남,29세,상해없음,승용,남,50세,중상
2016022300100461,2016년 2월 23일 20시,화요일,울산광역시 남구 신정동,중상사고,0,1,0,0,차대사람 - 보도통행중,기타,건조,맑음,단일로 - 기타,승합,여,53세,상해없음,보행자,여,56세,중상
2016022300100462,2016년 2월 23일 20시,화요일,울산광역시 남구 신정동,중상사고,0,1,1,0,차대차 - 측면충돌,안전거리미확보,건조,맑음,단일로 - 기타,승용,남,36세,기타불명,이륜,남,43세,중상
2016022300100487,2016년 2월 23일 21시,화요일,울산광역시 중구 남외동,경상사고,0,0,1,0,차대차 - 측면직각충돌,안전운전불이행,건조,맑음,교차로 - 교차로안,기타불명,기타불명,기타불명,기타불명,자전거,남,60세,경상
2016022300100505,2016년 2월 23일 22시,화요일,울산광역시 울주군 온산읍,중상사고,0,1,0,0,차대차 - 측면충돌,교차로운행방법위반,건조,맑음,교차로 - 교차로안,승용,여,39세,상해없음,승용,남,18세,중상
2016022400100073,2016년 2월 24일 06시,수요일,울산광역시 동구 화정동,중상사고,0,1,0,0,차대차 - 측면직각충돌,중앙선침범,건조,맑음,단일로 - 기타,승용,여,64세,상해없음,이륜,남,48세,중상
2016022400100093,2016년 2월 24일 07시,수요일,울산광역시 동구 서부동,경상사고,0,0,1,0,차대차 - 측면직각충돌,안전거리미확보,건조,맑음,단일로 - 기타,승합,남,45세,상해없음,승용,남,28세,경상
2016022400100120,2016년 2월 24일 08시,수요일,울산광역시 북구 화봉동,중상사고,0,1,1,0,차대차 - 추돌,안전운전불이행,건조,흐림,단일로 - 기타,승용,남,54세,상해없음,화물,남,33세,중상
2016022400100157,2016년 2월 24일 09시,수요일,울산광역시 북구 화봉동,중상사고,0,1,0,0,차대차 - 추돌,안전운전불이행,건조,맑음,교차로 - 교차로안,기타불명,기타불명,기타불명,기타불명,승용,남,43세,상해없음
2016022400100242,2016년 2월 24일 12시,수요일,울산광역시 동구 화정동,경상사고,0,0,1,0,차대차 - 측면충돌,안전운전불이행,건조,맑음,교차로 - 교차로부근,승용,남,75세,상해없음,이륜,남,27세,경상
2016022400100270,2016년 2월 24일 13시,수요일,울산광역시 남구 야음동,경상사고,0,0,2,0,차대차 - 측면충돌,신호위반,건조,맑음,교차로 - 교차로안,승용,남,60세,경상,승용,남,60세,경상
2016022400100304,2016년 2월 24일 14시,수요일,울산광역시 북구 명촌동,경상사고,0,0,1,0,차대차 - 측면충돌,신호위반,건조,맑음,교차로 - 교차로안,승용,남,69세,상해없음,이륜,남,31세,경상
2016022400100332,2016년 2월 24일 15시,수요일,울산광역시 남구 삼산동,중상사고,0,2,2,0,차대차 - 측면충돌,중앙선침범,건조,맑음,단일로 - 기타,승용,남,54세,중상,승용,남,39세,중상
2016022400100407,2016년 2월 24일 17시,수요일,울산광역시 남구 옥동,중상사고,0,1,0,0,차대사람 - 횡단중,안전운전불이행,건조,맑음,교차로 - 교차로부근,승용,여,65세,상해없음,보행자,여,66세,중상
2016022400100437,2016년 2월 24일 18시,수요일,울산광역시 남구 신정동,경상사고,0,0,4,0,차대차 - 측면충돌,신호위반,건조,맑음,교차로 - 교차로안,승용,여,49세,상해없음,승용,남,58세,경상
2016022400100438,2016년 2월 24일 18시,수요일,울산광역시 남구 삼산동,경상사고,0,0,1,0,차대차 - 측면직각충돌,안전운전불이행,건조,맑음,교차로 - 교차로안,승용,남,54세,상해없음,승용,남,37세,경상
2016022400100439,2016년 2월 24일 18시,수요일,울산광역시 동구 화정동,중상사고,0,1,0,0,차대사람 - 횡단중,신호위반,건조,맑음,단일로 - 횡단보도상,승합,남,51세,상해없음,보행자,남,17세,중상
2016022400100440,2016년 2월 24일 18시,수요일,울산광역시 울주군 삼남면,중상사고,0,1,0,0,차대사람 - 횡단중,보행자보호의무위반,건조,맑음,교차로 - 교차로부근,승용,남,35세,상해없음,보행자,남,26세,중상
2016022500100020,2016년 2월 25일 00시,목요일,울산광역시 북구 신천동,경상사고,0,0,1,0,차대사람 - 횡단중,안전운전불이행,건조,맑음,교차로 - 교차로안,승용,남,26세,상해없음,보행자,남,49세,경상
2016022500100101,2016년 2월 25일 07시,목요일,울산광역시 동구 화정동,경상사고,0,0,1,0,차대차 - 측면충돌,안전운전불이행,건조,맑음,단일로 - 기타,이륜,남,29세,상해없음,이륜,남,48세,경상
2016022500100102,2016년 2월 25일 07시,목요일,울산광역시 동구 방어동,경상사고,0,0,1,0,차대차 - 측면직각충돌,신호위반,건조,맑음,교차로 - 교차로안,원동기,남,44세,상해없음,원동기,남,26세,경상
2016022500100165,2016년 2월 25일 09시,목요일,울산광역시 중구 반구동,경상사고,0,0,2,1,차대차 - 측면충돌,안전운전불이행,건조,맑음,단일로 - 기타,승용,여,46세,경상,승용,여,39세,경상
2016022500100188,2016년 2월 25일 10시,목요일,울산광역시 북구 호계동,중상사고,0,1,0,0,차대차 - 측면충돌,교차로운행방법위반,건조,맑음,교차로 - 교차로안,이륜,남,65세,중상,승용,남,54세,상해없음
2016022500100378,2016년 2월 25일 16시,목요일,울산광역시 중구 우정동,중상사고,0,1,0,0,차대사람 - 횡단중,중앙선침범,건조,맑음,단일로 - 기타,화물,남,52세,상해없음,보행자,여,60세,중상
2016022500100379,2016년 2월 25일 16시,목요일,울산광역시 동구 전하동,중상사고,0,1,0,0,차대차 - 측면직각충돌,안전운전불이행,건조,맑음,단일로 - 기타,승합,남,41세,상해없음,원동기,남,57세,중상
2016022500100411,2016년 2월 25일 17시,목요일,울산광역시 남구 달동,부상신고사고,0,0,0,1,차대차 - 측면충돌,안전운전불이행,건조,맑음,단일로 - 기타,이륜,남,21세,부상신고,승용,여,35세,상해없음
2016022500100412,2016년 2월 25일 17시,목요일,울산광역시 동구 일산동,경상사고,0,0,1,0,차대사람 - 횡단중,보행자보호의무위반,건조,맑음,교차로 - 교차로안,이륜,남,25세,상해없음,보행자,여,57세,경상
2016022500100446,2016년 2월 25일 18시,목요일,울산광역시 중구 북정동,경상사고,0,0,1,0,차대차 - 기타,교차로운행방법위반,건조,맑음,교차로 - 교차로안,승용,남,36세,상해없음,이륜,남,57세,경상
2016022500100447,2016년 2월 25일 18시,목요일,울산광역시 남구 야음동,경상사고,0,0,1,0,차대사람 - 횡단중,안전운전불이행,건조,맑음,단일로 - 기타,승용,여,61세,상해없음,보행자,남,32세,경상
2016022500100595,2016년 2월 25일 23시,목요일,울산광역시 북구 양정동,중상사고,0,1,1,0,차대차 - 추돌,안전운전불이행,건조,맑음,단일로 - 기타,승용,남,32세,상해없음,승용,남,34세,중상
2016022500100596,2016년 2월 25일 23시,목요일,울산광역시 동구 일산동,중상사고,0,1,0,0,차대사람 - 횡단중,안전운전불이행,건조,맑음,단일로 - 기타,승용,남,59세,상해없음,보행자,남,44세,중상
2016022600100141,2016년 2월 26일 08시,금요일,울산광역시 남구 달동,중상사고,0,1,0,0,차대차 - 기타,안전운전불이행,건조,맑음,미분류 - 미분류,기타불명,기타불명,기타불명,기타불명,이륜,남,19세,중상
2016022600100326,2016년 2월 26일 14시,금요일,울산광역시 중구 우정동,경상사고,0,0,1,0,차대사람 - 기타,안전운전불이행,건조,맑음,교차로 - 교차로부근,승용,여,63세,상해없음,보행자,여,57세,경상
2016022600100348,2016년 2월 26일 15시,금요일,울산광역시 북구 명촌동,경상사고,0,0,3,0,차대차 - 추돌,안전거리미확보,건조,맑음,단일로 - 기타,이륜,남,24세,경상,승용,남,29세,경상
2016022600100349,2016년 2월 26일 15시,금요일,울산광역시 중구 태화동,경상사고,0,0,2,0,차대차 - 추돌,안전거리미확보,건조,맑음,단일로 - 기타,이륜,남,16세,경상,승용,남,57세,상해없음
2016022600100350,2016년 2월 26일 15시,금요일,울산광역시 중구 남외동,중상사고,0,1,0,0,차대차 - 측면충돌,안전운전불이행,건조,맑음,단일로 - 기타,승용,여,27세,상해없음,이륜,남,48세,중상
2016022600100375,2016년 2월 26일 16시,금요일,울산광역시 북구 연암동,중상사고,0,1,0,0,차대사람 - 횡단중,안전운전불이행,건조,맑음,교차로 - 교차로부근,승용,여,31세,상해없음,보행자,남,9세,중상
2016022600100424,2016년 2월 26일 17시,금요일,울산광역시 북구 중산동,경상사고,0,0,1,0,차대사람 - 기타,안전운전불이행,건조,맑음,단일로 - 횡단보도부근,승용,남,34세,기타불명,보행자,남,37세,경상
2016022600100460,2016년 2월 26일 18시,금요일,울산광역시 북구 상안동,경상사고,0,0,1,0,차대사람 - 기타,보행자보호의무위반,건조,맑음,단일로 - 횡단보도상,승용,남,56세,상해없음,보행자,남,8세,경상
2016022600100496,2016년 2월 26일 19시,금요일,울산광역시 동구 서부동,경상사고,0,0,1,0,차대차 - 추돌,안전운전불이행,건조,맑음,단일로 - 기타,승용,여,32세,상해없음,승용,여,41세,경상
2016022600100529,2016년 2월 26일 20시,금요일,울산광역시 남구 신정동,경상사고,0,0,1,0,차대사람 - 기타,안전운전불이행,건조,맑음,기타 - 기타,승용,남,51세,상해없음,보행자,남,47세,경상
2016022600100567,2016년 2월 26일 21시,금요일,울산광역시 울주군 범서읍,경상사고,0,0,1,0,차대사람 - 횡단중,보행자보호의무위반,건조,맑음,교차로 - 교차로안,승용,남,52세,상해없음,보행자,남,51세,경상
2016022600100607,2016년 2월 26일 22시,금요일,울산광역시 울주군 온산읍,경상사고,0,0,1,0,차대차 - 측면충돌,교차로운행방법위반,건조,맑음,교차로 - 교차로안,승용,남,32세,상해없음,이륜,남,49세,경상
2016022700100054,2016년 2월 27일 01시,토요일,울산광역시 동구 전하동,경상사고,0,0,2,0,차대차 - 추돌,안전운전불이행,건조,맑음,교차로 - 교차로부근,승용,남,39세,상해없음,승용,남,24세,경상
2016022700100091,2016년 2월 27일 03시,토요일,울산광역시 남구 두왕동,경상사고,0,0,1,0,차대차 - 추돌,안전운전불이행,건조,맑음,교차로 - 교차로부근,승용,남,28세,상해없음,승용,남,61세,경상
2016022700100092,2016년 2월 27일 03시,토요일,울산광역시 남구 부곡동,경상사고,0,0,1,0,차량단독 - 공작물충돌,안전운전불이행,건조,맑음,단일로 - 기타,승용,여,39세,경상,,,,
2016022700100131,2016년 2월 27일 06시,토요일,울산광역시 중구 태화동,중상사고,0,1,0,0,차대사람 - 횡단중,안전운전불이행,건조,맑음,단일로 - 기타,승용,남,24세,상해없음,보행자,여,46세,중상
2016022700100132,2016년 2월 27일 06시,토요일,울산광역시 남구 여천동,경상사고,0,0,1,0,차대차 - 측면충돌,중앙선침범,건조,맑음,단일로 - 기타,승용,남,26세,상해없음,승용,남,72세,경상
2016022700100133,2016년 2월 27일 06시,토요일,울산광역시 동구 방어동,경상사고,0,0,1,0,차대차 - 기타,안전운전불이행,건조,맑음,교차로 - 교차로부근,기타불명,기타불명,기타불명,기타불명,원동기,남,65세,경상
2016022700100150,2016년 2월 27일 07시,토요일,울산광역시 울주군 온산읍,경상사고,0,0,1,0,차대차 - 추돌,안전운전불이행,건조,맑음,단일로 - 기타,승용,남,52세,상해없음,승용,남,39세,경상
2016022700100265,2016년 2월 27일 12시,토요일,울산광역시 남구 선암동,경상사고,0,0,2,0,차대차 - 측면충돌,안전운전불이행,건조,맑음,단일로 - 기타,승용,남,62세,상해없음,승용,남,50세,경상
2016022700100290,2016년 2월 27일 13시,토요일,울산광역시 북구 화봉동,중상사고,0,1,0,0,차대사람 - 횡단중,안전운전불이행,건조,맑음,단일로 - 기타,자전거,남,66세,상해없음,보행자,여,19세,중상
2016022700100376,2016년 2월 27일 16시,토요일,울산광역시 울주군 두동면,경상사고,0,0,2,0,차대차 - 추돌,안전거리미확보,건조,맑음,교차로 - 교차로부근,승용,남,63세,상해없음,승용,여,69세,경상
2016022700100436,2016년 2월 27일 18시,토요일,울산광역시 남구 신정동,중상사고,0,1,0,0,차대차 - 측면충돌,안전거리미확보,건조,맑음,단일로 - 기타,승용,남,63세,상해없음,이륜,남,17세,중상
2016022700100498,2016년 2월 27일 20시,토요일,울산광역시 중구 옥교동,경상사고,0,0,3,0,차대차 - 기타,안전운전불이행,건조,맑음,단일로 - 교량,기타불명,기타불명,기타불명,기타불명,승용,남,36세,상해없음
2016022700100499,2016년 2월 27일 20시,토요일,울산광역시 울주군 온산읍,중상사고,0,1,0,0,차대사람 - 횡단중,안전운전불이행,건조,맑음,교차로 - 교차로부근,승용,남,25세,상해없음,보행자,여,68세,중상
2016022700100500,2016년 2월 27일 20시,토요일,울산광역시 울주군 언양읍,경상사고,0,0,2,2,차대차 - 정면충돌,신호위반,건조,맑음,교차로 - 교차로안,승용,여,59세,상해없음,승용,남,30세,경상
2016022700100525,2016년 2월 27일 21시,토요일,울산광역시 중구 반구동,경상사고,0,0,1,0,차대차 - 측면충돌,교차로운행방법위반,건조,맑음,교차로 - 교차로안,승용,남,33세,상해없음,이륜,남,64세,경상
2016022700100548,2016년 2월 27일 22시,토요일,울산광역시 남구 신정동,경상사고,0,0,1,0,차대차 - 기타,안전운전불이행,건조,맑음,교차로 - 교차로안,승용,남,59세,상해없음,승용,남,57세,경상
2016022700100570,2016년 2월 27일 23시,토요일,울산광역시 남구 신정동,경상사고,0,0,1,0,차대사람 - 횡단중,안전운전불이행,건조,맑음,교차로 - 교차로부근,승용,남,61세,상해없음,보행자,남,50세,경상
2016022800100033,2016년 2월 28일 01시,일요일,울산광역시 북구 송정동,중상사고,0,1,1,0,차대차 - 정면충돌,안전운전불이행,건조,맑음,단일로 - 기타,승용,남,62세,상해없음,승용,남,52세,중상
2016022800100041,2016년 2월 28일 02시,일요일,울산광역시 울주군 삼남면,중상사고,0,1,0,0,차대사람 - 차도통행중,안전운전불이행,건조,맑음,단일로 - 기타,승용,여,27세,상해없음,보행자,남,29세,상해없음
2016022800100065,2016년 2월 28일 05시,일요일,울산광역시 남구 신정동,중상사고,0,1,0,0,차대사람 - 횡단중,보행자보호의무위반,건조,맑음,교차로 - 교차로안,승용,남,64세,상해없음,보행자,여,55세,중상
2016022800100087,2016년 2월 28일 07시,일요일,울산광역시 동구 화정동,중상사고,0,1,0,0,차대차 - 측면충돌,신호위반,건조,맑음,교차로 - 교차로안,승용,남,21세,상해없음,이륜,남,22세,중상
2016022800100131,2016년 2월 28일 10시,일요일,울산광역시 울주군 온산읍,경상사고,0,0,1,0,차대차 - 측면충돌,교차로운행방법위반,건조,맑음,교차로 - 교차로안,승합,남,38세,상해없음,이륜,남,32세,경상
2016022800100168,2016년 2월 28일 12시,일요일,울산광역시 중구 성남동,중상사고,0,1,0,0,차대차 - 측면충돌,기타,건조,맑음,단일로 - 기타,승용,남,67세,상해없음,자전거,남,71세,중상
2016022800100185,2016년 2월 28일 13시,일요일,울산광역시 북구 화봉동,경상사고,0,0,1,0,차대차 - 추돌,안전운전불이행,건조,맑음,교차로 - 교차로부근,화물,남,54세,상해없음,승용,남,56세,경상
2016022800100335,2016년 2월 28일 17시,일요일,울산광역시 중구 서동,경상사고,0,0,2,0,차대차 - 추돌,안전거리미확보,건조,맑음,교차로 - 교차로부근,승용,남,58세,상해없음,승용,여,50세,경상
2016022800100336,2016년 2월 28일 17시,일요일,울산광역시 울주군 온산읍,경상사고,0,0,5,0,차대차 - 추돌,안전운전불이행,건조,맑음,교차로 - 교차로부근,화물,남,47세,상해없음,승합,남,43세,경상
2016022800100381,2016년 2월 28일 18시,일요일,울산광역시 북구 명촌동,중상사고,0,1,0,0,차대사람 - 보도통행중,안전운전불이행,건조,맑음,단일로 - 기타,이륜,남,54세,상해없음,보행자,여,83세,중상
2016022800100423,2016년 2월 28일 19시,일요일,울산광역시 남구 달동,중상사고,0,1,0,0,차대사람 - 횡단중,안전운전불이행,습기,비,교차로 - 교차로부근,승용,여,60세,기타불명,보행자,남,47세,중상
2016022800100447,2016년 2월 28일 20시,일요일,울산광역시 중구 학성동,경상사고,0,0,2,0,차대차 - 정면충돌,중앙선침범,건조,맑음,단일로 - 기타,승용,남,43세,상해없음,승용,여,57세,경상
2016022800100448,2016년 2월 28일 20시,일요일,울산광역시 남구 선암동,중상사고,0,1,0,0,차대사람 - 횡단중,안전운전불이행,습기,비,단일로 - 기타,승용,남,48세,상해없음,보행자,남,63세,중상
2016022800100515,2016년 2월 28일 23시,일요일,울산광역시 남구 신정동,중상사고,0,1,0,0,차대사람 - 횡단중,안전운전불이행,건조,맑음,단일로 - 기타,승용,남,29세,기타불명,보행자,남,49세,중상
2016022900100045,2016년 2월 29일 05시,월요일,울산광역시 북구 신천동,경상사고,0,0,1,0,차대사람 - 횡단중,신호위반,건조,맑음,교차로 - 교차로안,승용,남,47세,상해없음,보행자,남,55세,경상
2016022900100058,2016년 2월 29일 06시,월요일,울산광역시 남구 야음동,중상사고,0,1,0,0,차대사람 - 횡단중,보행자보호의무위반,건조,맑음,교차로 - 교차로안,승합,남,70세,상해없음,보행자,여,67세,중상
2016022900100137,2016년 2월 29일 10시,월요일,울산광역시 중구 복산동,경상사고,0,0,1,0,차대차 - 추돌,안전운전불이행,건조,맑음,교차로 - 교차로부근,승합,남,43세,상해없음,승용,여,56세,경상
2016022900100158,2016년 2월 29일 11시,월요일,울산광역시 동구 화정동,경상사고,0,0,1,0,차대사람 - 기타,기타,건조,맑음,단일로 - 기타,이륜,남,24세,상해없음,보행자,여,59세,경상
2016022900100340,2016년 2월 29일 16시,월요일,울산광역시 남구 선암동,경상사고,0,0,1,1,차대차 - 측면충돌,안전운전불이행,건조,맑음,교차로 - 교차로부근,화물,남,41세,부상신고,승용,남,41세,경상
2016022900100341,2016년 2월 29일 16시,월요일,울산광역시 동구 방어동,중상사고,0,1,0,0,차대사람 - 횡단중,안전운전불이행,건조,맑음,단일로 - 기타,승용,여,40세,상해없음,보행자,여,48세,중상
2016022900100415,2016년 2월 29일 18시,월요일,울산광역시 남구 신정동,경상사고,0,0,1,0,차대사람 - 횡단중,안전운전불이행,건조,맑음,교차로 - 교차로부근,승용,남,39세,상해없음,보행자,남,36세,경상
2016022900100497,2016년 2월 29일 20시,월요일,울산광역시 남구 신정동,경상사고,0,0,1,0,차대차 - 측면충돌,직진우회전진행방해,건조,맑음,교차로 - 교차로안,승용,여,25세,상해없음,원동기,남,33세,경상
2016022900100590,2016년 2월 29일 23시,월요일,울산광역시 남구 삼산동,중상사고,0,1,2,0,차대차 - 측면충돌,신호위반,건조,맑음,교차로 - 교차로안,승용,남,25세,상해없음,화물,남,42세,중상