사고번호,사고일시,요일,시군구,사고내용,사망자수,중상자수,경상자수,부상신고자수,사고유형,법규위반,노면상태,기상상태,도로형태,가해운전자 차종,가해운전자 성별,가해운전자 연령,가해운전자 상해정도,피해운전자 차종,피해운전자 성별,피해운전자 연령,피해운전자 상해정도
2016030100100088,2016년 3월 1일 03시,화요일,울산광역시 북구 염포동,중상사고,0,1,0,0,차량단독 - 전도전복,안전운전불이행,건조,맑음,단일로 - 기타,승용,남,27세,상해없음,,,,
2016030100100133,2016년 3월 1일 06시,화요일,울산광역시 북구 상안동,경상사고,0,0,1,0,차대차 - 기타,안전운전불이행,건조,맑음,교차로 - 교차로부근,승용,남,38세,상해없음,승용,남,64세,경상
2016030100100212,2016년 3월 1일 11시,화요일,울산광역시 남구 달동,중상사고,0,1,2,0,차대차 - 측면직각충돌,안전운전불이행,건조,맑음,교차로 - 교차로안,승용,남,35세,상해없음,승용,남,60세,중상
2016030100100286,2016년 3월 1일 14시,화요일,울산광역시 남구 달동,경상사고,0,0,2,0,차대차 - 측면충돌,교차로운행방법위반,건조,맑음,교차로 - 교차로부근,승용,남,35세,상해없음,승용,남,59세,경상
2016030100100287,2016년 3월 1일 14시,화요일,울산광역시 남구 선암동,중상사고,0,1,1,0,차량단독 - 전도전복,안전운전불이행,건조,맑음,교차로 - 교차로안,승용,남,22세,상해없음,,,,
2016030100100288,2016년 3월 1일 14시,화요일,울산광역시 울주군 온산읍,경상사고,0,0,1,0,차대차 - 추돌,안전운전불이행,건조,맑음,단일로 - 기타,승용,남,28세,경상,건설기계,남,42세,상해없음
2016030100100416,2016년 3월 1일 18시,화요일,울산광역시 남구 무거동,경상사고,0,0,1,0,차대차 - 측면직각충돌,안전거리미확보,건조,맑음,교차로 - 교차로안,승용,남,23세,상해없음,승용,여,47세,경상
2016030100100417,2016년 3월 1일 18시,화요일,울산광역시 울주군 범서읍,중상사고,0,1,1,0,차량단독 - 전도전복,안전운전불이행,건조,맑음,단일로 - 기타,승용,남,66세,경상,,,,
2016030100100458,2016년 3월 1일 19시,화요일,울산광역시 중구 우정동,중상사고,0,1,0,0,차대사람 - 기타,기타,건조,맑음,단일로 - 기타,승용,여,49세,상해없음,보행자,여,59세,중상
2016030200100013,2016년 3월 2일 01시,수요일,울산광역시 울주군 두동면,경상사고,0,0,1,0,차대차 - 정면충돌,안전운전불이행,건조,맑음,단일로 - 기타,화물,남,46세,상해없음,화물,남,62세,기타불명
2016030200100086,2016년 3월 2일 07시,수요일,울산광역시 중구 반구동,부상신고사고,0,0,0,1,차대차 - 측면충돌,교차로운행방법위반,건조,맑음,교차로 - 교차로안,승용,여,25세,부상신고,승합,남,49세,상해없음
2016030200100087,2016년 3월 2일 07시,수요일,울산광역시 울주군 청량면,중상사고,0,1,0,0,차대차 - 측면충돌,신호위반,건조,맑음,교차로 - 교차로부근,승용,여,41세,상해없음,승용,남,53세,중상
2016030200100088,2016년 3월 2일 07시,수요일,울산광역시 울주군 청량면,경상사고,0,0,1,0,차대차 - 추돌,안전거리미확보,건조,맑음,교차로 - 교차로부근,승용,기타불명,기타불명,기타불명,승용,여,66세,경상
2016030200100089,2016년 3월 2일 07시,수요일,울산광역시 울주군 두서면,경상사고,0,0,1,0,차대차 - 측면직각충돌,중앙선침범,건조,맑음,교차로 - 교차로부근,승용,여,60세,상해없음,승용,남,25세,기타불명
2016030200100154,2016년 3월 2일 09시,수요일,울산광역시 중구 학성동,중상사고,0,1,0,0,차대차 - 측면충돌,불법유턴,건조,맑음,교차로 - 교차로부근,자전거,남,70세,중상,화물,남,32세,상해없음
2016030200100292,2016년 3월 2일 14시,수요일,울산광역시 울주군 청량면,경상사고,0,0,1,0,차대사람 - 보도통행중,안전운전불이행,건조,맑음,단일로 - 기타,승용,남,58세,상해없음,보행자,여,44세,경상
2016030200100323,2016년 3월 2일 15시,수요일,울산광역시 울주군 온산읍,경상사고,0,0,1,0,차대차 - 측면직각충돌,차로위반,건조,맑음,단일로 - 기타,화물,남,24세,상해없음,이륜,남,37세,경상
2016030200100351,2016년 3월 2일 16시,수요일,울산광역시 남구 무거동,경상사고,0,0,1,0,차대차 - 측면충돌,안전운전불이행,건조,맑음,교차로 - 교차로부근,승용,여,22세,상해없음,자전거,남,63세,경상
2016030200100378,2016년 3월 2일 17시,수요일,울산광역시 울주군 삼동면,부상신고사고,0,0,0,1,차량단독 - 전도전복,안전운전불이행,건조,맑음,단일로 - 기타,이륜,남,69세,부상신고,,,,
2016030200100415,2016년 3월 2일 18시,수요일,울산광역시 북구 신천동,중상사고,0,1,0,0,차대차 - 측면충돌,중앙선침범,건조,맑음,교차로 - 교차로부근,승용,여,26세,상해없음,이륜,남,30세,중상
2016030200100465,2016년 3월 2일 19시,수요일,울산광역시 중구 서동,경상사고,0,0,1,0,차대차 - 기타,안전운전불이행,건조,맑음,단일로 - 기타,승용,남,65세,기타불명,승용,여,37세,경상
2016030200100512,2016년 3월 2일 21시,수요일,울산광역시 중구 남외동,부상신고사고,0,0,0,1,차대차 - 추돌,안전운전불이행,건조,맑음,단일로 - 기타,이륜,남,19세,부상신고,승용,남,26세,상해없음
2016030200100545,2016년 3월 2일 22시,수요일,울산광역시 울주군 삼남면,중상사고,0,1,0,3,차대차 - 추돌,안전운전불이행,건조,맑음,단일로 - 기타,승합,남,45세,상해없음,승합,남,60세,상해없음
2016030300100013,2016년 3월 3일 00시,목요일,울산광역시 동구 화정동,경상사고,0,0,1,0,차대사람 - 횡단중,신호위반,건조,흐림,교차로 - 교차로안,이륜,남,26세,상해없음,보행자,남,39세,경상
2016030300100049,2016년 3월 3일 05시,목요일,울산광역시 중구 남외동,경상사고,0,0,1,0,차대차 - 측면충돌,안전운전불이행,건조,맑음,단일로 - 기타,승용,남,57세,상해없음,자전거,남,35세,경상
2016030300100050,2016년 3월 3일 05시,목요일,울산광역시 울주군 삼동면,중상사고,0,1,0,0,차대차 - 정면충돌,중앙선침범,건조,맑음,단일로 - 기타,화물,남,22세,상해없음,화물,남,48세,중상
2016030300100082,2016년 3월 3일 06시,목요일,울산광역시 북구 호계동,경상사고,0,0,1,0,차대차 - 측면직각충돌,안전거리미확보,건조,맑음,단일로 - 기타,화물,남,49세,상해없음,승용,남,65세,경상
2016030300100132,2016년 3월 3일 08시,목요일,울산광역시 중구 태화동,경상사고,0,0,1,0,차대차 - 측면충돌,안전거리미확보,건조,맑음,단일로 - 기타,승용,여,25세,상해없음,승용,여,36세,경상
2016030300100133,2016년 3월 3일 08시,목요일,울산광역시 중구 학성동,중상사고,0,1,1,0,차대차 - 측면직각충돌,직진우회전진행방해,건조,맑음,교차로 - 교차로안,승용,남,71세,경상,승용,남,40세,중상
2016030300100134,2016년 3월 3일 08시,목요일,울산광역시 남구 삼산동,중상사고,0,1,1,0,차대차 - 측면충돌,안전거리미확보,건조,맑음,교차로 - 교차로안,승용,여,49세,상해없음,승합,남,47세,경상
2016030300100135,2016년 3월 3일 08시,목요일,울산광역시 남구 달동,중상사고,0,1,0,0,차대사람 - 길가장자리구역통행중,안전운전불이행,건조,맑음,단일로 - 기타,화물,남,47세,기타불명,보행자,여,63세,중상
2016030300100209,2016년 3월 3일 11시,목요일,울산광역시 남구 신정동,경상사고,0,0,2,0,차대차 - 측면충돌,안전운전불이행,건조,맑음,단일로 - 기타,특수,남,54세,상해없음,승용,남,61세,경상
2016030300100230,2016년 3월 3일 12시,목요일,울산광역시 중구 학산동,중상사고,0,1,0,0,차대차 - 추돌,안전거리미확보,건조,맑음,단일로 - 기타,건설기계,남,43세,상해없음,승용,여,50세,중상
2016030300100231,2016년 3월 3일 12시,목요일,울산광역시 남구 선암동,중상사고,0,1,0,0,차대사람 - 횡단중,안전운전불이행,건조,맑음,단일로 - 기타,화물,남,50세,상해없음,보행자,여,61세,중상
2016030300100232,2016년 3월 3일 12시,목요일,울산광역시 남구 무거동,경상사고,0,0,1,0,차대차 - 기타,안전거리미확보,건조,맑음,단일로 - 기타,승용,기타불명,40세,기타불명,화물,남,55세,경상
2016030300100261,2016년 3월 3일 13시,목요일,울산광역시 남구 달동,경상사고,0,0,1,0,차대차 - 측면직각충돌,안전운전불이행,건조,맑음,단일로 - 기타,승용,남,28세,상해없음,자전거,남,65세,경상
2016030300100286,2016년 3월 3일 14시,목요일,울산광역시 남구 달동,경상사고,0,0,1,0,차대사람 - 횡단중,안전운전불이행,건조,맑음,단일로 - 기타,승용,여,53세,상해없음,보행자,여,9세,경상
2016030300100287,2016년 3월 3일 14시,목요일,울산광역시 북구 염포동,경상사고,0,0,1,0,차대차 - 정면충돌,안전거리미확보,건조,맑음,단일로 - 기타,승용,남,40세,상해없음,이륜,남,31세,경상
2016030300100316,2016년 3월 3일 15시,목요일,울산광역시 북구 효문동,경상사고,0,0,1,0,차대사람 - 기타,안전운전불이행,건조,맑음,기타 - 기타,승용,남,55세,상해없음,보행자,남,34세,경상
2016030300100343,2016년 3월 3일 16시,목요일,울산광역시 남구 여천동,경상사고,0,0,1,0,차대차 - 추돌,안전거리미확보,건조,맑음,교차로 - 교차로부근,화물,남,57세,상해없음,승용,남,63세,경상
2016030300100476,2016년 3월 3일 19시,목요일,울산광역시 남구 삼산동,경상사고,0,0,1,0,차대차 - 측면직각충돌,신호위반,건조,맑음,교차로 - 교차로안,승용,남,29세,상해없음,승용,남,59세,경상
2016030300100477,2016년 3월 3일 19시,목요일,울산광역시 남구 달동,경상사고,0,0,1,0,차대사람 - 길가장자리구역통행중,신호위반,건조,맑음,단일로 - 기타,승용,여,50세,상해없음,보행자,남,45세,경상
2016030300100478,2016년 3월 3일 19시,목요일,울산광역시 동구 서부동,경상사고,0,0,1,0,차대사람 - 횡단중,보행자보호의무위반,건조,맑음,단일로 - 기타,승용,여,58세,상해없음,보행자,여,18세,경상
2016030300100510,2016년 3월 3일 20시,목요일,울산광역시 동구 방어동,중상사고,0,1,0,0,차대사람 - 횡단중,신호위반,건조,흐림,교차로 - 교차로부근,승용,여,31세,상해없음,보행자,여,52세,중상
2016030300100543,2016년 3월 3일 21시,목요일,울산광역시 울주군 온양읍,경상사고,0,0,1,0,차대사람 - 횡단중,안전운전불이행,건조,맑음,단일로 - 기타,이륜,남,17세,상해없음,보행자,남,12세,경상
2016030300100561,2016년 3월 3일 22시,목요일,울산광역시 중구 성남동,경상사고,0,0,1,0,차대사람 - 횡단중,보행자보호의무위반,건조,맑음,단일로 - 횡단보도상,승용,남,35세,상해없음,보행자,남,59세,경상
2016030300100562,2016년 3월 3일 22시,목요일,울산광역시 중구 옥교동,부상신고사고,0,0,0,1,차대차 - 추돌,안전거리미확보,건조,맑음,단일로 - 기타,승용,남,39세,부상신고,승용,여,27세,상해없음
2016030400100088,2016년 3월 4일 06시,금요일,울산광역시 남구 선암동,중상사고,0,1,0,0,차대사람 - 횡단중,보행자보호의무위반,습기,비,교차로 - 교차로부근,승용,남,71세,상해없음,보행자,남,58세,중상
2016030400100211,2016년 3월 4일 10시,금요일,울산광역시 북구 진장동,경상사고,0,0,2,0,차대차 - 기타,차로위반,건조,맑음,단일로 - 기타,승용,여,51세,상해없음,승용,남,44세,경상
2016030400100279,2016년 3월 4일 12시,금요일,울산광역시 북구 호계동,경상사고,0,0,1,0,차대사람 - 횡단중,보행자보호의무위반,습기,비,교차로 - 교차로안,승합,남,50세,상해없음,보행자,여,61세,경상
2016030400100280,2016년 3월 4일 12시,금요일,울산광역시 울주군 범서읍,중상사고,0,2,0,0,차대차 - 추돌,안전운전불이행,습기,비,단일로 - 기타,화물,남,76세,상해없음,승용,남,67세,중상
2016030400100314,2016년 3월 4일 13시,금요일,울산광역시 북구 신천동,중상사고,0,1,1,0,차대차 - 추돌,안전거리미확보,습기,비,교차로 - 교차로부근,건설기계,남,55세,상해없음,화물,남,52세,중상
2016030400100315,2016년 3월 4일 13시,금요일,울산광역시 남구 달동,경상사고,0,0,2,0,차대차 - 기타,안전운전불이행,건조,맑음,교차로 - 교차로부근,승용,남,38세,상해없음,승용,남,34세,경상
2016030400100412,2016년 3월 4일 16시,금요일,울산광역시 동구 화정동,중상사고,0,1,1,0,차대차 - 측면충돌,신호위반,건조,맑음,교차로 - 교차로안,화물,남,76세,상해없음,승용,남,60세,경상
2016030400100440,2016년 3월 4일 17시,금요일,울산광역시 북구 명촌동,경상사고,0,0,1,0,차대차 - 기타,차로위반,건조,맑음,단일로 - 기타,승용,남,50세,상해없음,화물,남,59세,경상
2016030400100535,2016년 3월 4일 19시,금요일,울산광역시 남구 신정동,경상사고,0,0,1,0,차대차 - 측면충돌,교차로운행방법위반,습기,비,교차로 - 교차로안,승용,남,52세,상해없음,화물,남,72세,경상
2016030400100536,2016년 3월 4일 19시,금요일,울산광역시 동구 전하동,경상사고,0,0,1,0,차대차 - 정면충돌,중앙선침범,습기,비,교차로 - 교차로부근,승합,남,53세,상해없음,이륜,남,20세,경상
2016030400100579,2016년 3월 4일 20시,금요일,울산광역시 남구 무거동,경상사고,0,0,1,0,차대차 - 측면충돌,안전운전불이행,습기,비,단일로 - 기타,승용,여,33세,상해없음,이륜,남,49세,경상
2016030400100580,2016년 3월 4일 20시,금요일,울산광역시 울주군 범서읍,부상신고사고,0,0,0,1,차대사람 - 횡단중,안전운전불이행,습기,비,단일로 - 기타,원동기,남,42세,상해없음,보행자,남,10세,부상신고
2016030400100646,2016년 3월 4일 22시,금요일,울산광역시 북구 천곡동,부상신고사고,0,0,0,1,차대차 - 측면직각충돌,중앙선침범,습기,비,단일로 - 기타,승용,남,55세,상해없음,이륜,남,52세,부상신고
2016030400100647,2016년 3월 4일 22시,금요일,울산광역시 중구 옥교동,경상사고,0,0,2,0,차대차 - 기타,안전운전불이행,습기,비,교차로 - 교차로안,승용,남,41세,상해없음,승용,남,22세,경상
2016030400100686,2016년 3월 4일 23시,금요일,울산광역시 중구 복산동,경상사고,0,0,1,0,차대차 - 측면충돌,안전운전불이행,습기,비,단일로 - 기타,승용,남,28세,상해없음,화물,남,23세,경상
2016030400100687,2016년 3월 4일 23시,금요일,울산광역시 중구 태화동,경상사고,0,0,1,0,차대차 - 추돌,안전운전불이행,습기,비,교차로 - 교차로부근,승용,남,35세,상해없음,승용,여,46세,경상
2016030500100049,2016년 3월 5일 00시,토요일,울산광역시 남구 달동,경상사고,0,0,4,0,차대차 - 측면충돌,안전운전불이행,습기,비,교차로 - 교차로부근,승용,남,36세,기타불명,승용,남,48세,경상
2016030500100105,2016년 3월 5일 02시,토요일,울산광역시 북구 염포동,경상사고,0,0,1,0,차대차 - 추돌,안전운전불이행,습기,비,교차로 - 교차로부근,승용,남,37세,상해없음,승용,남,27세,경상
2016030500100159,2016년 3월 5일 06시,토요일,울산광역시 남구 신정동,경상사고,0,0,1,0,차대차 - 측면충돌,과속,건조,맑음,단일로 - 기타,승용,남,21세,상해없음,승합,여,59세,경상
2016030500100186,2016년 3월 5일 08시,토요일,울산광역시 남구 옥동,경상사고,0,0,1,0,차대사람 - 횡단중,안전운전불이행,건조,맑음,교차로 - 교차로부근,승용,여,47세,상해없음,보행자,여,48세,경상
2016030500100230,2016년 3월 5일 10시,토요일,울산광역시 남구 선암동,중상사고,0,1,0,0,차대사람 - 횡단중,신호위반,습기,비,교차로 - 교차로안,이륜,남,60세,상해없음,보행자,여,42세,중상
2016030500100339,2016년 3월 5일 14시,토요일,울산광역시 남구 두왕동,중상사고,0,1,2,0,차대차 - 추돌,안전운전불이행,건조,맑음,단일로 - 기타,승용,남,32세,상해없음,승용,남,33세,중상
2016030500100340,2016년 3월 5일 14시,토요일,울산광역시 남구 신정동,경상사고,0,0,1,0,차대차 - 측면충돌,차로위반,건조,맑음,교차로 - 교차로안,승용,남,44세,상해없음,승용,여,26세,경상
2016030500100341,2016년 3월 5일 14시,토요일,울산광역시 남구 삼산동,중상사고,0,1,0,0,차대차 - 측면충돌,안전거리미확보,건조,맑음,단일로 - 기타,기타불명,기타불명,50세,기타불명,이륜,남,51세,중상
2016030600100040,2016년 3월 6일 01시,일요일,울산광역시 중구 태화동,경상사고,0,0,1,0,차대차 - 정면충돌,중앙선침범,습기,비,교차로 - 교차로안,승용,남,45세,상해없음,승용,여,46세,경상
2016030600100041,2016년 3월 6일 01시,일요일,울산광역시 동구 일산동,경상사고,0,0,1,0,차대차 - 측면직각충돌,직진우회전진행방해,습기,비,교차로 - 교차로안,승용,남,36세,상해없음,승용,남,55세,경상
2016030600100134,2016년 3월 6일 09시,일요일,울산광역시 남구 달동,중상사고,0,1,0,0,차대차 - 기타,차로위반,습기,비,단일로 - 기타,승용,남,62세,상해없음,이륜,남,63세,중상
2016030600100368,2016년 3월 6일 18시,일요일,울산광역시 중구 유곡동,경상사고,0,0,3,0,차대차 - 측면직각충돌,교차로운행방법위반,건조,맑음,교차로 - 교차로안,승합,남,53세,상해없음,승용,여,34세,경상
2016030600100502,2016년 3월 6일 23시,일요일,울산광역시 울주군 청량면,중상사고,0,1,0,0,차량단독 - 전도전복,안전운전불이행,습기,흐림,교차로 - 교차로부근,이륜,남,61세,중상,,,,
2016030700100047,2016년 3월 7일 06시,월요일,울산광역시 울주군 범서읍,중상사고,0,1,0,0,차대차 - 기타,차로위반,건조,맑음,단일로 - 기타,승용,남,61세,상해없음,승용,남,49세,중상
2016030700100075,2016년 3월 7일 07시,월요일,울산광역시 동구 방어동,경상사고,0,0,1,0,차대사람 - 기타,안전운전불이행,습기,비,단일로 - 기타,자전거,남,27세,상해없음,보행자,남,29세,경상
2016030700100112,2016년 3월 7일 08시,월요일,울산광역시 울주군 범서읍,부상신고사고,0,0,0,1,차대차 - 정면충돌,중앙선침범,건조,맑음,단일로 - 기타,기타불명,기타불명,기타불명,기타불명,화물,남,57세,부상신고
2016030700100141,2016년 3월 7일 09시,월요일,울산광역시 중구 성남동,경상사고,0,0,1,0,차대사람 - 횡단중,보행자보호의무위반,건조,맑음,교차로 - 교차로안,승용,남,55세,상해없음,보행자,여,63세,경상
2016030700100226,2016년 3월 7일 12시,월요일,울산광역시 남구 삼산동,경상사고,0,0,2,0,차대차 - 측면직각충돌,차로위반,건조,맑음,교차로 - 교차로부근,승용,여,47세,상해없음,승용,남,38세,경상
2016030700100227,2016년 3월 7일 12시,월요일,울산광역시 동구 화정동,경상사고,0,0,1,0,차대사람 - 기타,안전운전불이행,건조,맑음,단일로 - 기타,승용,남,74세,기타불명,보행자,남,49세,경상
2016030700100311,2016년 3월 7일 15시,월요일,울산광역시 북구 염포동,경상사고,0,0,1,0,차대차 - 추돌,안전운전불이행,건조,맑음,교차로 - 교차로부근,승용,남,63세,상해없음,승용,남,22세,경상
2016030700100341,2016년 3월 7일 16시,월요일,울산광역시 남구 달동,중상사고,0,1,0,0,차대사람 - 횡단중,신호위반,건조,맑음,단일로 - 횡단보도상,승용,여,33세,상해없음,보행자,여,11세,중상
2016030700100342,2016년 3월 7일 16시,월요일,울산광역시 남구 달동,경상사고,0,0,1,0,차대차 - 기타,교차로운행방법위반,건조,맑음,교차로 - 교차로안,승합,남,61세,상해없음,승용,남,38세,경상
2016030700100418,2016년 3월 7일 18시,월요일,울산광역시 동구 화정동,경상사고,0,0,1,0,차대사람 - 기타,안전운전불이행,건조,맑음,단일로 - 기타,승용,남,39세,상해없음,보행자,남,30세,경상
2016030700100457,2016년 3월 7일 19시,월요일,울산광역시 중구 성남동,경상사고,0,0,1,0,차대사람 - 횡단중,보행자보호의무위반,건조,맑음,단일로 - 횡단보도상,이륜,남,23세,상해없음,보행자,남,69세,경상
2016030700100510,2016년 3월 7일 21시,월요일,울산광역시 북구 천곡동,경상사고,0,0,1,0,차대차 - 정면충돌,교차로운행방법위반,건조,맑음,교차로 - 교차로안,승용,남,49세,상해없음,승용,여,34세,경상
2016030700100542,2016년 3월 7일 22시,월요일,울산광역시 울주군 서생면,중상사고,0,1,0,0,차대사람 - 횡단중,안전운전불이행,건조,맑음,단일로 - 기타,승용,남,36세,상해없음,보행자,남,43세,중상
2016030800100033,2016년 3월 8일 02시,화요일,울산광역시 남구 신정동,경상사고,0,0,1,0,차대차 - 측면충돌,안전운전불이행,건조,맑음,교차로 - 교차로안,승용,여,47세,상해없음,승용,여,56세,경상
2016030800100089,2016년 3월 8일 07시,화요일,울산광역시 남구 야음동,중상사고,0,1,0,0,차대사람 - 기타,안전운전불이행,건조,맑음,교차로 - 교차로부근,승용,남,51세,상해없음,보행자,남,62세,중상
2016030800100169,2016년 3월 8일 10시,화요일,울산광역시 울주군 삼남면,경상사고,0,0,2,0,차대차 - 측면충돌,교차로운행방법위반,건조,맑음,교차로 - 교차로안,승용,남,23세,상해없음,승용,여,51세,경상
2016030800100192,2016년 3월 8일 11시,화요일,울산광역시 울주군 범서읍,사망사고,1,0,0,0,차량단독 - 전도전복,안전운전불이행,건조,맑음,교차로 - 교차로부근,승합,남,74세,사망,,,,
2016030800100261,2016년 3월 8일 14시,화요일,울산광역시 북구 신천동,경상사고,0,0,2,0,차대차 - 측면충돌,안전거리미확보,건조,맑음,단일로 - 기타,승용,남,36세,상해없음,승합,남,48세,경상
2016030800100262,2016년 3월 8일 14시,화요일,울산광역시 울주군 언양읍,경상사고,0,0,2,0,차대차 - 추돌,안전운전불이행,건조,맑음,단일로 - 기타,건설기계,남,62세,상해없음,승용,남,35세,경상
2016030800100289,2016년 3월 8일 15시,화요일,울산광역시 남구 무거동,중상사고,0,1,0,0,차대사람 - 길가장자리구역통행중,안전운전불이행,건조,맑음,단일로 - 기타,승용,남,27세,상해없음,보행자,남,87세,중상
2016030800100360,2016년 3월 8일 17시,화요일,울산광역시 동구 전하동,경상사고,0,0,1,0,차대차 - 측면직각충돌,안전거리미확보,건조,맑음,단일로 - 기타,승용,남,51세,상해없음,이륜,남,32세,경상
2016030800100386,2016년 3월 8일 18시,화요일,울산광역시 북구 진장동,경상사고,0,0,2,0,차대차 - 추돌,안전거리미확보,건조,맑음,교차로 - 교차로안,승용,남,50세,상해없음,승용,남,52세,경상
2016030800100387,2016년 3월 8일 18시,화요일,울산광역시 북구 매곡동,경상사고,0,0,1,0,차대차 - 측면충돌,안전운전불이행,건조,흐림,교차로 - 교차로안,승용,여,47세,상해없음,이륜,남,40세,경상
2016030800100388,2016년 3월 8일 18시,화요일,울산광역시 북구 정자동,경상사고,0,0,1,0,차대사람 - 기타,안전운전불이행,건조,맑음,단일로 - 기타,승용,남,41세,상해없음,보행자,여,33세,경상
2016030800100425,2016년 3월 8일 19시,화요일,울산광역시 남구 신정동,경상사고,0,0,1,0,차대차 - 측면충돌,신호위반,건조,맑음,단일로 - 횡단보도부근,승용,여,48세,상해없음,승용,남,58세,경상
2016030800100463,2016년 3월 8일 20시,화요일,울산광역시 울주군 온산읍,경상사고,0,0,1,0,차대차 - 측면직각충돌,신호위반,습기,비,교차로 - 교차로안,승용,남,25세,상해없음,승용,남,52세,경상
2016030800100555,2016년 3월 8일 23시,화요일,울산광역시 울주군 온산읍,경상사고,0,0,1,0,차대차 - 측면충돌,안전운전불이행,습기,비,단일로 - 기타,승용,남,42세,경상,승용,남,30세,상해없음
2016030900100027,2016년 3월 9일 01시,수요일,울산광역시 남구 삼산동,경상사고,0,0,1,0,차대차 - 측면직각충돌,안전운전불이행,습기,비,교차로 - 교차로안,승용,남,57세,상해없음,승용,남,37세,경상
2016030900100059,2016년 3월 9일 05시,수요일,울산광역시 남구 야음동,중상사고,0,1,0,0,차량단독 - 전도전복,안전운전불이행,습기,비,교차로 - 교차로안,승용,남,32세,중상,,,,
2016030900100095,2016년 3월 9일 07시,수요일,울산광역시 중구 태화동,경상사고,0,0,1,0,차대사람 - 횡단중,안전운전불이행,건조,맑음,단일로 - 기타,승용,남,48세,상해없음,보행자,여,20세,경상
2016030900100131,2016년 3월 9일 08시,수요일,울산광역시 동구 방어동,경상사고,0,0,1,0,차대차 - 측면충돌,안전운전불이행,건조,맑음,단일로 - 기타,승용,여,30세,상해없음,이륜,남,39세,경상
2016030900100161,2016년 3월 9일 09시,수요일,울산광역시 남구 달동,중상사고,0,1,1,0,차대차 - 측면충돌,직진우회전진행방해,건조,맑음,교차로 - 교차로안,승용,여,50세,중상,승용,여,38세,경상
2016030900100185,2016년 3월 9일 10시,수요일,울산광역시 북구 신천동,경상사고,0,0,1,0,차대차 - 측면충돌,신호위반,건조,맑음,교차로 - 교차로안,승용,여,55세,상해없음,승용,여,30세,경상
2016030900100238,2016년 3월 9일 12시,수요일,울산광역시 중구 우정동,경상사고,0,0,1,0,차대차 - 기타,안전거리미확보,건조,맑음,단일로 - 교량,승용,남,63세,상해없음,승용,여,48세,경상
2016030900100287,2016년 3월 9일 14시,수요일,울산광역시 남구 달동,중상사고,0,1,0,0,차대사람 - 횡단중,안전운전불이행,건조,흐림,교차로 - 교차로안,승용,남,22세,상해없음,보행자,여,66세,중상
2016030900100316,2016년 3월 9일 15시,수요일,울산광역시 울주군 범서읍,중상사고,0,1,0,0,차대사람 - 횡단중,안전운전불이행,건조,맑음,단일로 - 횡단보도부근,승용,여,44세,상해없음,보행자,여,9세,중상
2016030900100318,2016년 3월 9일 15시,수요일,울산광역시 울주군 온양읍,경상사고,0,0,1,0,차대차 - 추돌,교차로운행방법위반,건조,맑음,교차로 - 교차로안,화물,남,65세,상해없음,승합,남,37세,경상
2016030900100382,2016년 3월 9일 17시,수요일,울산광역시 남구 달동,중상사고,0,1,0,0,차량단독 - 기타,안전운전불이행,건조,맑음,교차로 - 교차로안,승합,남,48세,상해없음,,,,
2016030900100383,2016년 3월 9일 17시,수요일,울산광역시 남구 신정동,경상사고,0,0,1,0,차대차 - 측면직각충돌,안전거리미확보,건조,맑음,단일로 - 기타,화물,남,45세,경상,승용,남,36세,상해없음
2016030900100384,2016년 3월 9일 17시,수요일,울산광역시 북구 양정동,경상사고,0,0,1,0,차대사람 - 기타,안전운전불이행,건조,맑음,단일로 - 기타,승용,남,31세,상해없음,보행자,남,8세,경상
2016030900100427,2016년 3월 9일 18시,수요일,울산광역시 중구 유곡동,중상사고,0,1,0,0,차량단독 - 기타,안전운전불이행,건조,맑음,교차로 - 교차로안,승용,기타불명,기타불명,기타불명,,,,
2016030900100463,2016년 3월 9일 19시,수요일,울산광역시 남구 달동,중상사고,0,1,0,0,차대사람 - 길가장자리구역통행중,안전운전불이행,건조,맑음,교차로 - 교차로부근,승용,남,37세,상해없음,보행자,남,52세,중상
2016030900100484,2016년 3월 9일 20시,수요일,울산광역시 동구 방어동,중상사고,0,1,0,0,차대차 - 정면충돌,중앙선침범,건조,맑음,단일로 - 기타,이륜,남,18세,상해없음,이륜,남,41세,중상
2016030900100516,2016년 3월 9일 21시,수요일,울산광역시 남구 달동,경상사고,0,0,2,0,차대차 - 측면직각충돌,차로위반,건조,맑음,단일로 - 기타,이륜,남,55세,경상,승용,여,27세,경상
2016030900100547,2016년 3월 9일 22시,수요일,울산광역시 중구 다운동,중상사고,0,1,0,0,차대사람 - 기타,안전운전불이행,건조,맑음,단일로 - 기타,승용,남,62세,상해없음,보행자,남,30세,중상
2016031000100044,2016년 3월 10일 02시,목요일,울산광역시 남구 무거동,사망사고,1,0,0,0,차대차 - 정면충돌,중앙선침범,건조,맑음,단일로 - 교량,승용,남,34세,사망,화물,남,62세,상해없음