사고번호,사고일시,요일,시군구,사고내용,사망자수,중상자수,경상자수,부상신고자수,사고유형,법규위반,노면상태,기상상태,도로형태,가해운전자 차종,가해운전자 성별,가해운전자 연령,가해운전자 상해정도,피해운전자 차종,피해운전자 성별,피해운전자 연령,피해운전자 상해정도
2016031000100045,2016년 3월 10일 02시,목요일,울산광역시 남구 삼산동,중상사고,0,2,2,0,차대차 - 측면충돌,중앙선침범,건조,맑음,단일로 - 기타,승용,남,20세,경상,승용,남,61세,경상
2016031000100074,2016년 3월 10일 06시,목요일,울산광역시 북구 진장동,경상사고,0,0,1,0,차대차 - 추돌,안전운전불이행,건조,맑음,단일로 - 기타,승용,남,46세,상해없음,승용,남,41세,경상
2016031000100075,2016년 3월 10일 06시,목요일,울산광역시 북구 호계동,경상사고,0,0,1,0,차대차 - 측면충돌,교차로운행방법위반,건조,맑음,교차로 - 교차로안,승용,남,40세,상해없음,승용,남,38세,경상
2016031000100105,2016년 3월 10일 07시,목요일,울산광역시 울주군 언양읍,중상사고,0,1,0,0,차대차 - 측면직각충돌,교차로운행방법위반,건조,맑음,교차로 - 교차로안,승용,여,55세,상해없음,이륜,여,52세,중상
2016031000100106,2016년 3월 10일 07시,목요일,울산광역시 울주군 온산읍,중상사고,0,1,0,0,차대차 - 측면직각충돌,교차로운행방법위반,건조,맑음,교차로 - 교차로안,승용,여,36세,기타불명,승용,여,53세,중상
2016031000100248,2016년 3월 10일 11시,목요일,울산광역시 울주군 서생면,부상신고사고,0,0,0,1,차량단독 - 전도전복,안전운전불이행,건조,맑음,단일로 - 기타,화물,남,47세,부상신고,,,,
2016031000100528,2016년 3월 10일 21시,목요일,울산광역시 중구 우정동,경상사고,0,0,1,1,차대차 - 측면충돌,안전운전불이행,건조,맑음,교차로 - 교차로안,승용,남,34세,상해없음,승용,여,40세,경상
2016031000100529,2016년 3월 10일 21시,목요일,울산광역시 북구 중산동,경상사고,0,0,1,0,차량단독 - 공작물충돌,안전운전불이행,건조,맑음,단일로 - 기타,승용,남,51세,경상,,,,
2016031000100565,2016년 3월 10일 22시,목요일,울산광역시 동구 일산동,중상사고,0,1,0,0,차대차 - 측면충돌,안전운전불이행,건조,맑음,단일로 - 기타,승용,남,44세,상해없음,이륜,남,64세,중상
2016031100100118,2016년 3월 11일 07시,금요일,울산광역시 동구 방어동,경상사고,0,0,1,0,차대차 - 기타,안전운전불이행,건조,맑음,단일로 - 기타,승용,남,30세,상해없음,이륜,남,46세,경상
2016031100100254,2016년 3월 11일 11시,금요일,울산광역시 남구 달동,경상사고,0,0,4,0,차대차 - 기타,신호위반,건조,맑음,교차로 - 교차로안,승용,남,58세,상해없음,승합,남,51세,상해없음
2016031100100305,2016년 3월 11일 13시,금요일,울산광역시 남구 상개동,중상사고,0,1,0,0,차대차 - 측면충돌,안전운전불이행,건조,맑음,교차로 - 교차로안,승용,남,46세,중상,건설기계,남,41세,상해없음
2016031100100306,2016년 3월 11일 13시,금요일,울산광역시 남구 달동,경상사고,0,0,2,0,차대차 - 기타,안전운전불이행,건조,맑음,교차로 - 교차로부근,화물,남,42세,상해없음,승용,남,40세,경상
2016031100100342,2016년 3월 11일 14시,금요일,울산광역시 남구 신정동,중상사고,0,1,2,0,차대차 - 기타,교차로운행방법위반,건조,맑음,교차로 - 교차로안,승용,남,50세,상해없음,승용,여,44세,경상
2016031100100343,2016년 3월 11일 14시,금요일,울산광역시 동구 방어동,경상사고,0,0,1,0,차대사람 - 차도통행중,안전운전불이행,건조,맑음,교차로 - 교차로부근,승합,남,53세,상해없음,보행자,여,30세,경상
2016031100100374,2016년 3월 11일 15시,금요일,울산광역시 울주군 서생면,중상사고,0,1,0,0,차량단독 - 전도전복,안전운전불이행,건조,맑음,단일로 - 기타,승용,여,43세,중상,,,,
2016031100100417,2016년 3월 11일 16시,금요일,울산광역시 남구 신정동,경상사고,0,0,2,0,차대차 - 추돌,안전거리미확보,건조,맑음,교차로 - 교차로안,승용,남,46세,상해없음,승용,남,40세,경상
2016031100100485,2016년 3월 11일 18시,금요일,울산광역시 중구 반구동,경상사고,0,0,1,0,차대차 - 측면직각충돌,안전거리미확보,건조,맑음,단일로 - 기타,승용,남,58세,상해없음,이륜,남,32세,경상
2016031100100486,2016년 3월 11일 18시,금요일,울산광역시 북구 정자동,경상사고,0,0,1,0,차대차 - 기타,중앙선침범,건조,맑음,단일로 - 기타,승용,기타불명,기타불명,기타불명,이륜,남,38세,경상
2016031100100487,2016년 3월 11일 18시,금요일,울산광역시 울주군 온양읍,경상사고,0,0,1,0,차대차 - 측면충돌,안전운전불이행,건조,맑음,교차로 - 교차로안,승용,남,57세,상해없음,승용,남,37세,경상
2016031100100532,2016년 3월 11일 19시,금요일,울산광역시 중구 학산동,중상사고,0,1,0,0,차대차 - 측면충돌,안전거리미확보,건조,맑음,교차로 - 교차로안,승용,여,39세,상해없음,원동기,남,34세,중상
2016031100100569,2016년 3월 11일 20시,금요일,울산광역시 북구 연암동,경상사고,0,0,1,0,차대차 - 기타,안전거리미확보,건조,맑음,단일로 - 기타,승용,남,45세,상해없음,승용,여,49세,경상
2016031100100635,2016년 3월 11일 22시,금요일,울산광역시 북구 상안동,경상사고,0,0,1,0,차대사람 - 차도통행중,안전운전불이행,건조,맑음,단일로 - 기타,승용,남,44세,상해없음,보행자,남,17세,경상
2016031100100636,2016년 3월 11일 22시,금요일,울산광역시 남구 신정동,중상사고,0,1,0,0,차대사람 - 횡단중,보행자보호의무위반,건조,맑음,교차로 - 교차로안,승용,남,37세,상해없음,보행자,여,48세,중상
2016031200100042,2016년 3월 12일 01시,토요일,울산광역시 남구 야음동,경상사고,0,0,1,0,차대차 - 측면충돌,신호위반,건조,맑음,교차로 - 교차로안,승용,남,23세,상해없음,승용,남,64세,경상
2016031200100061,2016년 3월 12일 02시,토요일,울산광역시 중구 남외동,부상신고사고,0,0,0,1,차대차 - 측면직각충돌,안전운전불이행,건조,맑음,단일로 - 기타,이륜,남,24세,부상신고,승용,여,26세,기타불명
2016031200100062,2016년 3월 12일 02시,토요일,울산광역시 울주군 언양읍,경상사고,0,0,2,0,차량단독 - 전도전복,안전운전불이행,건조,맑음,단일로 - 기타,원동기,남,16세,경상,,,,
2016031200100078,2016년 3월 12일 04시,토요일,울산광역시 중구 옥교동,중상사고,0,1,0,0,차대차 - 정면충돌,안전거리미확보,건조,맑음,단일로 - 기타,기타불명,기타불명,기타불명,기타불명,이륜,남,24세,중상
2016031200100158,2016년 3월 12일 09시,토요일,울산광역시 남구 달동,중상사고,0,2,0,0,차대차 - 측면직각충돌,교차로운행방법위반,건조,맑음,교차로 - 교차로안,승용,남,60세,상해없음,승용,남,25세,중상
2016031200100187,2016년 3월 12일 10시,토요일,울산광역시 중구 남외동,부상신고사고,0,0,0,1,차대차 - 기타,불법유턴,건조,맑음,교차로 - 교차로안,기타불명,기타불명,기타불명,기타불명,이륜,남,50세,부상신고
2016031200100232,2016년 3월 12일 12시,토요일,울산광역시 울주군 언양읍,경상사고,0,0,1,0,차대차 - 추돌,안전운전불이행,건조,맑음,교차로 - 교차로안,승용,남,73세,상해없음,이륜,남,65세,경상
2016031200100321,2016년 3월 12일 15시,토요일,울산광역시 울주군 언양읍,경상사고,0,0,1,0,차대차 - 측면충돌,안전운전불이행,건조,맑음,교차로 - 교차로안,기타불명,기타불명,20세,기타불명,자전거,남,12세,경상
2016031200100383,2016년 3월 12일 17시,토요일,울산광역시 중구 남외동,경상사고,0,0,1,0,차대차 - 측면직각충돌,기타,건조,맑음,단일로 - 기타,승용,남,57세,상해없음,자전거,남,22세,경상
2016031200100384,2016년 3월 12일 17시,토요일,울산광역시 남구 달동,경상사고,0,0,1,0,차량단독 - 기타,기타,건조,맑음,단일로 - 기타,승합,남,55세,상해없음,,,,
2016031200100420,2016년 3월 12일 18시,토요일,울산광역시 중구 복산동,중상사고,0,1,0,0,차대차 - 측면직각충돌,안전거리미확보,건조,맑음,단일로 - 기타,승용,남,49세,상해없음,승용,여,48세,중상
2016031200100460,2016년 3월 12일 19시,토요일,울산광역시 남구 삼산동,경상사고,0,0,1,0,차대차 - 측면충돌,교차로운행방법위반,건조,맑음,교차로 - 교차로안,이륜,남,18세,경상,승용,남,56세,상해없음
2016031200100461,2016년 3월 12일 19시,토요일,울산광역시 남구 신정동,중상사고,0,1,0,0,차대차 - 측면직각충돌,신호위반,건조,맑음,교차로 - 교차로안,승용,남,32세,상해없음,이륜,남,66세,중상
2016031200100462,2016년 3월 12일 19시,토요일,울산광역시 울주군 삼남면,중상사고,0,1,0,0,차대차 - 추돌,안전운전불이행,건조,맑음,단일로 - 기타,이륜,남,54세,중상,건설기계,남,39세,상해없음
2016031200100520,2016년 3월 12일 21시,토요일,울산광역시 남구 신정동,부상신고사고,0,0,0,1,차대차 - 측면충돌,기타,건조,맑음,단일로 - 기타,승용,남,53세,상해없음,이륜,남,57세,부상신고
2016031300100062,2016년 3월 13일 03시,일요일,울산광역시 중구 반구동,경상사고,0,0,3,0,차대차 - 추돌,안전거리미확보,건조,맑음,단일로 - 기타,승용,남,39세,상해없음,승용,남,61세,경상
2016031300100063,2016년 3월 13일 03시,일요일,울산광역시 동구 서부동,중상사고,0,2,1,0,차대차 - 측면직각충돌,안전운전불이행,건조,맑음,단일로 - 기타,이륜,남,16세,중상,승용,남,49세,기타불명
2016031300100094,2016년 3월 13일 06시,일요일,울산광역시 울주군 온산읍,중상사고,0,1,0,0,차대차 - 측면충돌,교차로운행방법위반,건조,흐림,교차로 - 교차로안,이륜,남,60세,중상,승용,남,53세,상해없음
2016031300100125,2016년 3월 13일 09시,일요일,울산광역시 남구 달동,경상사고,0,0,2,0,차대차 - 측면충돌,안전운전불이행,건조,맑음,교차로 - 교차로부근,승용,여,49세,상해없음,승용,남,61세,상해없음
2016031300100255,2016년 3월 13일 15시,일요일,울산광역시 남구 두왕동,중상사고,0,2,1,0,차대차 - 측면충돌,안전거리미확보,건조,맑음,단일로 - 기타,승용,남,28세,상해없음,승용,여,33세,중상
2016031300100343,2016년 3월 13일 19시,일요일,울산광역시 남구 무거동,중상사고,0,1,1,0,차대차 - 측면직각충돌,안전운전불이행,기타,맑음,단일로 - 기타,승용,남,22세,중상,승용,남,25세,경상
2016031400100185,2016년 3월 14일 10시,월요일,울산광역시 남구 여천동,중상사고,0,1,0,0,차대차 - 측면충돌,안전거리미확보,건조,맑음,기타 - 기타,승용,남,57세,상해없음,화물,남,42세,중상
2016031400100204,2016년 3월 14일 11시,월요일,울산광역시 중구 학성동,중상사고,0,1,0,0,차대사람 - 기타,안전운전불이행,건조,맑음,교차로 - 교차로안,승용,남,73세,상해없음,보행자,여,83세,중상
2016031400100264,2016년 3월 14일 13시,월요일,울산광역시 울주군 상북면,경상사고,0,0,1,0,차대차 - 정면충돌,안전운전불이행,건조,맑음,단일로 - 기타,화물,남,53세,상해없음,승용,남,26세,경상
2016031400100362,2016년 3월 14일 16시,월요일,울산광역시 중구 반구동,경상사고,0,0,1,0,차대사람 - 기타,보행자보호의무위반,건조,맑음,단일로 - 횡단보도상,승용,남,20세,상해없음,보행자,여,17세,경상
2016031400100406,2016년 3월 14일 17시,월요일,울산광역시 중구 태화동,중상사고,0,1,0,0,차대차 - 추돌,안전운전불이행,건조,맑음,단일로 - 기타,화물,남,67세,상해없음,승용,남,32세,중상
2016031400100407,2016년 3월 14일 17시,월요일,울산광역시 동구 화정동,경상사고,0,0,1,0,차대사람 - 기타,안전운전불이행,건조,맑음,단일로 - 기타,이륜,남,60세,상해없음,보행자,남,7세,경상
2016031400100441,2016년 3월 14일 18시,월요일,울산광역시 남구 신정동,경상사고,0,0,1,0,차대사람 - 차도통행중,안전운전불이행,건조,맑음,단일로 - 기타,승용,여,49세,상해없음,보행자,남,57세,경상
2016031400100516,2016년 3월 14일 20시,월요일,울산광역시 울주군 온산읍,중상사고,0,1,1,0,차대차 - 정면충돌,안전운전불이행,건조,맑음,단일로 - 기타,승용,남,38세,상해없음,이륜,남,16세,경상
2016031400100546,2016년 3월 14일 21시,월요일,울산광역시 동구 일산동,경상사고,0,0,1,0,차대차 - 측면직각충돌,신호위반,건조,흐림,교차로 - 교차로부근,승용,남,67세,상해없음,자전거,남,31세,경상
2016031400100568,2016년 3월 14일 22시,월요일,울산광역시 북구 양정동,중상사고,0,1,0,0,차대차 - 정면충돌,안전거리미확보,건조,맑음,단일로 - 기타,승용,남,23세,상해없음,이륜,남,19세,중상
2016031500100057,2016년 3월 15일 05시,화요일,울산광역시 북구 명촌동,중상사고,0,1,0,0,차대차 - 측면충돌,안전운전불이행,건조,맑음,교차로 - 교차로안,승용,남,45세,기타불명,자전거,남,59세,중상
2016031500100073,2016년 3월 15일 06시,화요일,울산광역시 중구 다운동,중상사고,0,1,0,0,차대사람 - 횡단중,안전운전불이행,건조,맑음,교차로 - 교차로부근,승용,남,50세,상해없음,보행자,여,66세,중상
2016031500100074,2016년 3월 15일 06시,화요일,울산광역시 울주군 두서면,경상사고,0,0,1,0,차대사람 - 길가장자리구역통행중,안전운전불이행,건조,맑음,단일로 - 기타,승용,남,56세,기타불명,보행자,남,70세,경상
2016031500100108,2016년 3월 15일 07시,화요일,울산광역시 중구 성안동,경상사고,0,0,3,0,차대차 - 추돌,안전운전불이행,건조,맑음,단일로 - 기타,승용,남,37세,상해없음,승합,남,55세,경상
2016031500100109,2016년 3월 15일 07시,화요일,울산광역시 중구 학성동,경상사고,0,0,3,2,차대차 - 추돌,안전운전불이행,건조,맑음,단일로 - 기타,승용,남,58세,부상신고,승용,남,47세,경상
2016031500100110,2016년 3월 15일 07시,화요일,울산광역시 울주군 범서읍,중상사고,0,1,1,0,차대차 - 정면충돌,안전운전불이행,건조,맑음,단일로 - 기타,승합,남,60세,경상,승합,남,61세,상해없음
2016031500100153,2016년 3월 15일 08시,화요일,울산광역시 남구 삼산동,중상사고,0,1,0,0,차대차 - 측면충돌,안전운전불이행,건조,맑음,단일로 - 기타,승용,남,21세,기타불명,승용,남,53세,중상
2016031500100342,2016년 3월 15일 15시,화요일,울산광역시 남구 무거동,중상사고,0,1,2,0,차대차 - 기타,안전운전불이행,건조,맑음,교차로 - 교차로안,승용,남,64세,상해없음,승용,여,29세,경상
2016031500100438,2016년 3월 15일 18시,화요일,울산광역시 북구 신천동,중상사고,0,1,0,0,차대차 - 기타,직진우회전진행방해,건조,맑음,교차로 - 교차로안,승용,여,45세,상해없음,이륜,남,54세,중상
2016031500100439,2016년 3월 15일 18시,화요일,울산광역시 동구 방어동,경상사고,0,0,1,0,차대차 - 측면충돌,안전운전불이행,건조,맑음,교차로 - 교차로안,승용,여,45세,상해없음,승용,남,56세,경상
2016031500100440,2016년 3월 15일 18시,화요일,울산광역시 울주군 웅촌면,경상사고,0,0,2,0,차대차 - 측면충돌,교차로운행방법위반,건조,맑음,교차로 - 교차로안,화물,남,63세,상해없음,승용,여,55세,경상
2016031500100547,2016년 3월 15일 21시,화요일,울산광역시 북구 화봉동,부상신고사고,0,0,0,1,차대차 - 측면직각충돌,안전운전불이행,건조,맑음,교차로 - 교차로안,이륜,남,38세,부상신고,승용,남,23세,상해없음
2016031600100054,2016년 3월 16일 04시,수요일,울산광역시 남구 달동,중상사고,0,2,0,0,차대차 - 측면충돌,신호위반,건조,맑음,교차로 - 교차로안,승용,남,22세,상해없음,승용,남,39세,중상
2016031600100095,2016년 3월 16일 07시,수요일,울산광역시 울주군 삼남면,경상사고,0,0,2,1,차대차 - 측면직각충돌,교차로운행방법위반,건조,맑음,교차로 - 교차로안,승용,남,26세,경상,승용,남,42세,경상
2016031600100143,2016년 3월 16일 08시,수요일,울산광역시 중구 남외동,중상사고,0,1,0,0,차대사람 - 횡단중,보행자보호의무위반,건조,맑음,단일로 - 횡단보도상,화물,남,42세,상해없음,보행자,여,29세,중상
2016031600100170,2016년 3월 16일 09시,수요일,울산광역시 중구 성안동,경상사고,0,0,1,0,차대차 - 측면충돌,직진우회전진행방해,건조,맑음,교차로 - 교차로안,승용,여,27세,상해없음,승용,여,34세,경상
2016031600100256,2016년 3월 16일 12시,수요일,울산광역시 울주군 온양읍,중상사고,0,1,0,0,차대사람 - 횡단중,보행자보호의무위반,건조,맑음,단일로 - 기타,승용,남,33세,상해없음,보행자,여,6세,중상
2016031600100314,2016년 3월 16일 14시,수요일,울산광역시 울주군 두서면,중상사고,0,1,1,0,차대차 - 추돌,안전거리미확보,건조,맑음,교차로 - 교차로안,화물,남,40세,상해없음,승용,여,42세,경상
2016031600100419,2016년 3월 16일 17시,수요일,울산광역시 울주군 온산읍,경상사고,0,0,1,0,차대차 - 측면직각충돌,교차로운행방법위반,건조,맑음,교차로 - 교차로안,승용,남,32세,상해없음,승용,여,45세,경상
2016031600100420,2016년 3월 16일 17시,수요일,울산광역시 울주군 범서읍,중상사고,0,1,0,0,차대사람 - 횡단중,보행자보호의무위반,건조,맑음,교차로 - 교차로부근,승용,여,37세,상해없음,보행자,여,45세,중상
2016031600100543,2016년 3월 16일 20시,수요일,울산광역시 남구 달동,경상사고,0,0,4,0,차대차 - 추돌,안전운전불이행,건조,맑음,교차로 - 교차로부근,승용,남,53세,상해없음,승용,남,33세,경상
2016031700100022,2016년 3월 17일 00시,목요일,울산광역시 동구 방어동,중상사고,0,1,0,0,차량단독 - 전도전복,안전운전불이행,건조,맑음,단일로 - 교량,이륜,남,21세,상해없음,,,,
2016031700100068,2016년 3월 17일 05시,목요일,울산광역시 남구 무거동,경상사고,0,0,4,0,차대차 - 추돌,안전운전불이행,건조,맑음,단일로 - 횡단보도부근,승용,남,44세,상해없음,승합,남,47세,경상
2016031700100117,2016년 3월 17일 07시,목요일,울산광역시 북구 양정동,중상사고,0,1,0,0,차대차 - 측면충돌,안전운전불이행,건조,맑음,단일로 - 기타,자전거,남,55세,중상,자전거,남,37세,상해없음
2016031700100169,2016년 3월 17일 08시,목요일,울산광역시 남구 무거동,경상사고,0,0,1,0,차대차 - 측면충돌,신호위반,건조,맑음,교차로 - 교차로안,승용,여,45세,상해없음,승용,남,64세,경상
2016031700100291,2016년 3월 17일 12시,목요일,울산광역시 남구 선암동,중상사고,0,5,4,0,차대차 - 추돌,안전운전불이행,기타,맑음,단일로 - 기타,건설기계,남,54세,상해없음,승합,남,57세,중상
2016031700100348,2016년 3월 17일 14시,목요일,울산광역시 남구 무거동,중상사고,0,1,0,0,차대사람 - 횡단중,안전운전불이행,건조,맑음,교차로 - 교차로안,승용,여,56세,상해없음,보행자,여,18세,중상
2016031700100349,2016년 3월 17일 14시,목요일,울산광역시 울주군 삼남면,부상신고사고,0,0,0,1,차량단독 - 전도전복,안전운전불이행,건조,맑음,교차로 - 교차로부근,승용,여,44세,부상신고,,,,
2016031700100558,2016년 3월 17일 20시,목요일,울산광역시 중구 반구동,경상사고,0,0,1,0,차대차 - 측면충돌,안전운전불이행,건조,맑음,단일로 - 기타,승용,여,50세,상해없음,이륜,남,20세,경상
2016031700100559,2016년 3월 17일 20시,목요일,울산광역시 남구 달동,부상신고사고,0,0,0,1,차대사람 - 기타,안전운전불이행,건조,흐림,단일로 - 기타,승용,남,25세,상해없음,보행자,남,52세,부상신고
2016031700100560,2016년 3월 17일 20시,목요일,울산광역시 동구 화정동,경상사고,0,0,1,0,차대차 - 측면직각충돌,중앙선침범,건조,맑음,단일로 - 기타,이륜,남,17세,경상,승용,남,44세,상해없음
2016031700100630,2016년 3월 17일 22시,목요일,울산광역시 동구 화정동,중상사고,0,1,1,0,차대사람 - 기타,안전운전불이행,건조,맑음,단일로 - 기타,이륜,남,46세,중상,보행자,남,31세,경상
2016031800100015,2016년 3월 18일 00시,금요일,울산광역시 동구 방어동,중상사고,0,1,0,0,차대차 - 정면충돌,과속,건조,맑음,단일로 - 기타,승용,남,32세,상해없음,승용,남,37세,중상
2016031800100047,2016년 3월 18일 03시,금요일,울산광역시 동구 화정동,경상사고,0,0,1,0,차대사람 - 횡단중,안전운전불이행,건조,맑음,단일로 - 기타,기타불명,기타불명,기타불명,기타불명,보행자,남,23세,경상
2016031800100069,2016년 3월 18일 05시,금요일,울산광역시 울주군 언양읍,경상사고,0,0,1,0,차대차 - 추돌,안전운전불이행,습기,비,단일로 - 기타,화물,남,37세,상해없음,승용,여,37세,경상
2016031800100201,2016년 3월 18일 10시,금요일,울산광역시 중구 서동,경상사고,0,0,1,1,차대차 - 측면충돌,신호위반,건조,맑음,교차로 - 교차로안,승용,여,58세,부상신고,승용,남,53세,경상
2016031800100202,2016년 3월 18일 10시,금요일,울산광역시 남구 여천동,경상사고,0,0,1,0,차량단독 - 전도전복,안전운전불이행,습기,비,단일로 - 기타,화물,남,27세,경상,,,,
2016031800100229,2016년 3월 18일 11시,금요일,울산광역시 동구 방어동,중상사고,0,1,0,0,차대차 - 정면충돌,중앙선침범,습기,비,단일로 - 기타,화물,남,45세,상해없음,화물,남,36세,중상
2016031800100230,2016년 3월 18일 11시,금요일,울산광역시 울주군 웅촌면,중상사고,0,2,0,0,차대차 - 추돌,안전운전불이행,습기,비,교차로 - 교차로부근,화물,남,45세,상해없음,승용,여,40세,중상
2016031800100284,2016년 3월 18일 13시,금요일,울산광역시 울주군 청량면,중상사고,0,1,0,0,차대차 - 기타,안전거리미확보,습기,비,교차로 - 교차로부근,승용,여,40세,상해없음,화물,남,49세,중상
2016031800100340,2016년 3월 18일 15시,금요일,울산광역시 동구 화정동,경상사고,0,0,1,0,차대사람 - 횡단중,보행자보호의무위반,습기,비,단일로 - 횡단보도상,이륜,남,48세,상해없음,보행자,남,12세,경상
2016031800100374,2016년 3월 18일 16시,금요일,울산광역시 울주군 청량면,중상사고,0,1,0,0,차대차 - 측면충돌,안전운전불이행,습기,비,교차로 - 교차로안,승용,여,42세,상해없음,승용,남,56세,중상
2016031800100420,2016년 3월 18일 17시,금요일,울산광역시 중구 태화동,경상사고,0,0,1,0,차대차 - 추돌,직진우회전진행방해,습기,비,교차로 - 교차로안,승용,남,33세,상해없음,승용,여,49세,경상
2016031800100421,2016년 3월 18일 17시,금요일,울산광역시 남구 달동,경상사고,0,0,1,0,차대차 - 추돌,안전운전불이행,건조,맑음,교차로 - 교차로부근,승합,남,41세,상해없음,승용,남,52세,경상
2016031800100422,2016년 3월 18일 17시,금요일,울산광역시 동구 일산동,경상사고,0,0,3,0,차대차 - 측면직각충돌,직진우회전진행방해,습기,비,교차로 - 교차로안,승용,남,44세,상해없음,승용,남,63세,상해없음
2016031800100467,2016년 3월 18일 18시,금요일,울산광역시 중구 태화동,경상사고,0,0,3,0,차대차 - 정면충돌,안전거리미확보,습기,비,단일로 - 기타,화물,남,59세,상해없음,승용,남,66세,경상
2016031800100549,2016년 3월 18일 20시,금요일,울산광역시 중구 유곡동,중상사고,0,1,0,0,차대사람 - 횡단중,안전운전불이행,건조,맑음,교차로 - 교차로안,승용,남,18세,상해없음,보행자,여,33세,중상
2016031800100550,2016년 3월 18일 20시,금요일,울산광역시 중구 남외동,경상사고,0,0,1,0,차대차 - 추돌,안전거리미확보,습기,비,교차로 - 교차로안,승용,남,49세,상해없음,승용,여,37세,경상
2016031800100605,2016년 3월 18일 22시,금요일,울산광역시 남구 신정동,경상사고,0,0,1,0,차대차 - 기타,중앙선침범,습기,비,단일로 - 기타,기타불명,기타불명,기타불명,기타불명,원동기,남,27세,경상
2016031800100640,2016년 3월 18일 23시,금요일,울산광역시 동구 방어동,경상사고,0,0,2,0,차대차 - 추돌,안전운전불이행,습기,흐림,교차로 - 교차로부근,승용,남,45세,상해없음,승용,여,45세,경상
2016031900100059,2016년 3월 19일 02시,토요일,울산광역시 남구 야음동,경상사고,0,0,2,0,차대차 - 측면직각충돌,안전운전불이행,기타,기타,단일로 - 기타,승용,남,23세,상해없음,승용,여,48세,경상
2016031900100078,2016년 3월 19일 04시,토요일,울산광역시 남구 신정동,경상사고,0,0,1,0,차대사람 - 길가장자리구역통행중,안전운전불이행,습기,흐림,교차로 - 교차로안,승합,남,64세,상해없음,보행자,남,57세,경상
2016031900100090,2016년 3월 19일 05시,토요일,울산광역시 남구 삼산동,중상사고,0,1,1,0,차대차 - 측면직각충돌,직진우회전진행방해,건조,맑음,교차로 - 교차로안,승용,남,41세,중상,승용,남,46세,경상
2016031900100120,2016년 3월 19일 07시,토요일,울산광역시 중구 유곡동,중상사고,0,1,1,0,차대차 - 측면충돌,신호위반,건조,맑음,교차로 - 교차로안,승용,남,57세,중상,승용,남,32세,경상
2016031900100303,2016년 3월 19일 13시,토요일,울산광역시 중구 반구동,중상사고,0,1,0,0,차대차 - 추돌,안전운전불이행,건조,맑음,교차로 - 교차로안,승용,여,40세,상해없음,승용,여,33세,중상
2016031900100384,2016년 3월 19일 15시,토요일,울산광역시 북구 명촌동,중상사고,0,1,0,0,차대차 - 기타,안전운전불이행,건조,맑음,단일로 - 기타,승용,남,35세,상해없음,자전거,남,57세,중상
2016031900100385,2016년 3월 19일 15시,토요일,울산광역시 남구 신정동,중상사고,0,1,0,0,차대사람 - 보도통행중,기타,건조,맑음,단일로 - 기타,이륜,여,51세,상해없음,보행자,여,76세,중상
2016031900100432,2016년 3월 19일 16시,토요일,울산광역시 중구 복산동,중상사고,0,1,0,1,차대차 - 측면직각충돌,안전운전불이행,건조,맑음,단일로 - 기타,승용,여,45세,부상신고,승용,여,60세,중상
2016031900100433,2016년 3월 19일 16시,토요일,울산광역시 울주군 서생면,경상사고,0,0,1,0,차량단독 - 기타,안전운전불이행,건조,맑음,단일로 - 기타,승용,여,66세,경상,,,,
2016031900100502,2016년 3월 19일 18시,토요일,울산광역시 중구 교동,중상사고,0,1,0,0,차량단독 - 기타,안전운전불이행,건조,맑음,단일로 - 기타,승합,남,47세,상해없음,,,,
2016031900100503,2016년 3월 19일 18시,토요일,울산광역시 남구 무거동,중상사고,0,1,0,0,차대사람 - 기타,안전운전불이행,건조,맑음,교차로 - 교차로부근,승합,남,51세,상해없음,보행자,남,18세,중상
2016031900100605,2016년 3월 19일 21시,토요일,울산광역시 중구 서동,경상사고,0,0,1,0,차대차 - 측면직각충돌,신호위반,건조,맑음,교차로 - 교차로안,승용,남,28세,상해없음,승용,남,26세,경상
2016032000100038,2016년 3월 20일 01시,일요일,울산광역시 남구 삼산동,경상사고,0,0,1,0,차대사람 - 횡단중,안전운전불이행,건조,맑음,단일로 - 기타,승용,남,57세,상해없음,보행자,여,30세,경상
2016032000100113,2016년 3월 20일 07시,일요일,울산광역시 동구 방어동,중상사고,0,1,1,0,차량단독 - 전도전복,안전운전불이행,건조,맑음,교차로 - 교차로안,승용,남,28세,상해없음,,,,
2016032000100158,2016년 3월 20일 10시,일요일,울산광역시 남구 신정동,경상사고,0,0,1,0,차대차 - 측면충돌,직진우회전진행방해,건조,맑음,교차로 - 교차로안,승용,여,29세,상해없음,이륜,남,24세,경상
2016032000100173,2016년 3월 20일 11시,일요일,울산광역시 중구 태화동,중상사고,0,1,0,0,차대차 - 측면충돌,안전거리미확보,건조,맑음,단일로 - 기타,승용,남,53세,상해없음,이륜,남,42세,중상
2016032000100256,2016년 3월 20일 14시,일요일,울산광역시 남구 삼산동,중상사고,0,1,7,0,차대차 - 측면충돌,신호위반,건조,맑음,교차로 - 교차로안,승용,남,63세,경상,승용,남,41세,경상