사고번호,사고일시,요일,시군구,사고내용,사망자수,중상자수,경상자수,부상신고자수,사고유형,법규위반,노면상태,기상상태,도로형태,가해운전자 차종,가해운전자 성별,가해운전자 연령,가해운전자 상해정도,피해운전자 차종,피해운전자 성별,피해운전자 연령,피해운전자 상해정도
2016033000100039,2016년 3월 30일 04시,수요일,울산광역시 남구 삼산동,중상사고,0,2,0,0,차대차 - 측면충돌,신호위반,건조,맑음,교차로 - 교차로안,화물,여,41세,상해없음,승용,남,36세,중상
2016033000100159,2016년 3월 30일 09시,수요일,울산광역시 남구 야음동,중상사고,0,1,0,0,차대차 - 추돌,중앙선침범,건조,맑음,단일로 - 기타,자전거,남,77세,중상,승용,여,63세,상해없음
2016033000100160,2016년 3월 30일 09시,수요일,울산광역시 남구 신정동,경상사고,0,0,3,0,차대차 - 추돌,안전거리미확보,건조,맑음,교차로 - 교차로부근,승합,남,50세,상해없음,화물,남,55세,상해없음
2016033000100223,2016년 3월 30일 11시,수요일,울산광역시 울주군 온양읍,중상사고,0,1,0,2,차대차 - 측면충돌,교차로운행방법위반,건조,맑음,교차로 - 교차로안,승용,여,48세,상해없음,승용,남,56세,중상
2016033000100250,2016년 3월 30일 12시,수요일,울산광역시 남구 신정동,중상사고,0,1,0,0,차대차 - 측면충돌,안전운전불이행,건조,맑음,교차로 - 교차로안,승용,여,49세,상해없음,자전거,여,54세,중상
2016033000100281,2016년 3월 30일 13시,수요일,울산광역시 중구 반구동,중상사고,0,1,0,0,차대차 - 기타,안전운전불이행,건조,맑음,단일로 - 기타,자전거,남,56세,상해없음,자전거,남,36세,중상
2016033000100323,2016년 3월 30일 14시,수요일,울산광역시 울주군 삼동면,사망사고,1,0,0,0,차대차 - 측면충돌,안전운전불이행,건조,맑음,단일로 - 기타,승용,여,51세,상해없음,원동기,남,77세,사망
2016033000100363,2016년 3월 30일 15시,수요일,울산광역시 북구 명촌동,경상사고,0,0,2,1,차대차 - 측면직각충돌,교차로운행방법위반,건조,맑음,교차로 - 교차로안,승용,남,68세,부상신고,승용,여,42세,경상
2016033000100403,2016년 3월 30일 16시,수요일,울산광역시 남구 삼산동,중상사고,0,1,0,0,차대차 - 기타,차로위반,건조,맑음,교차로 - 교차로안,승용,남,68세,상해없음,승합,남,46세,상해없음
2016033000100404,2016년 3월 30일 16시,수요일,울산광역시 남구 무거동,경상사고,0,0,1,1,차대차 - 측면직각충돌,안전거리미확보,건조,맑음,교차로 - 교차로안,승용,여,48세,상해없음,승용,여,37세,경상
2016033000100432,2016년 3월 30일 17시,수요일,울산광역시 북구 연암동,경상사고,0,0,2,0,차대차 - 기타,차로위반,건조,맑음,단일로 - 기타,화물,남,50세,상해없음,승용,여,22세,경상
2016033000100469,2016년 3월 30일 18시,수요일,울산광역시 중구 반구동,경상사고,0,0,1,0,차대사람 - 차도통행중,안전운전불이행,건조,맑음,교차로 - 교차로안,승용,여,30세,상해없음,보행자,남,4세,경상
2016033000100470,2016년 3월 30일 18시,수요일,울산광역시 울주군 온양읍,경상사고,0,0,1,1,차대차 - 정면충돌,교차로운행방법위반,건조,맑음,교차로 - 교차로부근,승용,남,53세,상해없음,이륜,남,16세,경상
2016033000100557,2016년 3월 30일 21시,수요일,울산광역시 중구 반구동,중상사고,0,1,0,0,차대차 - 기타,교차로운행방법위반,건조,맑음,교차로 - 교차로안,승용,남,52세,상해없음,자전거,여,60세,중상
2016033000100583,2016년 3월 30일 22시,수요일,울산광역시 중구 약사동,경상사고,0,0,2,0,차대차 - 측면직각충돌,신호위반,건조,맑음,교차로 - 교차로안,승용,여,41세,상해없음,승용,여,34세,경상
2016033100100016,2016년 3월 31일 00시,목요일,울산광역시 남구 삼산동,경상사고,0,0,2,0,차대차 - 측면충돌,안전운전불이행,건조,맑음,단일로 - 기타,승용,남,23세,상해없음,승용,남,54세,경상
2016033100100057,2016년 3월 31일 06시,목요일,울산광역시 울주군 온산읍,경상사고,0,0,1,1,차대차 - 정면충돌,안전운전불이행,기타,맑음,교차로 - 교차로부근,이륜,남,30세,부상신고,화물,남,47세,경상
2016033100100121,2016년 3월 31일 08시,목요일,울산광역시 울주군 청량면,경상사고,0,0,2,1,차대차 - 측면충돌,안전거리미확보,건조,맑음,단일로 - 기타,화물,남,59세,상해없음,승합,남,40세,부상신고
2016033100100181,2016년 3월 31일 10시,목요일,울산광역시 남구 신정동,경상사고,0,0,1,0,차대차 - 기타,안전운전불이행,건조,맑음,단일로 - 기타,승용,남,71세,상해없음,승용,여,23세,경상
2016033100100182,2016년 3월 31일 10시,목요일,울산광역시 남구 야음동,경상사고,0,0,1,0,차대차 - 측면충돌,안전운전불이행,건조,맑음,단일로 - 기타,화물,남,53세,상해없음,이륜,남,57세,경상
2016033100100282,2016년 3월 31일 14시,목요일,울산광역시 동구 방어동,중상사고,0,1,0,0,차대차 - 기타,교차로운행방법위반,건조,맑음,교차로 - 교차로안,이륜,남,35세,중상,승용,여,35세,상해없음
2016033100100397,2016년 3월 31일 17시,목요일,울산광역시 북구 연암동,중상사고,0,1,0,1,차대차 - 추돌,안전운전불이행,건조,맑음,단일로 - 기타,승용,남,64세,상해없음,승용,남,38세,중상
2016033100100498,2016년 3월 31일 20시,목요일,울산광역시 동구 주전동,중상사고,0,1,0,0,차대차 - 정면충돌,불법유턴,건조,맑음,단일로 - 기타,승용,남,43세,기타불명,이륜,남,55세,중상
2016033100100555,2016년 3월 31일 22시,목요일,울산광역시 울주군 삼남면,부상신고사고,0,0,0,1,차대차 - 추돌,안전거리미확보,건조,맑음,교차로 - 교차로안,승용,여,47세,상해없음,승용,여,49세,부상신고
2016033100100578,2016년 3월 31일 23시,목요일,울산광역시 북구 중산동,중상사고,0,1,0,0,차대사람 - 횡단중,안전운전불이행,건조,맑음,단일로 - 기타,승용,남,34세,상해없음,보행자,남,44세,중상
2016040100100015,2016년 4월 1일 00시,금요일,울산광역시 동구 방어동,중상사고,0,2,0,0,차대차 - 정면충돌,중앙선침범,건조,맑음,단일로 - 기타,승용,남,27세,상해없음,승용,남,19세,중상
2016040100100016,2016년 4월 1일 00시,금요일,울산광역시 북구 양정동,경상사고,0,0,1,0,차대차 - 측면충돌,불법유턴,건조,맑음,단일로 - 기타,승용,남,38세,상해없음,이륜,남,36세,경상
2016040100100039,2016년 4월 1일 01시,금요일,울산광역시 동구 방어동,경상사고,0,0,3,0,차대사람 - 횡단중,안전운전불이행,건조,맑음,단일로 - 기타,이륜,남,36세,경상,보행자,남,23세,경상
2016040100100040,2016년 4월 1일 01시,금요일,울산광역시 동구 방어동,경상사고,0,0,1,0,차대차 - 기타,직진우회전진행방해,건조,맑음,교차로 - 교차로부근,승용,남,45세,상해없음,승용,남,34세,경상
2016040100100115,2016년 4월 1일 07시,금요일,울산광역시 울주군 온산읍,중상사고,0,2,1,2,차대차 - 측면직각충돌,신호위반,건조,맑음,교차로 - 교차로안,승용,남,34세,상해없음,승용,남,29세,경상
2016040100100194,2016년 4월 1일 09시,금요일,울산광역시 중구 남외동,경상사고,0,0,1,0,차대사람 - 횡단중,보행자보호의무위반,건조,맑음,교차로 - 교차로안,승용,여,46세,상해없음,보행자,남,24세,경상
2016040100100224,2016년 4월 1일 10시,금요일,울산광역시 북구 상안동,경상사고,0,0,1,0,차대사람 - 횡단중,보행자보호의무위반,건조,맑음,단일로 - 횡단보도상,이륜,남,46세,상해없음,보행자,남,21세,경상
2016040100100225,2016년 4월 1일 10시,금요일,울산광역시 남구 달동,중상사고,0,1,0,0,차대사람 - 기타,안전운전불이행,건조,맑음,단일로 - 횡단보도부근,화물,남,58세,상해없음,보행자,남,74세,중상
2016040100100306,2016년 4월 1일 13시,금요일,울산광역시 울주군 삼남면,경상사고,0,0,2,0,차대차 - 측면직각충돌,교차로운행방법위반,건조,맑음,교차로 - 교차로안,승용,남,54세,경상,승용,남,66세,기타불명
2016040100100341,2016년 4월 1일 14시,금요일,울산광역시 중구 태화동,경상사고,0,0,1,0,차대차 - 측면직각충돌,교차로운행방법위반,건조,맑음,교차로 - 교차로안,승용,남,26세,상해없음,승용,여,37세,경상
2016040100100342,2016년 4월 1일 14시,금요일,울산광역시 울주군 언양읍,중상사고,0,1,1,0,차대차 - 측면직각충돌,차로위반,건조,맑음,단일로 - 기타,건설기계,남,56세,상해없음,승용,여,55세,중상
2016040100100424,2016년 4월 1일 16시,금요일,울산광역시 남구 달동,중상사고,0,1,0,0,차대차 - 측면충돌,안전운전불이행,건조,맑음,단일로 - 기타,승합,남,49세,상해없음,승용,남,67세,중상
2016040100100467,2016년 4월 1일 17시,금요일,울산광역시 남구 신정동,중상사고,0,1,0,0,차대사람 - 횡단중,안전운전불이행,건조,맑음,교차로 - 교차로부근,승합,남,37세,상해없음,보행자,여,69세,중상
2016040100100468,2016년 4월 1일 17시,금요일,울산광역시 동구 화정동,중상사고,0,1,0,0,차대사람 - 기타,안전운전불이행,건조,맑음,기타 - 기타,승용,여,49세,상해없음,보행자,남,60세,중상
2016040100100469,2016년 4월 1일 17시,금요일,울산광역시 울주군 삼남면,경상사고,0,0,3,0,차대차 - 측면직각충돌,안전운전불이행,건조,맑음,교차로 - 교차로안,화물,남,72세,경상,화물,남,66세,경상
2016040100100515,2016년 4월 1일 18시,금요일,울산광역시 북구 화봉동,경상사고,0,0,1,0,차대차 - 측면충돌,직진우회전진행방해,건조,맑음,교차로 - 교차로안,이륜,남,57세,경상,승용,남,38세,상해없음
2016040100100572,2016년 4월 1일 19시,금요일,울산광역시 남구 삼산동,부상신고사고,0,0,0,1,차대차 - 추돌,안전운전불이행,건조,맑음,단일로 - 기타,승용,남,58세,상해없음,승용,남,61세,부상신고
2016040100100734,2016년 4월 1일 23시,금요일,울산광역시 북구 연암동,중상사고,0,2,1,1,차대차 - 측면충돌,직진우회전진행방해,건조,맑음,교차로 - 교차로안,승용,남,62세,부상신고,승용,여,48세,경상
2016040200100022,2016년 4월 2일 00시,토요일,울산광역시 북구 중산동,경상사고,0,0,2,0,차대차 - 추돌,안전운전불이행,건조,맑음,교차로 - 교차로부근,승용,남,33세,상해없음,승용,남,35세,경상
2016040200100074,2016년 4월 2일 03시,토요일,울산광역시 중구 복산동,경상사고,0,0,3,0,차대차 - 추돌,안전운전불이행,건조,맑음,교차로 - 교차로부근,승용,남,36세,상해없음,승용,남,59세,경상
2016040200100096,2016년 4월 2일 05시,토요일,울산광역시 남구 신정동,경상사고,0,0,1,0,차대사람 - 기타,안전운전불이행,습기,흐림,교차로 - 교차로안,승용,남,19세,상해없음,보행자,남,26세,경상
2016040200100108,2016년 4월 2일 06시,토요일,울산광역시 남구 선암동,중상사고,0,1,0,0,차대차 - 추돌,안전운전불이행,건조,흐림,단일로 - 기타,화물,남,59세,상해없음,건설기계,남,53세,중상
2016040200100113,2016년 4월 2일 07시,토요일,울산광역시 울주군 범서읍,경상사고,0,0,3,0,차대차 - 추돌,안전운전불이행,건조,맑음,단일로 - 기타,승용,남,23세,상해없음,승용,남,55세,경상
2016040200100218,2016년 4월 2일 10시,토요일,울산광역시 남구 선암동,경상사고,0,0,3,0,차대차 - 측면충돌,차로위반,건조,맑음,단일로 - 기타,화물,남,61세,기타불명,승용,여,24세,경상
2016040200100258,2016년 4월 2일 11시,토요일,울산광역시 중구 성남동,부상신고사고,0,0,0,1,차대차 - 기타,안전운전불이행,건조,맑음,단일로 - 기타,자전거,여,56세,부상신고,화물,남,38세,기타불명
2016040200100294,2016년 4월 2일 12시,토요일,울산광역시 북구 진장동,경상사고,0,0,1,0,차대사람 - 기타,안전운전불이행,건조,맑음,단일로 - 기타,승용,남,52세,상해없음,보행자,남,62세,경상
2016040200100339,2016년 4월 2일 13시,토요일,울산광역시 울주군 온양읍,경상사고,0,0,1,0,차대차 - 기타,안전운전불이행,건조,맑음,단일로 - 기타,화물,남,62세,기타불명,자전거,남,59세,경상
2016040200100474,2016년 4월 2일 16시,토요일,울산광역시 중구 태화동,중상사고,0,1,1,0,차대차 - 추돌,안전운전불이행,건조,맑음,단일로 - 기타,승용,남,26세,상해없음,승용,여,26세,경상
2016040200100550,2016년 4월 2일 18시,토요일,울산광역시 중구 태화동,경상사고,0,0,1,0,차대차 - 측면충돌,신호위반,건조,맑음,교차로 - 교차로부근,승용,남,47세,상해없음,이륜,남,43세,경상
2016040200100625,2016년 4월 2일 20시,토요일,울산광역시 울주군 삼남면,중상사고,0,1,0,0,차대사람 - 횡단중,안전운전불이행,건조,맑음,교차로 - 교차로부근,승용,남,63세,상해없음,보행자,남,55세,중상
2016040200100648,2016년 4월 2일 21시,토요일,울산광역시 중구 태화동,중상사고,0,1,0,0,차대사람 - 횡단중,안전운전불이행,건조,맑음,단일로 - 기타,승용,여,59세,상해없음,보행자,남,60세,중상
2016040200100654,2016년 4월 2일 22시,토요일,울산광역시 울주군 삼남면,중상사고,0,1,2,0,차대차 - 기타,안전거리미확보,건조,맑음,단일로 - 기타,승용,남,39세,상해없음,승용,남,50세,경상
2016040300100024,2016년 4월 3일 00시,일요일,울산광역시 남구 삼산동,중상사고,0,1,0,0,차대사람 - 횡단중,안전운전불이행,기타,기타,단일로 - 기타,승용,남,57세,상해없음,보행자,남,32세,중상
2016040300100068,2016년 4월 3일 02시,일요일,울산광역시 남구 삼산동,경상사고,0,0,1,0,차대차 - 측면충돌,신호위반,건조,맑음,교차로 - 교차로안,승용,남,33세,상해없음,승용,남,30세,경상
2016040300100157,2016년 4월 3일 09시,일요일,울산광역시 남구 옥동,중상사고,0,1,2,0,차대차 - 추돌,안전거리미확보,습기,비,교차로 - 교차로부근,승용,남,63세,상해없음,승용,여,62세,경상
2016040300100300,2016년 4월 3일 14시,일요일,울산광역시 중구 성남동,경상사고,0,0,1,0,차대차 - 추돌,안전거리미확보,습기,비,단일로 - 기타,승용,남,51세,상해없음,승용,남,23세,경상
2016040300100339,2016년 4월 3일 15시,일요일,울산광역시 남구 두왕동,경상사고,0,0,1,0,차대차 - 추돌,안전운전불이행,습기,비,교차로 - 교차로부근,승용,남,54세,상해없음,화물,남,67세,상해없음
2016040300100340,2016년 4월 3일 15시,일요일,울산광역시 남구 선암동,중상사고,0,1,2,0,차대차 - 측면충돌,신호위반,습기,비,교차로 - 교차로안,화물,남,40세,상해없음,승용,남,36세,중상
2016040300100409,2016년 4월 3일 17시,일요일,울산광역시 북구 효문동,중상사고,0,4,2,0,차대차 - 측면직각충돌,안전거리미확보,습기,비,단일로 - 교량,승용,남,45세,상해없음,승용,남,52세,중상
2016040300100479,2016년 4월 3일 19시,일요일,울산광역시 울주군 온양읍,중상사고,0,2,2,0,차대차 - 추돌,안전운전불이행,습기,비,교차로 - 교차로부근,승용,남,55세,상해없음,승용,남,45세,중상
2016040300100511,2016년 4월 3일 20시,일요일,울산광역시 중구 교동,경상사고,0,0,1,0,차량단독 - 전도전복,안전운전불이행,건조,맑음,단일로 - 기타,승용,남,28세,경상,,,,
2016040300100567,2016년 4월 3일 22시,일요일,울산광역시 남구 신정동,부상신고사고,0,0,0,1,차대사람 - 횡단중,안전거리미확보,건조,맑음,단일로 - 기타,이륜,남,17세,상해없음,보행자,남,29세,부상신고
2016040300100587,2016년 4월 3일 23시,일요일,울산광역시 남구 야음동,경상사고,0,0,1,0,차대차 - 측면직각충돌,교차로운행방법위반,습기,비,교차로 - 교차로부근,승용,여,31세,상해없음,승용,남,26세,경상
2016040400100011,2016년 4월 4일 00시,월요일,울산광역시 중구 반구동,부상신고사고,0,0,0,1,차대차 - 기타,안전운전불이행,습기,비,교차로 - 교차로안,자전거,남,76세,부상신고,승용,여,48세,상해없음
2016040400100032,2016년 4월 4일 02시,월요일,울산광역시 남구 삼산동,경상사고,0,0,1,0,차대차 - 측면충돌,중앙선침범,습기,비,교차로 - 교차로부근,승용,여,37세,상해없음,승용,남,61세,경상
2016040400100055,2016년 4월 4일 05시,월요일,울산광역시 남구 신정동,경상사고,0,0,1,0,차대차 - 측면충돌,신호위반,건조,맑음,교차로 - 교차로안,승용,여,56세,상해없음,승용,남,32세,경상
2016040400100076,2016년 4월 4일 06시,월요일,울산광역시 북구 송정동,경상사고,0,0,2,0,차대차 - 추돌,안전운전불이행,건조,맑음,단일로 - 기타,승용,남,42세,상해없음,승용,남,28세,경상
2016040400100112,2016년 4월 4일 07시,월요일,울산광역시 중구 태화동,중상사고,0,1,0,0,차량단독 - 기타,안전운전불이행,건조,맑음,단일로 - 기타,승합,남,40세,상해없음,,,,
2016040400100204,2016년 4월 4일 09시,월요일,울산광역시 동구 전하동,경상사고,0,0,1,0,차대차 - 측면충돌,직진우회전진행방해,습기,흐림,교차로 - 교차로안,승용,여,47세,상해없음,이륜,남,23세,경상
2016040400100205,2016년 4월 4일 09시,월요일,울산광역시 동구 전하동,중상사고,0,1,0,0,차대사람 - 기타,불법유턴,습기,비,단일로 - 기타,승용,여,52세,상해없음,보행자,여,65세,중상
2016040400100360,2016년 4월 4일 14시,월요일,울산광역시 남구 두왕동,중상사고,0,3,0,0,차대차 - 측면충돌,중앙선침범,건조,맑음,단일로 - 기타,승용,남,62세,중상,승용,남,52세,중상
2016040400100361,2016년 4월 4일 14시,월요일,울산광역시 남구 야음동,경상사고,0,0,1,0,차대차 - 측면충돌,안전운전불이행,건조,맑음,단일로 - 기타,이륜,남,17세,경상,승용,남,53세,상해없음
2016040400100425,2016년 4월 4일 16시,월요일,울산광역시 중구 학성동,부상신고사고,0,0,0,1,차대사람 - 횡단중,안전운전불이행,건조,맑음,단일로 - 기타,기타불명,기타불명,기타불명,기타불명,보행자,남,71세,부상신고
2016040400100474,2016년 4월 4일 17시,월요일,울산광역시 동구 동부동,경상사고,0,0,1,0,차대사람 - 횡단중,안전운전불이행,건조,맑음,교차로 - 교차로안,승합,남,37세,상해없음,보행자,남,8세,경상
2016040400100539,2016년 4월 4일 19시,월요일,울산광역시 울주군 온양읍,중상사고,0,1,2,0,차대차 - 정면충돌,신호위반,건조,맑음,교차로 - 교차로부근,승용,남,55세,경상,승용,여,42세,경상
2016040400100581,2016년 4월 4일 20시,월요일,울산광역시 북구 연암동,중상사고,0,1,0,0,차대차 - 측면직각충돌,직진우회전진행방해,건조,맑음,교차로 - 교차로안,승용,여,23세,상해없음,원동기,남,26세,중상
2016040400100646,2016년 4월 4일 23시,월요일,울산광역시 중구 유곡동,경상사고,0,0,3,0,차대차 - 추돌,안전운전불이행,건조,맑음,단일로 - 기타,승용,남,23세,상해없음,승용,남,21세,경상
2016040400100647,2016년 4월 4일 23시,월요일,울산광역시 울주군 온산읍,중상사고,0,1,0,0,차대차 - 측면충돌,신호위반,건조,맑음,교차로 - 교차로안,승용,남,44세,상해없음,승용,남,54세,중상
2016040500100018,2016년 4월 5일 00시,화요일,울산광역시 중구 반구동,경상사고,0,0,1,0,차량단독 - 전도전복,안전운전불이행,건조,맑음,단일로 - 교량,승용,여,30세,경상,,,,
2016040500100025,2016년 4월 5일 01시,화요일,울산광역시 중구 다운동,중상사고,0,1,0,0,차대사람 - 횡단중,과속,건조,맑음,단일로 - 기타,화물,남,49세,상해없음,보행자,남,24세,중상
2016040500100047,2016년 4월 5일 05시,화요일,울산광역시 중구 북정동,중상사고,0,1,0,0,차대차 - 측면직각충돌,안전운전불이행,건조,맑음,단일로 - 기타,승용,여,46세,상해없음,승용,남,57세,중상
2016040500100058,2016년 4월 5일 06시,화요일,울산광역시 남구 신정동,경상사고,0,0,2,0,차대차 - 측면직각충돌,신호위반,건조,맑음,교차로 - 교차로안,승용,남,58세,상해없음,승용,여,48세,경상
2016040500100392,2016년 4월 5일 15시,화요일,울산광역시 중구 복산동,부상신고사고,0,0,0,1,차대차 - 측면충돌,안전운전불이행,건조,맑음,단일로 - 횡단보도상,자전거,남,81세,부상신고,이륜,남,33세,상해없음
2016040500100439,2016년 4월 5일 16시,화요일,울산광역시 중구 남외동,경상사고,0,0,1,0,차대사람 - 길가장자리구역통행중,안전운전불이행,건조,맑음,단일로 - 기타,승용,남,39세,상해없음,보행자,여,58세,경상
2016040500100440,2016년 4월 5일 16시,화요일,울산광역시 북구 진장동,경상사고,0,0,1,0,차대차 - 측면충돌,안전운전불이행,건조,맑음,단일로 - 기타,승용,남,47세,상해없음,승용,여,47세,경상
2016040500100441,2016년 4월 5일 16시,화요일,울산광역시 북구 신천동,경상사고,0,0,1,0,차대차 - 측면충돌,안전운전불이행,건조,맑음,단일로 - 기타,이륜,남,65세,경상,승용,남,76세,상해없음
2016040500100442,2016년 4월 5일 16시,화요일,울산광역시 북구 화봉동,경상사고,0,0,1,0,차대사람 - 횡단중,보행자보호의무위반,건조,맑음,단일로 - 횡단보도상,승용,여,41세,상해없음,보행자,여,54세,경상
2016040500100671,2016년 4월 5일 23시,화요일,울산광역시 울주군 언양읍,경상사고,0,0,1,0,차대사람 - 횡단중,보행자보호의무위반,건조,맑음,교차로 - 교차로안,승용,남,27세,상해없음,보행자,남,54세,경상
2016040600100045,2016년 4월 6일 04시,수요일,울산광역시 남구 무거동,중상사고,0,1,0,0,차대차 - 측면충돌,안전운전불이행,건조,맑음,단일로 - 횡단보도상,이륜,남,25세,중상,승용,남,28세,상해없음
2016040600100052,2016년 4월 6일 05시,수요일,울산광역시 울주군 온산읍,경상사고,0,0,1,0,차대사람 - 횡단중,보행자보호의무위반,건조,맑음,교차로 - 교차로안,승용,남,49세,상해없음,보행자,여,61세,경상
2016040600100085,2016년 4월 6일 07시,수요일,울산광역시 남구 삼산동,경상사고,0,0,1,0,차대차 - 추돌,안전거리미확보,건조,맑음,단일로 - 기타,승용,남,28세,상해없음,승용,여,41세,경상
2016040600100086,2016년 4월 6일 07시,수요일,울산광역시 동구 방어동,경상사고,0,0,1,0,차대차 - 측면충돌,교차로운행방법위반,건조,맑음,교차로 - 교차로안,이륜,남,37세,경상,승용,남,47세,상해없음
2016040600100154,2016년 4월 6일 09시,수요일,울산광역시 북구 진장동,중상사고,0,3,2,0,차대차 - 추돌,안전거리미확보,건조,맑음,교차로 - 교차로부근,승합,남,52세,상해없음,화물,남,55세,경상
2016040600100155,2016년 4월 6일 09시,수요일,울산광역시 북구 연암동,중상사고,0,1,0,0,차대차 - 기타,신호위반,건조,맑음,교차로 - 교차로안,승용,남,57세,상해없음,승용,남,25세,중상
2016040600100156,2016년 4월 6일 09시,수요일,울산광역시 남구 삼산동,중상사고,0,1,2,0,차대차 - 측면충돌,신호위반,건조,맑음,교차로 - 교차로부근,승용,남,48세,상해없음,승용,여,32세,경상
2016040600100157,2016년 4월 6일 09시,수요일,울산광역시 울주군 온양읍,부상신고사고,0,0,0,1,차대사람 - 길가장자리구역통행중,안전운전불이행,건조,맑음,단일로 - 기타,기타불명,기타불명,기타불명,기타불명,보행자,여,77세,부상신고
2016040600100333,2016년 4월 6일 15시,수요일,울산광역시 중구 반구동,중상사고,0,1,0,0,차대사람 - 기타,안전운전불이행,건조,맑음,단일로 - 기타,승용,남,40세,상해없음,보행자,여,10세,중상
2016040600100334,2016년 4월 6일 15시,수요일,울산광역시 남구 무거동,사망사고,1,0,0,0,차량단독 - 전도전복,안전운전불이행,건조,맑음,단일로 - 기타,이륜,남,21세,사망,,,,
2016040600100380,2016년 4월 6일 16시,수요일,울산광역시 남구 신정동,경상사고,0,0,1,0,차대차 - 측면충돌,안전운전불이행,건조,맑음,단일로 - 기타,승용,남,58세,기타불명,승용,남,60세,기타불명
2016040600100381,2016년 4월 6일 16시,수요일,울산광역시 울주군 언양읍,중상사고,0,1,0,0,차대차 - 측면직각충돌,교차로운행방법위반,건조,맑음,교차로 - 교차로안,승용,남,54세,상해없음,자전거,남,10세,중상
2016040600100423,2016년 4월 6일 17시,수요일,울산광역시 남구 무거동,중상사고,0,1,0,0,차대사람 - 기타,안전운전불이행,기타,기타,단일로 - 기타,승용,남,35세,상해없음,보행자,남,45세,중상
2016040600100424,2016년 4월 6일 17시,수요일,울산광역시 울주군 범서읍,경상사고,0,0,1,0,차대차 - 측면충돌,안전운전불이행,건조,맑음,단일로 - 기타,화물,남,56세,상해없음,이륜,남,17세,경상
2016040600100425,2016년 4월 6일 17시,수요일,울산광역시 울주군 삼동면,경상사고,0,0,2,0,차대차 - 정면충돌,중앙선침범,건조,맑음,단일로 - 기타,승용,여,21세,경상,승용,남,53세,경상
2016040600100477,2016년 4월 6일 18시,수요일,울산광역시 북구 호계동,중상사고,0,2,0,0,차대차 - 정면충돌,안전운전불이행,건조,맑음,교차로 - 교차로부근,승용,남,39세,상해없음,승용,여,45세,중상
2016040600100478,2016년 4월 6일 18시,수요일,울산광역시 동구 방어동,중상사고,0,1,0,0,차대차 - 정면충돌,중앙선침범,건조,맑음,교차로 - 교차로부근,이륜,여,48세,상해없음,이륜,남,48세,중상
2016040600100479,2016년 4월 6일 18시,수요일,울산광역시 북구 염포동,경상사고,0,0,1,0,차대차 - 추돌,안전운전불이행,습기,흐림,교차로 - 교차로부근,화물,남,72세,상해없음,승용,여,25세,경상
2016040600100565,2016년 4월 6일 20시,수요일,울산광역시 중구 남외동,중상사고,0,1,0,0,차대사람 - 횡단중,보행자보호의무위반,습기,비,교차로 - 교차로안,승용,남,32세,상해없음,보행자,여,48세,중상
2016040600100618,2016년 4월 6일 21시,수요일,울산광역시 중구 약사동,중상사고,0,1,0,0,차대사람 - 횡단중,안전운전불이행,습기,비,교차로 - 교차로안,승용,여,36세,상해없음,보행자,남,50세,중상
2016040600100619,2016년 4월 6일 21시,수요일,울산광역시 남구 신정동,경상사고,0,0,1,0,차대사람 - 기타,안전운전불이행,습기,비,교차로 - 교차로안,승용,남,31세,상해없음,보행자,남,36세,경상
2016040600100729,2016년 4월 6일 23시,수요일,울산광역시 울주군 범서읍,중상사고,0,4,0,0,차대차 - 측면직각충돌,안전운전불이행,습기,비,단일로 - 기타,승용,남,48세,중상,승용,여,55세,중상
2016040700100061,2016년 4월 7일 01시,목요일,울산광역시 동구 전하동,경상사고,0,0,1,0,차대차 - 추돌,안전운전불이행,습기,비,단일로 - 기타,화물,남,33세,상해없음,승합,남,54세,경상
2016040700100082,2016년 4월 7일 02시,목요일,울산광역시 남구 삼산동,경상사고,0,0,2,0,차대차 - 측면직각충돌,신호위반,습기,비,교차로 - 교차로안,승용,여,37세,상해없음,승용,남,56세,경상
2016040700100083,2016년 4월 7일 02시,목요일,울산광역시 남구 달동,부상신고사고,0,0,0,1,차대차 - 기타,안전운전불이행,습기,비,교차로 - 교차로안,승용,남,52세,상해없음,이륜,남,35세,부상신고
2016040700100118,2016년 4월 7일 05시,목요일,울산광역시 중구 옥교동,경상사고,0,0,2,0,차대차 - 측면충돌,중앙선침범,습기,비,단일로 - 기타,승용,여,23세,경상,승용,남,31세,경상
2016040700100119,2016년 4월 7일 05시,목요일,울산광역시 남구 야음동,경상사고,0,0,1,0,차대차 - 기타,차로위반,습기,비,교차로 - 교차로부근,자전거,여,56세,경상,승용,여,53세,상해없음
2016040700100208,2016년 4월 7일 08시,목요일,울산광역시 북구 신천동,경상사고,0,0,1,0,차대차 - 추돌,안전운전불이행,건조,맑음,단일로 - 기타,승용,남,28세,상해없음,승용,여,36세,경상
2016040700100209,2016년 4월 7일 08시,목요일,울산광역시 남구 성암동,중상사고,0,1,1,0,차대차 - 측면충돌,중앙선침범,습기,비,교차로 - 교차로부근,승용,남,40세,기타불명,화물,남,49세,중상
2016040700100244,2016년 4월 7일 09시,목요일,울산광역시 북구 화봉동,경상사고,0,0,1,0,차대차 - 측면직각충돌,직진우회전진행방해,습기,비,교차로 - 교차로안,승용,남,57세,상해없음,화물,남,35세,경상