사고번호,사고일시,요일,시군구,사고내용,사망자수,중상자수,경상자수,부상신고자수,사고유형,법규위반,노면상태,기상상태,도로형태,가해운전자 차종,가해운전자 성별,가해운전자 연령,가해운전자 상해정도,피해운전자 차종,피해운전자 성별,피해운전자 연령,피해운전자 상해정도
2016041500100484,2016년 4월 15일 17시,금요일,울산광역시 중구 태화동,중상사고,0,1,0,0,차대사람 - 기타,안전운전불이행,건조,맑음,단일로 - 기타,자전거,남,50세,상해없음,보행자,여,84세,중상
2016041500100485,2016년 4월 15일 17시,금요일,울산광역시 남구 신정동,경상사고,0,0,1,0,차대차 - 측면직각충돌,직진우회전진행방해,건조,맑음,교차로 - 교차로안,승용,남,53세,상해없음,자전거,남,17세,경상
2016041500100518,2016년 4월 15일 18시,금요일,울산광역시 중구 태화동,경상사고,0,0,1,0,차대차 - 측면충돌,신호위반,건조,맑음,교차로 - 교차로안,승용,여,52세,상해없음,이륜,남,47세,경상
2016041500100616,2016년 4월 15일 20시,금요일,울산광역시 북구 화봉동,중상사고,0,1,1,0,차대차 - 측면충돌,교차로운행방법위반,건조,맑음,교차로 - 교차로안,이륜,남,16세,중상,이륜,남,31세,경상
2016041500100617,2016년 4월 15일 20시,금요일,울산광역시 동구 방어동,중상사고,0,1,4,0,차대차 - 정면충돌,직진우회전진행방해,건조,맑음,교차로 - 교차로안,승용,남,45세,상해없음,승용,남,32세,경상
2016041500100692,2016년 4월 15일 22시,금요일,울산광역시 중구 유곡동,중상사고,0,1,0,0,차대차 - 정면충돌,안전운전불이행,건조,맑음,교차로 - 교차로안,승용,여,42세,상해없음,원동기,남,18세,중상
2016041500100693,2016년 4월 15일 22시,금요일,울산광역시 북구 호계동,중상사고,0,1,0,0,차대사람 - 횡단중,신호위반,건조,맑음,교차로 - 교차로부근,승용,남,52세,상해없음,보행자,남,10세,중상
2016041500100719,2016년 4월 15일 23시,금요일,울산광역시 동구 일산동,경상사고,0,0,1,0,차대사람 - 기타,안전운전불이행,건조,맑음,단일로 - 기타,이륜,남,39세,상해없음,보행자,여,19세,경상
2016041500100720,2016년 4월 15일 23시,금요일,울산광역시 울주군 언양읍,부상신고사고,0,0,0,1,차대사람 - 기타,안전운전불이행,건조,맑음,단일로 - 기타,승용,남,53세,상해없음,보행자,남,54세,부상신고
2016041600100020,2016년 4월 16일 00시,토요일,울산광역시 중구 성남동,중상사고,0,1,1,0,차대차 - 기타,신호위반,건조,맑음,교차로 - 교차로안,승용,남,44세,상해없음,이륜,남,16세,중상
2016041600100021,2016년 4월 16일 00시,토요일,울산광역시 동구 전하동,경상사고,0,0,5,0,차대차 - 측면직각충돌,직진우회전진행방해,건조,맑음,교차로 - 교차로안,승용,남,28세,상해없음,승용,여,39세,경상
2016041600100048,2016년 4월 16일 01시,토요일,울산광역시 동구 방어동,경상사고,0,0,1,0,차대사람 - 횡단중,안전운전불이행,건조,흐림,교차로 - 교차로안,승용,남,45세,상해없음,보행자,남,57세,경상
2016041600100095,2016년 4월 16일 04시,토요일,울산광역시 중구 교동,경상사고,0,0,1,0,차대차 - 측면충돌,안전운전불이행,건조,맑음,단일로 - 기타,승용,남,29세,상해없음,특수,남,37세,경상
2016041600100132,2016년 4월 16일 07시,토요일,울산광역시 북구 진장동,경상사고,0,0,1,0,차대차 - 측면충돌,안전운전불이행,건조,맑음,단일로 - 기타,이륜,남,42세,경상,승용,남,42세,상해없음
2016041600100133,2016년 4월 16일 07시,토요일,울산광역시 울주군 온양읍,중상사고,0,1,1,0,차대차 - 측면충돌,교차로운행방법위반,건조,맑음,교차로 - 교차로안,승용,여,38세,경상,승용,남,52세,중상
2016041600100219,2016년 4월 16일 10시,토요일,울산광역시 중구 태화동,중상사고,0,1,0,0,차대차 - 측면충돌,신호위반,건조,맑음,교차로 - 교차로안,승용,여,32세,상해없음,승용,여,61세,중상
2016041600100262,2016년 4월 16일 11시,토요일,울산광역시 북구 연암동,중상사고,0,1,0,0,차대차 - 측면직각충돌,안전거리미확보,건조,맑음,단일로 - 기타,이륜,남,36세,상해없음,승용,여,47세,중상
2016041600100263,2016년 4월 16일 11시,토요일,울산광역시 울주군 서생면,부상신고사고,0,0,0,1,차대차 - 측면충돌,교차로운행방법위반,건조,맑음,교차로 - 교차로안,승용,남,18세,부상신고,승용,남,68세,상해없음
2016041600100264,2016년 4월 16일 11시,토요일,울산광역시 울주군 온산읍,부상신고사고,0,0,0,1,차대차 - 측면충돌,안전운전불이행,건조,맑음,교차로 - 교차로부근,승용,남,62세,상해없음,자전거,남,57세,부상신고
2016041600100265,2016년 4월 16일 11시,토요일,울산광역시 울주군 온양읍,경상사고,0,0,1,0,차대차 - 정면충돌,안전운전불이행,건조,맑음,단일로 - 기타,승합,남,33세,상해없음,이륜,남,45세,경상
2016041600100396,2016년 4월 16일 15시,토요일,울산광역시 동구 동부동,중상사고,0,1,0,0,차대차 - 추돌,안전운전불이행,건조,맑음,단일로 - 기타,승용,남,44세,상해없음,승용,여,50세,중상
2016041600100508,2016년 4월 16일 18시,토요일,울산광역시 울주군 온양읍,경상사고,0,0,2,0,차대차 - 측면충돌,교차로운행방법위반,건조,맑음,교차로 - 교차로부근,화물,남,19세,상해없음,승용,남,45세,경상
2016041600100569,2016년 4월 16일 19시,토요일,울산광역시 남구 옥동,중상사고,0,1,0,0,차대사람 - 횡단중,안전운전불이행,습기,비,단일로 - 기타,승용,남,55세,상해없음,보행자,여,86세,중상
2016041600100699,2016년 4월 16일 21시,토요일,울산광역시 남구 무거동,중상사고,0,2,0,0,차대사람 - 횡단중,안전운전불이행,습기,비,교차로 - 교차로부근,승용,남,35세,상해없음,보행자,여,64세,중상
2016041600100700,2016년 4월 16일 21시,토요일,울산광역시 남구 선암동,경상사고,0,0,2,0,차대차 - 추돌,안전거리미확보,습기,비,교차로 - 교차로안,승용,남,26세,상해없음,승용,여,53세,경상
2016041600100701,2016년 4월 16일 21시,토요일,울산광역시 울주군 범서읍,경상사고,0,0,1,0,차대사람 - 횡단중,안전운전불이행,습기,비,교차로 - 교차로부근,승합,여,66세,상해없음,보행자,남,45세,경상
2016041600100764,2016년 4월 16일 22시,토요일,울산광역시 중구 태화동,중상사고,0,1,1,1,차대차 - 정면충돌,신호위반,습기,비,교차로 - 교차로안,화물,남,67세,부상신고,승용,여,30세,경상
2016041600100765,2016년 4월 16일 22시,토요일,울산광역시 북구 창평동,중상사고,0,2,0,0,차대사람 - 횡단중,안전운전불이행,습기,비,교차로 - 교차로안,승합,남,57세,상해없음,보행자,여,52세,중상
2016041600100766,2016년 4월 16일 22시,토요일,울산광역시 북구 명촌동,경상사고,0,0,2,0,차대차 - 측면충돌,안전운전불이행,습기,비,교차로 - 교차로안,승용,남,46세,상해없음,승용,남,33세,경상
2016041600100767,2016년 4월 16일 22시,토요일,울산광역시 남구 삼산동,중상사고,0,1,1,0,차대차 - 측면직각충돌,교차로운행방법위반,습기,비,교차로 - 교차로안,승용,여,29세,중상,승용,여,49세,경상
2016041600100768,2016년 4월 16일 22시,토요일,울산광역시 울주군 온양읍,중상사고,0,1,1,0,차대차 - 기타,중앙선침범,습기,비,단일로 - 기타,승용,남,47세,경상,승용,남,57세,중상
2016041700100051,2016년 4월 17일 00시,일요일,울산광역시 북구 상안동,경상사고,0,0,1,0,차대사람 - 횡단중,안전운전불이행,습기,비,교차로 - 교차로안,승용,남,28세,상해없음,보행자,남,25세,경상
2016041700100052,2016년 4월 17일 00시,일요일,울산광역시 중구 복산동,중상사고,0,1,0,0,차대사람 - 횡단중,안전운전불이행,습기,비,단일로 - 기타,승용,남,58세,상해없음,보행자,남,61세,중상
2016041700100095,2016년 4월 17일 01시,일요일,울산광역시 남구 달동,중상사고,0,1,0,1,차대사람 - 횡단중,안전운전불이행,습기,비,단일로 - 기타,이륜,남,48세,부상신고,보행자,여,28세,중상
2016041700100121,2016년 4월 17일 02시,일요일,울산광역시 울주군 온산읍,중상사고,0,1,0,0,차대사람 - 기타,안전운전불이행,건조,맑음,단일로 - 기타,승용,남,23세,상해없음,보행자,남,46세,중상
2016041700100297,2016년 4월 17일 13시,일요일,울산광역시 동구 서부동,경상사고,0,0,1,0,차대차 - 측면직각충돌,신호위반,건조,맑음,교차로 - 교차로안,승용,남,71세,상해없음,이륜,남,58세,경상
2016041700100298,2016년 4월 17일 13시,일요일,울산광역시 울주군 언양읍,경상사고,0,0,3,0,차대차 - 측면충돌,안전거리미확보,건조,맑음,단일로 - 기타,화물,여,65세,상해없음,승용,남,41세,경상
2016041700100425,2016년 4월 17일 17시,일요일,울산광역시 울주군 범서읍,부상신고사고,0,0,0,1,차대차 - 기타,안전운전불이행,건조,맑음,교차로 - 교차로부근,승용,남,44세,상해없음,자전거,남,9세,부상신고
2016041700100453,2016년 4월 17일 18시,일요일,울산광역시 남구 옥동,경상사고,0,0,1,0,차대차 - 측면충돌,안전운전불이행,건조,맑음,교차로 - 교차로부근,승용,남,68세,상해없음,이륜,남,56세,경상
2016041700100482,2016년 4월 17일 19시,일요일,울산광역시 남구 신정동,경상사고,0,0,1,0,차대차 - 측면충돌,안전운전불이행,건조,맑음,교차로 - 교차로안,승용,남,36세,상해없음,자전거,남,11세,경상
2016041700100516,2016년 4월 17일 20시,일요일,울산광역시 중구 남외동,중상사고,0,1,1,0,차대사람 - 횡단중,보행자보호의무위반,건조,맑음,단일로 - 횡단보도상,이륜,남,23세,경상,보행자,남,19세,중상
2016041700100517,2016년 4월 17일 20시,일요일,울산광역시 중구 서동,경상사고,0,0,6,0,차대차 - 추돌,안전운전불이행,건조,맑음,교차로 - 교차로부근,승용,남,58세,상해없음,승용,남,55세,경상
2016041700100544,2016년 4월 17일 21시,일요일,울산광역시 중구 반구동,중상사고,0,1,0,0,차대차 - 측면충돌,안전운전불이행,건조,맑음,단일로 - 기타,승용,여,36세,상해없음,이륜,남,19세,중상
2016041800100009,2016년 4월 18일 00시,월요일,울산광역시 중구 성안동,경상사고,0,0,1,0,차대차 - 기타,교차로운행방법위반,건조,맑음,교차로 - 교차로안,승용,여,49세,상해없음,승용,남,62세,상해없음
2016041800100024,2016년 4월 18일 04시,월요일,울산광역시 중구 성남동,중상사고,0,2,0,0,차량단독 - 전도전복,안전운전불이행,건조,맑음,단일로 - 기타,이륜,남,30세,중상,,,,
2016041800100061,2016년 4월 18일 07시,월요일,울산광역시 중구 우정동,중상사고,0,1,0,0,차대차 - 측면충돌,교차로운행방법위반,건조,맑음,교차로 - 교차로안,자전거,여,12세,중상,승용,남,36세,상해없음
2016041800100062,2016년 4월 18일 07시,월요일,울산광역시 남구 무거동,경상사고,0,0,1,0,차대사람 - 횡단중,안전운전불이행,건조,맑음,단일로 - 횡단보도부근,승용,남,36세,상해없음,보행자,여,15세,경상
2016041800100063,2016년 4월 18일 07시,월요일,울산광역시 울주군 온양읍,경상사고,0,0,1,0,차대차 - 측면충돌,교차로운행방법위반,건조,흐림,교차로 - 교차로안,승용,남,62세,상해없음,이륜,남,16세,경상
2016041800100064,2016년 4월 18일 07시,월요일,울산광역시 울주군 범서읍,경상사고,0,0,1,0,차대차 - 측면충돌,교차로운행방법위반,건조,맑음,교차로 - 교차로안,농기계,남,73세,상해없음,화물,여,53세,상해없음
2016041800100122,2016년 4월 18일 08시,월요일,울산광역시 중구 다운동,경상사고,0,0,2,0,차대차 - 추돌,안전거리미확보,건조,맑음,단일로 - 기타,승용,여,45세,상해없음,승용,여,44세,경상
2016041800100194,2016년 4월 18일 10시,월요일,울산광역시 북구 천곡동,중상사고,0,1,0,0,차대차 - 측면직각충돌,안전운전불이행,건조,맑음,단일로 - 기타,승용,여,32세,상해없음,이륜,남,49세,중상
2016041800100195,2016년 4월 18일 10시,월요일,울산광역시 중구 학성동,경상사고,0,0,1,0,차대사람 - 기타,기타,건조,맑음,단일로 - 기타,승용,남,60세,상해없음,보행자,여,55세,경상
2016041800100196,2016년 4월 18일 10시,월요일,울산광역시 중구 학성동,경상사고,0,0,1,0,차대차 - 기타,교차로운행방법위반,건조,맑음,교차로 - 교차로안,승용,남,55세,기타불명,화물,남,46세,경상
2016041800100378,2016년 4월 18일 15시,월요일,울산광역시 울주군 삼남면,중상사고,0,1,2,0,차대차 - 정면충돌,교차로운행방법위반,건조,맑음,교차로 - 교차로안,이륜,남,60세,상해없음,이륜,남,34세,경상
2016041800100467,2016년 4월 18일 17시,월요일,울산광역시 중구 복산동,경상사고,0,0,1,0,차대차 - 측면직각충돌,교차로운행방법위반,건조,맑음,교차로 - 교차로부근,승용,남,74세,상해없음,화물,남,40세,경상
2016041800100518,2016년 4월 18일 18시,월요일,울산광역시 남구 달동,경상사고,0,0,1,0,차대차 - 측면직각충돌,신호위반,건조,맑음,단일로 - 횡단보도상,승용,여,26세,상해없음,자전거,여,27세,경상
2016041800100526,2016년 4월 18일 19시,월요일,울산광역시 울주군 범서읍,중상사고,0,1,0,0,차대차 - 측면충돌,안전거리미확보,건조,맑음,단일로 - 기타,화물,남,63세,상해없음,승용,여,56세,중상
2016041800100668,2016년 4월 18일 23시,월요일,울산광역시 남구 무거동,중상사고,0,1,0,0,차대사람 - 보도통행중,안전운전불이행,건조,맑음,단일로 - 기타,자전거,남,23세,기타불명,보행자,여,17세,중상
2016041800100669,2016년 4월 18일 23시,월요일,울산광역시 울주군 온산읍,중상사고,0,1,0,0,차대차 - 측면충돌,신호위반,건조,맑음,교차로 - 교차로안,승용,여,57세,상해없음,승용,여,34세,중상
2016041900100063,2016년 4월 19일 06시,화요일,울산광역시 남구 신정동,경상사고,0,0,2,0,차대차 - 측면충돌,신호위반,건조,맑음,교차로 - 교차로안,승용,남,25세,기타불명,승합,남,58세,경상
2016041900100136,2016년 4월 19일 08시,화요일,울산광역시 남구 신정동,경상사고,0,0,1,0,차대사람 - 기타,안전운전불이행,건조,맑음,단일로 - 기타,승용,남,20세,상해없음,보행자,남,62세,경상
2016041900100137,2016년 4월 19일 08시,화요일,울산광역시 남구 무거동,경상사고,0,0,2,0,차대차 - 측면직각충돌,안전운전불이행,건조,맑음,교차로 - 교차로안,승용,여,34세,경상,화물,남,43세,경상
2016041900100157,2016년 4월 19일 09시,화요일,울산광역시 북구 천곡동,경상사고,0,0,1,0,차대차 - 정면충돌,안전운전불이행,건조,맑음,단일로 - 기타,승합,남,54세,상해없음,화물,남,51세,경상
2016041900100158,2016년 4월 19일 09시,화요일,울산광역시 남구 옥동,경상사고,0,0,1,0,차대차 - 추돌,안전거리미확보,건조,맑음,교차로 - 교차로안,화물,남,45세,상해없음,승용,여,42세,경상
2016041900100212,2016년 4월 19일 11시,화요일,울산광역시 북구 시례동,경상사고,0,0,2,0,차대차 - 측면직각충돌,교차로운행방법위반,건조,맑음,교차로 - 교차로안,승용,여,67세,경상,화물,남,45세,경상
2016041900100251,2016년 4월 19일 12시,화요일,울산광역시 북구 양정동,경상사고,0,0,1,0,차대차 - 추돌,안전운전불이행,건조,맑음,단일로 - 기타,승용,남,26세,경상,화물,남,54세,상해없음
2016041900100280,2016년 4월 19일 13시,화요일,울산광역시 남구 신정동,중상사고,0,1,0,0,차대사람 - 기타,기타,기타,맑음,단일로 - 기타,승용,여,55세,상해없음,보행자,여,8세,중상
2016041900100317,2016년 4월 19일 14시,화요일,울산광역시 울주군 온산읍,경상사고,0,0,2,0,차대차 - 측면충돌,교차로운행방법위반,건조,맑음,교차로 - 교차로안,화물,남,61세,상해없음,승용,남,29세,경상
2016041900100383,2016년 4월 19일 16시,화요일,울산광역시 북구 매곡동,경상사고,0,0,1,0,차대사람 - 길가장자리구역통행중,안전운전불이행,건조,맑음,단일로 - 기타,화물,남,44세,상해없음,보행자,여,44세,경상
2016041900100561,2016년 4월 19일 21시,화요일,울산광역시 중구 남외동,경상사고,0,0,1,0,차대사람 - 횡단중,안전운전불이행,건조,맑음,단일로 - 기타,화물,남,47세,상해없음,보행자,남,52세,경상
2016041900100586,2016년 4월 19일 22시,화요일,울산광역시 중구 다운동,중상사고,0,1,0,1,차대차 - 측면충돌,신호위반,건조,맑음,단일로 - 횡단보도상,이륜,남,16세,부상신고,자전거,남,74세,중상
2016041900100587,2016년 4월 19일 22시,화요일,울산광역시 남구 신정동,사망사고,1,0,0,0,차대차 - 추돌,안전운전불이행,건조,맑음,단일로 - 기타,승용,남,33세,상해없음,원동기,남,23세,사망
2016041900100613,2016년 4월 19일 23시,화요일,울산광역시 남구 신정동,중상사고,0,1,0,0,차대사람 - 횡단중,안전운전불이행,건조,맑음,교차로 - 교차로부근,이륜,남,32세,상해없음,보행자,남,47세,중상
2016042000100137,2016년 4월 20일 08시,수요일,울산광역시 북구 화봉동,중상사고,0,1,0,0,차대차 - 측면충돌,안전운전불이행,건조,맑음,교차로 - 교차로안,승용,남,45세,상해없음,자전거,남,61세,중상
2016042000100138,2016년 4월 20일 08시,수요일,울산광역시 남구 매암동,중상사고,0,1,1,0,차대차 - 측면충돌,중앙선침범,건조,맑음,단일로 - 기타,승합,남,33세,상해없음,화물,남,47세,중상
2016042000100263,2016년 4월 20일 12시,수요일,울산광역시 동구 화정동,중상사고,0,1,0,0,차대사람 - 횡단중,안전운전불이행,건조,맑음,단일로 - 기타,승용,여,22세,상해없음,보행자,여,58세,중상
2016042000100264,2016년 4월 20일 12시,수요일,울산광역시 북구 염포동,중상사고,0,1,0,0,차대차 - 측면직각충돌,안전운전불이행,건조,맑음,단일로 - 기타,화물,남,22세,상해없음,원동기,남,63세,중상
2016042000100371,2016년 4월 20일 15시,수요일,울산광역시 남구 야음동,중상사고,0,1,0,0,차대사람 - 횡단중,신호위반,건조,맑음,교차로 - 교차로부근,승용,남,37세,상해없음,보행자,여,65세,중상
2016042000100402,2016년 4월 20일 16시,수요일,울산광역시 중구 반구동,중상사고,0,1,0,0,차대차 - 측면충돌,안전운전불이행,건조,맑음,단일로 - 기타,승용,남,28세,상해없음,이륜,남,44세,중상
2016042000100434,2016년 4월 20일 17시,수요일,울산광역시 중구 태화동,경상사고,0,0,4,0,차대차 - 기타,안전운전불이행,건조,맑음,단일로 - 기타,승용,남,63세,상해없음,승용,여,30세,경상
2016042000100435,2016년 4월 20일 17시,수요일,울산광역시 남구 상개동,경상사고,0,0,1,0,차대차 - 측면충돌,안전운전불이행,건조,맑음,단일로 - 기타,특수,남,46세,상해없음,승용,여,39세,경상
2016042000100466,2016년 4월 20일 18시,수요일,울산광역시 중구 다운동,경상사고,0,0,1,0,차대사람 - 횡단중,안전운전불이행,건조,맑음,단일로 - 기타,승용,여,53세,상해없음,보행자,여,72세,경상
2016042000100467,2016년 4월 20일 18시,수요일,울산광역시 울주군 온산읍,경상사고,0,0,1,0,차대사람 - 횡단중,중앙선침범,건조,맑음,단일로 - 기타,승용,여,35세,상해없음,보행자,남,64세,경상
2016042000100509,2016년 4월 20일 19시,수요일,울산광역시 중구 반구동,중상사고,0,2,0,0,차대사람 - 차도통행중,안전운전불이행,건조,맑음,단일로 - 기타,자전거,남,23세,중상,보행자,남,63세,중상
2016042000100510,2016년 4월 20일 19시,수요일,울산광역시 중구 학산동,경상사고,0,0,1,0,차대차 - 정면충돌,중앙선침범,건조,맑음,단일로 - 기타,이륜,남,16세,경상,승용,여,37세,상해없음
2016042000100543,2016년 4월 20일 20시,수요일,울산광역시 울주군 온산읍,부상신고사고,0,0,0,1,차대사람 - 횡단중,안전운전불이행,건조,맑음,교차로 - 교차로부근,승용,여,54세,상해없음,보행자,여,29세,부상신고
2016042000100608,2016년 4월 20일 22시,수요일,울산광역시 중구 남외동,경상사고,0,0,1,0,차대차 - 기타,안전운전불이행,건조,맑음,단일로 - 교량,승용,남,56세,상해없음,승용,여,48세,경상
2016042000100609,2016년 4월 20일 22시,수요일,울산광역시 북구 호계동,중상사고,0,1,0,0,차대차 - 정면충돌,중앙선침범,건조,맑음,단일로 - 기타,승용,남,57세,상해없음,이륜,남,57세,중상
2016042100100052,2016년 4월 21일 01시,목요일,울산광역시 중구 남외동,경상사고,0,0,1,0,차대차 - 측면직각충돌,안전운전불이행,건조,맑음,단일로 - 기타,승용,남,47세,상해없음,이륜,남,27세,기타불명
2016042100100079,2016년 4월 21일 03시,목요일,울산광역시 동구 화정동,경상사고,0,0,3,0,차대차 - 측면충돌,신호위반,습기,비,교차로 - 교차로안,승용,남,71세,상해없음,승용,남,45세,경상
2016042100100096,2016년 4월 21일 05시,목요일,울산광역시 남구 야음동,중상사고,0,1,0,0,차대차 - 측면충돌,신호위반,습기,비,교차로 - 교차로안,승용,남,59세,상해없음,자전거,남,31세,중상
2016042100100113,2016년 4월 21일 06시,목요일,울산광역시 남구 삼산동,경상사고,0,0,2,0,차대차 - 측면충돌,신호위반,습기,비,교차로 - 교차로안,승용,남,24세,상해없음,승용,남,56세,경상
2016042100100144,2016년 4월 21일 07시,목요일,울산광역시 북구 연암동,중상사고,0,2,0,0,차대차 - 정면충돌,신호위반,건조,맑음,교차로 - 교차로안,승용,여,42세,상해없음,화물,남,25세,중상
2016042100100145,2016년 4월 21일 07시,목요일,울산광역시 동구 방어동,경상사고,0,0,1,0,차대차 - 추돌,안전운전불이행,습기,비,교차로 - 교차로부근,승용,여,24세,상해없음,승용,여,39세,경상
2016042100100239,2016년 4월 21일 10시,목요일,울산광역시 남구 달동,부상신고사고,0,0,0,1,차대차 - 기타,안전운전불이행,건조,맑음,교차로 - 교차로안,승용,여,46세,기타불명,승용,남,36세,부상신고
2016042100100289,2016년 4월 21일 12시,목요일,울산광역시 울주군 상북면,경상사고,0,0,2,0,차량단독 - 전도전복,안전운전불이행,습기,흐림,단일로 - 기타,화물,남,45세,기타불명,,,,
2016042100100374,2016년 4월 21일 15시,목요일,울산광역시 중구 태화동,경상사고,0,0,1,0,차대차 - 측면충돌,신호위반,건조,맑음,단일로 - 횡단보도상,승용,남,73세,상해없음,이륜,남,58세,경상
2016042100100402,2016년 4월 21일 16시,목요일,울산광역시 남구 무거동,부상신고사고,0,0,0,1,차대차 - 추돌,안전운전불이행,건조,맑음,단일로 - 기타,승용,남,24세,상해없음,승용,여,43세,부상신고
2016042100100452,2016년 4월 21일 18시,목요일,울산광역시 남구 무거동,경상사고,0,0,1,0,차대차 - 정면충돌,안전운전불이행,건조,맑음,교차로 - 교차로안,승용,남,27세,상해없음,승용,남,56세,경상
2016042100100523,2016년 4월 21일 20시,목요일,울산광역시 남구 달동,경상사고,0,0,2,0,차대사람 - 횡단중,보행자보호의무위반,건조,맑음,교차로 - 교차로안,승용,남,55세,상해없음,보행자,남,55세,경상
2016042100100524,2016년 4월 21일 20시,목요일,울산광역시 남구 신정동,경상사고,0,0,1,0,차대사람 - 횡단중,안전운전불이행,건조,맑음,단일로 - 기타,승용,남,32세,상해없음,보행자,남,36세,경상
2016042200100024,2016년 4월 22일 00시,금요일,울산광역시 남구 옥동,경상사고,0,0,1,0,차대차 - 추돌,안전운전불이행,건조,맑음,교차로 - 교차로부근,승용,남,45세,상해없음,승용,여,32세,경상
2016042200100057,2016년 4월 22일 04시,금요일,울산광역시 북구 신천동,사망사고,1,0,0,0,차대사람 - 길가장자리구역통행중,안전운전불이행,건조,맑음,단일로 - 기타,승용,남,42세,상해없음,보행자,남,53세,사망
2016042200100223,2016년 4월 22일 10시,금요일,울산광역시 남구 무거동,경상사고,0,0,1,0,차량단독 - 전도전복,안전거리미확보,건조,맑음,교차로 - 교차로부근,승용,남,74세,상해없음,,,,
2016042200100331,2016년 4월 22일 14시,금요일,울산광역시 남구 달동,경상사고,0,0,3,0,차대차 - 추돌,안전운전불이행,건조,맑음,교차로 - 교차로부근,승용,남,59세,상해없음,승용,남,42세,경상
2016042200100332,2016년 4월 22일 14시,금요일,울산광역시 울주군 온양읍,중상사고,0,1,0,0,차대차 - 추돌,안전운전불이행,건조,맑음,교차로 - 교차로안,승용,남,66세,상해없음,자전거,남,67세,중상
2016042200100371,2016년 4월 22일 15시,금요일,울산광역시 남구 신정동,중상사고,0,1,0,0,차대사람 - 횡단중,보행자보호의무위반,건조,맑음,교차로 - 교차로부근,승용,남,34세,상해없음,보행자,남,7세,중상
2016042200100372,2016년 4월 22일 15시,금요일,울산광역시 울주군 서생면,경상사고,0,0,1,1,차대차 - 측면충돌,신호위반,건조,맑음,교차로 - 교차로안,승용,남,55세,부상신고,승용,남,37세,경상
2016042200100551,2016년 4월 22일 19시,금요일,울산광역시 남구 선암동,중상사고,0,1,0,0,차대차 - 측면충돌,교차로운행방법위반,건조,맑음,교차로 - 교차로안,승용,남,19세,상해없음,이륜,남,16세,중상
2016042200100552,2016년 4월 22일 19시,금요일,울산광역시 북구 염포동,경상사고,0,0,1,0,차대차 - 추돌,안전운전불이행,건조,흐림,교차로 - 교차로부근,승용,남,28세,상해없음,승용,남,51세,경상
2016042200100553,2016년 4월 22일 19시,금요일,울산광역시 동구 서부동,경상사고,0,0,1,0,차대차 - 추돌,안전거리미확보,건조,맑음,교차로 - 교차로부근,승용,여,50세,상해없음,승용,남,30세,경상
2016042200100554,2016년 4월 22일 19시,금요일,울산광역시 울주군 온산읍,경상사고,0,0,1,0,차대사람 - 기타,안전운전불이행,건조,맑음,교차로 - 교차로안,승용,남,41세,상해없음,보행자,여,55세,경상
2016042200100627,2016년 4월 22일 21시,금요일,울산광역시 동구 일산동,경상사고,0,0,2,0,차대차 - 기타,안전운전불이행,건조,맑음,단일로 - 횡단보도부근,이륜,남,27세,상해없음,승용,남,38세,경상
2016042200100693,2016년 4월 22일 23시,금요일,울산광역시 울주군 온산읍,경상사고,0,0,1,0,차대차 - 정면충돌,중앙선침범,건조,맑음,단일로 - 기타,승용,남,25세,상해없음,이륜,남,37세,경상
2016042300100045,2016년 4월 23일 01시,토요일,울산광역시 북구 연암동,중상사고,0,2,0,0,차대차 - 정면충돌,중앙선침범,건조,맑음,단일로 - 기타,승용,남,20세,기타불명,화물,남,53세,중상
2016042300100046,2016년 4월 23일 01시,토요일,울산광역시 남구 달동,경상사고,0,0,1,0,차대사람 - 횡단중,안전운전불이행,기타,기타,단일로 - 기타,승용,여,48세,상해없음,보행자,남,43세,경상
2016042300100126,2016년 4월 23일 06시,토요일,울산광역시 북구 양정동,경상사고,0,0,1,0,차대사람 - 횡단중,안전운전불이행,건조,맑음,단일로 - 기타,승용,남,33세,상해없음,보행자,남,40세,경상
2016042300100291,2016년 4월 23일 12시,토요일,울산광역시 남구 달동,경상사고,0,0,1,0,차대차 - 추돌,안전운전불이행,건조,맑음,단일로 - 기타,승용,남,27세,상해없음,승용,여,39세,경상
2016042300100328,2016년 4월 23일 13시,토요일,울산광역시 북구 명촌동,중상사고,0,1,0,0,차대차 - 추돌,안전운전불이행,건조,맑음,교차로 - 교차로부근,건설기계,남,25세,기타불명,승용,남,58세,중상
2016042300100329,2016년 4월 23일 13시,토요일,울산광역시 남구 신정동,경상사고,0,0,1,0,차대차 - 측면충돌,안전운전불이행,건조,맑음,단일로 - 기타,승합,남,61세,상해없음,승용,남,46세,경상
2016042300100342,2016년 4월 23일 14시,토요일,울산광역시 울주군 언양읍,경상사고,0,0,2,0,차대차 - 추돌,안전운전불이행,건조,맑음,단일로 - 기타,승용,여,57세,상해없음,승용,남,37세,경상
2016042300100536,2016년 4월 23일 19시,토요일,울산광역시 북구 명촌동,경상사고,0,0,2,0,차대차 - 측면직각충돌,안전거리미확보,건조,맑음,단일로 - 교량,승용,남,62세,상해없음,승용,남,32세,상해없음