사고번호,사고일시,요일,시군구,사고내용,사망자수,중상자수,경상자수,부상신고자수,사고유형,법규위반,노면상태,기상상태,도로형태,가해운전자 차종,가해운전자 성별,가해운전자 연령,가해운전자 상해정도,피해운전자 차종,피해운전자 성별,피해운전자 연령,피해운전자 상해정도
2016052100100231,2016년 5월 21일 11시,토요일,울산광역시 울주군 언양읍,경상사고,0,0,2,0,차대차 - 측면직각충돌,안전거리미확보,건조,맑음,단일로 - 기타,승용,여,56세,경상,화물,남,54세,상해없음
2016052100100339,2016년 5월 21일 13시,토요일,울산광역시 울주군 서생면,중상사고,0,1,0,0,차대차 - 기타,안전운전불이행,건조,맑음,단일로 - 기타,승용,남,40세,상해없음,자전거,남,40세,중상
2016052100100340,2016년 5월 21일 13시,토요일,울산광역시 울주군 청량면,경상사고,0,0,1,0,차대차 - 추돌,과속,건조,맑음,단일로 - 기타,승용,남,29세,경상,건설기계,남,60세,상해없음
2016052100100386,2016년 5월 21일 14시,토요일,울산광역시 중구 반구동,중상사고,0,1,0,0,차대사람 - 기타,안전운전불이행,건조,맑음,단일로 - 기타,화물,남,54세,상해없음,보행자,남,50세,중상
2016052100100387,2016년 5월 21일 14시,토요일,울산광역시 북구 매곡동,부상신고사고,0,0,0,1,차량단독 - 전도전복,안전운전불이행,건조,맑음,단일로 - 기타,승용,남,40세,부상신고,,,,
2016052100100388,2016년 5월 21일 14시,토요일,울산광역시 남구 야음동,중상사고,0,1,0,0,차대차 - 기타,교차로운행방법위반,기타,맑음,교차로 - 교차로안,승용,남,73세,상해없음,이륜,남,33세,중상
2016052100100422,2016년 5월 21일 15시,토요일,울산광역시 중구 복산동,중상사고,0,1,0,0,차대차 - 측면직각충돌,교차로운행방법위반,건조,맑음,교차로 - 교차로안,승용,여,32세,상해없음,이륜,남,72세,중상
2016052100100423,2016년 5월 21일 15시,토요일,울산광역시 북구 명촌동,중상사고,0,1,0,0,차대차 - 추돌,안전운전불이행,건조,맑음,단일로 - 기타,승용,남,45세,상해없음,이륜,남,54세,중상
2016052100100434,2016년 5월 21일 16시,토요일,울산광역시 남구 무거동,경상사고,0,0,1,9,차대차 - 측면충돌,안전거리미확보,건조,맑음,단일로 - 기타,승용,여,27세,상해없음,승합,남,49세,경상
2016052100100527,2016년 5월 21일 18시,토요일,울산광역시 북구 상안동,부상신고사고,0,0,0,1,차대차 - 기타,안전운전불이행,건조,맑음,교차로 - 교차로안,자전거,남,11세,부상신고,이륜,남,33세,상해없음
2016052200100042,2016년 5월 22일 01시,일요일,울산광역시 남구 신정동,경상사고,0,0,2,0,차대차 - 측면직각충돌,중앙선침범,건조,맑음,단일로 - 기타,승용,남,56세,상해없음,승용,남,64세,경상
2016052200100168,2016년 5월 22일 09시,일요일,울산광역시 울주군 청량면,경상사고,0,0,1,0,차대차 - 측면충돌,안전운전불이행,건조,맑음,단일로 - 기타,화물,남,36세,상해없음,자전거,남,40세,경상
2016052200100225,2016년 5월 22일 11시,일요일,울산광역시 북구 창평동,경상사고,0,0,1,0,차량단독 - 기타,안전운전불이행,건조,맑음,단일로 - 기타,승용,남,29세,경상,,,,
2016052200100256,2016년 5월 22일 12시,일요일,울산광역시 북구 신현동,중상사고,0,1,0,0,차대차 - 측면충돌,교차로운행방법위반,건조,맑음,교차로 - 교차로부근,승용,남,26세,상해없음,이륜,남,32세,중상
2016052200100406,2016년 5월 22일 17시,일요일,울산광역시 남구 무거동,부상신고사고,0,0,0,1,차대차 - 측면충돌,안전운전불이행,건조,맑음,단일로 - 기타,승용,남,41세,상해없음,승용,여,52세,부상신고
2016052200100451,2016년 5월 22일 18시,일요일,울산광역시 울주군 삼남면,중상사고,0,1,0,0,차대차 - 측면충돌,직진우회전진행방해,건조,맑음,교차로 - 교차로안,승용,여,56세,상해없음,화물,남,50세,중상
2016052200100482,2016년 5월 22일 19시,일요일,울산광역시 중구 성남동,경상사고,0,0,1,0,차대사람 - 기타,안전운전불이행,건조,맑음,교차로 - 교차로부근,승용,남,26세,기타불명,보행자,여,15세,경상
2016052200100523,2016년 5월 22일 21시,일요일,울산광역시 남구 무거동,중상사고,0,2,1,0,차대차 - 추돌,안전운전불이행,건조,맑음,단일로 - 교량,승용,남,48세,상해없음,승용,남,53세,중상
2016052300100039,2016년 5월 23일 04시,월요일,울산광역시 남구 선암동,경상사고,0,0,2,0,차대차 - 측면직각충돌,신호위반,기타,기타,교차로 - 교차로안,승용,남,36세,상해없음,승용,남,54세,경상
2016052300100208,2016년 5월 23일 10시,월요일,울산광역시 남구 삼산동,사망사고,1,0,0,0,차대사람 - 횡단중,신호위반,건조,맑음,교차로 - 교차로안,승용,여,41세,상해없음,보행자,남,59세,사망
2016052300100209,2016년 5월 23일 10시,월요일,울산광역시 울주군 온산읍,경상사고,0,0,1,0,차대차 - 기타,교차로운행방법위반,건조,맑음,교차로 - 교차로안,승용,남,63세,상해없음,승용,남,68세,경상
2016052300100413,2016년 5월 23일 16시,월요일,울산광역시 중구 남외동,경상사고,0,0,1,0,차대차 - 측면충돌,신호위반,건조,맑음,교차로 - 교차로안,승용,남,69세,상해없음,승용,남,30세,경상
2016052300100458,2016년 5월 23일 17시,월요일,울산광역시 중구 다운동,경상사고,0,0,1,0,차량단독 - 전도전복,안전운전불이행,건조,맑음,단일로 - 기타,승합,남,46세,상해없음,,,,
2016052300100459,2016년 5월 23일 17시,월요일,울산광역시 남구 무거동,부상신고사고,0,0,0,1,차대차 - 추돌,안전거리미확보,건조,맑음,단일로 - 기타,승용,남,31세,상해없음,승합,남,61세,부상신고
2016052300100500,2016년 5월 23일 18시,월요일,울산광역시 북구 호계동,경상사고,0,0,1,0,차대사람 - 횡단중,안전운전불이행,건조,맑음,단일로 - 기타,이륜,남,19세,상해없음,보행자,여,9세,경상
2016052300100501,2016년 5월 23일 18시,월요일,울산광역시 동구 일산동,경상사고,0,0,3,0,차대차 - 측면충돌,안전운전불이행,건조,맑음,단일로 - 기타,원동기,남,24세,경상,승용,남,38세,경상
2016052300100560,2016년 5월 23일 20시,월요일,울산광역시 울주군 범서읍,중상사고,0,1,0,0,차대사람 - 횡단중,안전운전불이행,건조,맑음,교차로 - 교차로안,승용,남,67세,상해없음,보행자,여,81세,중상
2016052300100585,2016년 5월 23일 21시,월요일,울산광역시 남구 두왕동,중상사고,0,1,0,0,차량단독 - 전도전복,안전거리미확보,건조,맑음,단일로 - 기타,승용,남,26세,중상,,,,
2016052300100586,2016년 5월 23일 21시,월요일,울산광역시 남구 달동,중상사고,0,1,0,0,차대차 - 추돌,차로위반,건조,맑음,단일로 - 기타,승용,남,57세,상해없음,승용,남,54세,중상
2016052300100587,2016년 5월 23일 21시,월요일,울산광역시 울주군 웅촌면,경상사고,0,0,1,0,차대차 - 추돌,안전운전불이행,건조,맑음,교차로 - 교차로부근,화물,남,28세,상해없음,승용,여,53세,경상
2016052400100017,2016년 5월 24일 00시,화요일,울산광역시 남구 달동,경상사고,0,0,1,0,차대사람 - 횡단중,안전운전불이행,건조,맑음,단일로 - 기타,승용,남,33세,기타불명,보행자,남,19세,경상
2016052400100026,2016년 5월 24일 01시,화요일,울산광역시 울주군 삼남면,중상사고,0,1,1,0,차대차 - 추돌,안전운전불이행,건조,맑음,단일로 - 기타,화물,남,52세,상해없음,화물,남,56세,경상
2016052400100153,2016년 5월 24일 08시,화요일,울산광역시 북구 천곡동,중상사고,0,2,0,0,차대차 - 측면직각충돌,안전운전불이행,건조,맑음,단일로 - 기타,농기계,남,76세,중상,승용,여,29세,중상
2016052400100269,2016년 5월 24일 11시,화요일,울산광역시 북구 호계동,부상신고사고,0,0,0,1,차대차 - 측면충돌,안전운전불이행,건조,맑음,교차로 - 교차로안,이륜,남,73세,부상신고,승용,남,62세,상해없음
2016052400100302,2016년 5월 24일 12시,화요일,울산광역시 중구 약사동,중상사고,0,1,1,0,차대차 - 측면충돌,신호위반,건조,흐림,교차로 - 교차로안,승용,여,34세,경상,화물,남,47세,중상
2016052400100331,2016년 5월 24일 13시,화요일,울산광역시 남구 두왕동,중상사고,0,4,0,0,차대차 - 기타,신호위반,습기,비,교차로 - 교차로안,승용,여,56세,중상,화물,남,57세,상해없음
2016052400100425,2016년 5월 24일 16시,화요일,울산광역시 남구 옥동,경상사고,0,0,2,0,차대차 - 추돌,안전거리미확보,건조,맑음,교차로 - 교차로부근,화물,남,31세,상해없음,승용,남,68세,경상
2016052400100464,2016년 5월 24일 17시,화요일,울산광역시 남구 삼산동,중상사고,0,1,0,0,차대사람 - 기타,보행자보호의무위반,기타,기타,교차로 - 교차로부근,승용,여,52세,상해없음,보행자,남,24세,중상
2016052400100503,2016년 5월 24일 18시,화요일,울산광역시 울주군 청량면,부상신고사고,0,0,0,1,차대사람 - 기타,안전운전불이행,건조,맑음,단일로 - 기타,승용,여,40세,상해없음,보행자,남,44세,부상신고
2016052400100504,2016년 5월 24일 18시,화요일,울산광역시 울주군 청량면,부상신고사고,0,0,0,1,차대사람 - 기타,안전운전불이행,건조,맑음,단일로 - 교량,승용,여,44세,상해없음,보행자,남,15세,부상신고
2016052400100533,2016년 5월 24일 19시,화요일,울산광역시 남구 신정동,중상사고,0,1,0,0,차대사람 - 횡단중,안전운전불이행,건조,맑음,단일로 - 기타,승용,남,64세,상해없음,보행자,여,64세,중상
2016052400100636,2016년 5월 24일 23시,화요일,울산광역시 동구 방어동,중상사고,0,3,3,0,차대차 - 측면직각충돌,신호위반,건조,맑음,교차로 - 교차로안,승용,남,53세,상해없음,승용,남,62세,경상
2016052500100018,2016년 5월 25일 00시,수요일,울산광역시 남구 달동,중상사고,0,1,0,0,차대차 - 측면직각충돌,신호위반,건조,맑음,교차로 - 교차로안,승용,남,51세,상해없음,이륜,남,29세,중상
2016052500100028,2016년 5월 25일 02시,수요일,울산광역시 북구 정자동,경상사고,0,0,1,0,차대사람 - 기타,안전운전불이행,건조,맑음,단일로 - 기타,화물,남,45세,상해없음,보행자,남,50세,경상
2016052500100164,2016년 5월 25일 09시,수요일,울산광역시 북구 화봉동,중상사고,0,1,1,0,차대차 - 측면직각충돌,안전운전불이행,건조,맑음,단일로 - 기타,승용,여,28세,상해없음,승용,여,34세,중상
2016052500100231,2016년 5월 25일 11시,수요일,울산광역시 남구 신정동,경상사고,0,0,1,0,차대차 - 기타,안전운전불이행,건조,맑음,단일로 - 기타,승용,여,50세,상해없음,자전거,남,74세,경상
2016052500100292,2016년 5월 25일 13시,수요일,울산광역시 남구 달동,경상사고,0,0,1,0,차대사람 - 길가장자리구역통행중,안전운전불이행,건조,맑음,교차로 - 교차로부근,승용,남,53세,상해없음,보행자,남,27세,경상
2016052500100402,2016년 5월 25일 16시,수요일,울산광역시 북구 송정동,경상사고,0,0,4,0,차대차 - 추돌,안전거리미확보,건조,맑음,단일로 - 기타,화물,남,25세,상해없음,승용,남,51세,경상
2016052500100403,2016년 5월 25일 16시,수요일,울산광역시 울주군 청량면,경상사고,0,0,3,0,차대차 - 정면충돌,신호위반,건조,맑음,교차로 - 교차로안,화물,남,22세,상해없음,승용,남,30세,경상
2016052500100448,2016년 5월 25일 17시,수요일,울산광역시 북구 창평동,중상사고,0,1,0,0,차대차 - 측면직각충돌,안전운전불이행,건조,맑음,단일로 - 기타,기타불명,기타불명,기타불명,기타불명,이륜,남,74세,중상
2016052500100449,2016년 5월 25일 17시,수요일,울산광역시 남구 무거동,중상사고,0,1,0,0,차대차 - 기타,차로위반,건조,맑음,단일로 - 기타,기타불명,기타불명,기타불명,기타불명,승합,남,53세,상해없음
2016052500100484,2016년 5월 25일 18시,수요일,울산광역시 남구 달동,경상사고,0,0,1,0,차대차 - 기타,교차로운행방법위반,건조,맑음,교차로 - 교차로안,승용,남,61세,상해없음,승용,여,25세,경상
2016052500100485,2016년 5월 25일 18시,수요일,울산광역시 동구 방어동,중상사고,0,1,0,0,차대차 - 정면충돌,안전운전불이행,건조,맑음,교차로 - 교차로부근,승용,남,30세,상해없음,이륜,남,49세,중상
2016052500100486,2016년 5월 25일 18시,수요일,울산광역시 북구 양정동,경상사고,0,0,1,0,차대사람 - 횡단중,안전운전불이행,건조,맑음,교차로 - 교차로안,승용,남,40세,상해없음,보행자,남,28세,경상
2016052500100520,2016년 5월 25일 19시,수요일,울산광역시 남구 신정동,경상사고,0,0,1,0,차대차 - 추돌,안전운전불이행,건조,맑음,교차로 - 교차로부근,승용,여,44세,상해없음,승용,여,30세,경상
2016052500100548,2016년 5월 25일 20시,수요일,울산광역시 북구 천곡동,경상사고,0,0,6,0,차대차 - 추돌,안전운전불이행,건조,맑음,단일로 - 기타,승용,남,49세,상해없음,승용,남,33세,경상
2016052600100020,2016년 5월 26일 00시,목요일,울산광역시 북구 화봉동,경상사고,0,0,1,0,차대차 - 기타,신호위반,건조,맑음,교차로 - 교차로안,승용,남,36세,상해없음,자전거,남,58세,경상
2016052600100038,2016년 5월 26일 02시,목요일,울산광역시 남구 달동,중상사고,0,1,0,0,차대차 - 측면충돌,신호위반,건조,맑음,교차로 - 교차로안,원동기,남,15세,상해없음,승용,남,61세,상해없음
2016052600100071,2016년 5월 26일 06시,목요일,울산광역시 중구 우정동,경상사고,0,0,1,0,차대차 - 추돌,안전운전불이행,건조,맑음,교차로 - 교차로부근,승용,남,53세,상해없음,승용,남,53세,상해없음
2016052600100094,2016년 5월 26일 07시,목요일,울산광역시 북구 호계동,중상사고,0,4,0,0,차대차 - 측면충돌,신호위반,건조,맑음,단일로 - 기타,승용,남,57세,상해없음,승용,남,18세,중상
2016052600100199,2016년 5월 26일 10시,목요일,울산광역시 남구 달동,부상신고사고,0,0,0,1,차대차 - 측면충돌,안전운전불이행,건조,맑음,단일로 - 기타,이륜,남,54세,부상신고,승용,여,65세,상해없음
2016052600100378,2016년 5월 26일 16시,목요일,울산광역시 북구 구유동,경상사고,0,0,3,0,차량단독 - 공작물충돌,안전운전불이행,건조,맑음,단일로 - 기타,승용,남,74세,상해없음,,,,
2016052600100423,2016년 5월 26일 17시,목요일,울산광역시 중구 태화동,경상사고,0,0,1,0,차대차 - 측면충돌,안전운전불이행,건조,맑음,단일로 - 기타,승용,여,50세,상해없음,승용,여,29세,경상
2016052600100463,2016년 5월 26일 18시,목요일,울산광역시 중구 태화동,중상사고,0,1,1,0,차대차 - 정면충돌,안전거리미확보,건조,맑음,단일로 - 기타,승용,여,43세,경상,승용,남,53세,중상
2016052600100464,2016년 5월 26일 18시,목요일,울산광역시 동구 전하동,경상사고,0,0,1,0,차대사람 - 횡단중,안전운전불이행,건조,맑음,단일로 - 기타,원동기,남,25세,상해없음,보행자,여,61세,경상
2016052600100493,2016년 5월 26일 19시,목요일,울산광역시 남구 달동,부상신고사고,0,0,0,1,차대차 - 측면충돌,교차로운행방법위반,건조,맑음,교차로 - 교차로안,이륜,남,17세,부상신고,승용,남,27세,상해없음
2016052600100494,2016년 5월 26일 19시,목요일,울산광역시 남구 무거동,경상사고,0,0,1,0,차대사람 - 기타,안전운전불이행,건조,맑음,교차로 - 교차로부근,승용,남,52세,상해없음,보행자,남,27세,경상
2016052600100526,2016년 5월 26일 20시,목요일,울산광역시 남구 야음동,사망사고,1,0,0,0,차대차 - 측면충돌,신호위반,건조,맑음,교차로 - 교차로안,이륜,남,22세,사망,승용,남,40세,상해없음
2016052600100557,2016년 5월 26일 21시,목요일,울산광역시 중구 우정동,부상신고사고,0,0,0,1,차대차 - 추돌,안전운전불이행,건조,맑음,단일로 - 기타,이륜,남,16세,부상신고,승용,남,24세,상해없음
2016052600100611,2016년 5월 26일 23시,목요일,울산광역시 동구 서부동,경상사고,0,0,1,0,차대차 - 정면충돌,안전운전불이행,건조,맑음,단일로 - 기타,승용,남,53세,상해없음,승용,남,58세,경상
2016052600100612,2016년 5월 26일 23시,목요일,울산광역시 울주군 삼남면,중상사고,0,1,1,0,차대차 - 측면충돌,교차로운행방법위반,건조,맑음,교차로 - 교차로안,승용,남,33세,상해없음,승용,남,65세,경상
2016052700100018,2016년 5월 27일 01시,금요일,울산광역시 동구 일산동,경상사고,0,0,2,0,차대차 - 추돌,안전운전불이행,건조,맑음,교차로 - 교차로부근,승용,남,34세,상해없음,승용,남,69세,상해없음
2016052700100036,2016년 5월 27일 03시,금요일,울산광역시 북구 명촌동,경상사고,0,0,1,0,차대차 - 측면직각충돌,기타,건조,맑음,단일로 - 기타,승용,남,43세,상해없음,승용,남,29세,기타불명
2016052700100241,2016년 5월 27일 12시,금요일,울산광역시 중구 태화동,중상사고,0,1,0,0,차대차 - 정면충돌,직진우회전진행방해,건조,맑음,교차로 - 교차로안,승용,남,72세,상해없음,이륜,남,35세,중상
2016052700100242,2016년 5월 27일 12시,금요일,울산광역시 남구 삼산동,중상사고,0,1,0,0,차대차 - 정면충돌,직진우회전진행방해,건조,맑음,교차로 - 교차로안,승용,남,71세,상해없음,승용,남,25세,중상
2016052700100321,2016년 5월 27일 14시,금요일,울산광역시 남구 삼산동,중상사고,0,2,0,0,차대차 - 기타,안전거리미확보,건조,맑음,단일로 - 기타,승용,남,28세,상해없음,승합,남,51세,상해없음
2016052700100451,2016년 5월 27일 17시,금요일,울산광역시 동구 방어동,경상사고,0,0,1,0,차대사람 - 길가장자리구역통행중,안전운전불이행,건조,맑음,단일로 - 기타,이륜,남,37세,상해없음,보행자,여,10세,경상
2016052700100497,2016년 5월 27일 18시,금요일,울산광역시 남구 삼산동,중상사고,0,1,0,0,차대차 - 측면충돌,교차로운행방법위반,건조,맑음,교차로 - 교차로안,승용,여,54세,상해없음,승용,여,28세,중상
2016052700100530,2016년 5월 27일 19시,금요일,울산광역시 울주군 온산읍,경상사고,0,0,2,0,차대차 - 추돌,안전운전불이행,건조,맑음,교차로 - 교차로부근,승용,남,57세,상해없음,승용,남,56세,경상
2016052700100595,2016년 5월 27일 21시,금요일,울산광역시 북구 염포동,경상사고,0,0,1,0,차대차 - 추돌,안전운전불이행,건조,맑음,교차로 - 교차로부근,화물,남,51세,상해없음,승용,여,57세,경상
2016052700100619,2016년 5월 27일 22시,금요일,울산광역시 북구 상안동,경상사고,0,0,2,0,차대차 - 추돌,교차로운행방법위반,건조,맑음,교차로 - 교차로부근,승용,남,35세,상해없음,승용,남,30세,경상
2016052700100620,2016년 5월 27일 22시,금요일,울산광역시 남구 달동,중상사고,0,1,0,0,차대사람 - 기타,안전운전불이행,건조,맑음,교차로 - 교차로안,승용,남,40세,상해없음,보행자,남,36세,중상
2016052800100029,2016년 5월 28일 00시,토요일,울산광역시 남구 삼산동,중상사고,0,1,0,0,차대차 - 측면충돌,안전운전불이행,건조,맑음,단일로 - 기타,기타불명,기타불명,기타불명,기타불명,이륜,남,34세,중상
2016052800100059,2016년 5월 28일 02시,토요일,울산광역시 중구 다운동,중상사고,0,3,0,0,차대차 - 추돌,안전거리미확보,건조,맑음,단일로 - 기타,화물,남,41세,상해없음,승용,남,18세,중상
2016052800100112,2016년 5월 28일 07시,토요일,울산광역시 울주군 서생면,경상사고,0,0,1,0,차대차 - 기타,안전운전불이행,건조,맑음,교차로 - 교차로안,승용,남,62세,상해없음,화물,남,39세,경상
2016052800100141,2016년 5월 28일 08시,토요일,울산광역시 울주군 웅촌면,중상사고,0,1,0,0,차대사람 - 횡단중,중앙선침범,건조,맑음,단일로 - 기타,화물,남,53세,상해없음,보행자,남,79세,중상
2016052800100323,2016년 5월 28일 13시,토요일,울산광역시 울주군 웅촌면,중상사고,0,1,0,0,차대차 - 정면충돌,중앙선침범,건조,맑음,단일로 - 기타,이륜,남,52세,상해없음,화물,남,65세,상해없음
2016052800100408,2016년 5월 28일 15시,토요일,울산광역시 북구 화봉동,중상사고,0,1,0,0,차대차 - 기타,신호위반,건조,맑음,교차로 - 교차로안,건설기계,남,58세,상해없음,자전거,여,22세,중상
2016052800100460,2016년 5월 28일 16시,토요일,울산광역시 북구 진장동,경상사고,0,0,1,0,차대사람 - 횡단중,안전운전불이행,건조,맑음,단일로 - 기타,승용,여,48세,상해없음,보행자,여,55세,경상
2016052800100501,2016년 5월 28일 17시,토요일,울산광역시 중구 성남동,경상사고,0,0,1,0,차대사람 - 기타,안전운전불이행,건조,맑음,단일로 - 기타,승용,남,29세,상해없음,보행자,여,13세,경상
2016052800100597,2016년 5월 28일 20시,토요일,울산광역시 동구 화정동,경상사고,0,0,1,0,차대사람 - 횡단중,신호위반,건조,맑음,단일로 - 횡단보도상,승용,여,65세,상해없음,보행자,여,63세,경상
2016052900100039,2016년 5월 29일 01시,일요일,울산광역시 남구 여천동,중상사고,0,1,2,0,차대차 - 측면충돌,교차로운행방법위반,습기,맑음,교차로 - 교차로안,승용,남,32세,상해없음,승용,남,25세,경상
2016052900100078,2016년 5월 29일 04시,일요일,울산광역시 북구 산하동,경상사고,0,0,2,0,차량단독 - 전도전복,안전운전불이행,건조,맑음,단일로 - 기타,승용,남,59세,상해없음,,,,
2016052900100125,2016년 5월 29일 08시,일요일,울산광역시 북구 양정동,중상사고,0,1,0,0,차대차 - 추돌,안전운전불이행,습기,흐림,단일로 - 기타,승용,남,25세,중상,건설기계,남,49세,기타불명
2016052900100314,2016년 5월 29일 16시,일요일,울산광역시 남구 달동,중상사고,0,1,0,0,차대차 - 측면충돌,직진우회전진행방해,건조,맑음,교차로 - 교차로안,이륜,남,43세,중상,승용,남,61세,상해없음
2016052900100429,2016년 5월 29일 20시,일요일,울산광역시 중구 우정동,경상사고,0,0,1,0,차대차 - 기타,안전운전불이행,건조,맑음,단일로 - 기타,승용,남,56세,상해없음,자전거,남,62세,경상
2016052900100462,2016년 5월 29일 22시,일요일,울산광역시 남구 신정동,중상사고,0,1,0,0,차대사람 - 횡단중,안전운전불이행,건조,맑음,단일로 - 기타,승용,남,28세,상해없음,보행자,남,28세,중상
2016052900100463,2016년 5월 29일 22시,일요일,울산광역시 울주군 언양읍,중상사고,0,2,0,0,차대사람 - 횡단중,안전운전불이행,습기,흐림,교차로 - 교차로안,이륜,남,30세,중상,보행자,남,46세,중상
2016053000100058,2016년 5월 30일 06시,월요일,울산광역시 울주군 온양읍,경상사고,0,0,2,1,차대차 - 기타,교차로운행방법위반,건조,맑음,교차로 - 교차로안,승용,남,27세,부상신고,화물,남,56세,경상
2016053000100089,2016년 5월 30일 07시,월요일,울산광역시 남구 매암동,중상사고,0,1,0,0,차대사람 - 기타,안전운전불이행,건조,맑음,교차로 - 교차로부근,승용,남,65세,상해없음,보행자,남,41세,중상
2016053000100129,2016년 5월 30일 08시,월요일,울산광역시 울주군 온산읍,사망사고,1,0,0,0,차대사람 - 횡단중,안전운전불이행,건조,맑음,단일로 - 기타,승용,남,47세,상해없음,보행자,남,40세,사망
2016053000100485,2016년 5월 30일 17시,월요일,울산광역시 중구 성안동,경상사고,0,0,2,0,차대사람 - 횡단중,신호위반,건조,맑음,교차로 - 교차로안,화물,남,44세,상해없음,보행자,남,17세,경상
2016053000100573,2016년 5월 30일 19시,월요일,울산광역시 중구 약사동,중상사고,0,1,0,0,차대차 - 기타,안전거리미확보,건조,맑음,교차로 - 교차로부근,이륜,남,30세,상해없음,승용,여,52세,중상
2016053000100574,2016년 5월 30일 19시,월요일,울산광역시 남구 상개동,중상사고,0,1,2,0,차대차 - 추돌,안전운전불이행,건조,맑음,교차로 - 교차로부근,화물,남,51세,중상,승용,남,40세,경상
2016053000100628,2016년 5월 30일 21시,월요일,울산광역시 남구 야음동,중상사고,0,1,0,0,차대사람 - 횡단중,안전운전불이행,건조,맑음,교차로 - 교차로부근,승용,남,26세,상해없음,보행자,남,48세,중상
2016053100100087,2016년 5월 31일 07시,화요일,울산광역시 남구 두왕동,경상사고,0,0,1,0,차대차 - 측면충돌,신호위반,건조,맑음,교차로 - 교차로안,승용,남,24세,상해없음,이륜,남,37세,경상
2016053100100088,2016년 5월 31일 07시,화요일,울산광역시 울주군 온산읍,경상사고,0,0,1,0,차대차 - 측면충돌,신호위반,건조,맑음,교차로 - 교차로안,건설기계,남,67세,기타불명,승용,남,46세,경상
2016053100100284,2016년 5월 31일 13시,화요일,울산광역시 북구 염포동,경상사고,0,0,2,0,차대차 - 정면충돌,안전운전불이행,건조,맑음,교차로 - 교차로부근,승용,남,52세,상해없음,승용,남,60세,경상
2016053100100313,2016년 5월 31일 14시,화요일,울산광역시 중구 반구동,중상사고,0,1,0,0,차대차 - 추돌,안전운전불이행,건조,맑음,단일로 - 기타,승용,여,32세,상해없음,승용,남,57세,중상
2016053100100345,2016년 5월 31일 15시,화요일,울산광역시 중구 다운동,중상사고,0,1,0,0,차대사람 - 횡단중,신호위반,건조,맑음,단일로 - 횡단보도상,승용,남,61세,상해없음,보행자,여,9세,중상
2016053100100346,2016년 5월 31일 15시,화요일,울산광역시 남구 야음동,중상사고,0,1,0,0,차대사람 - 횡단중,안전운전불이행,건조,맑음,단일로 - 횡단보도부근,승용,여,44세,상해없음,보행자,남,77세,중상
2016053100100347,2016년 5월 31일 15시,화요일,울산광역시 남구 두왕동,경상사고,0,0,1,0,차대차 - 추돌,안전운전불이행,기타,기타,교차로 - 교차로안,승용,남,41세,상해없음,승용,남,46세,경상
2016053100100388,2016년 5월 31일 16시,화요일,울산광역시 북구 화봉동,경상사고,0,0,1,0,차대차 - 측면충돌,중앙선침범,건조,맑음,단일로 - 교량,승용,남,53세,상해없음,승용,남,59세,경상
2016053100100568,2016년 5월 31일 21시,화요일,울산광역시 동구 방어동,경상사고,0,0,1,0,차대사람 - 횡단중,보행자보호의무위반,건조,흐림,단일로 - 기타,이륜,남,41세,상해없음,보행자,남,51세,경상
2016053100100587,2016년 5월 31일 22시,화요일,울산광역시 북구 명촌동,경상사고,0,0,1,0,차대사람 - 횡단중,보행자보호의무위반,건조,맑음,단일로 - 횡단보도상,화물,남,63세,상해없음,보행자,남,49세,경상
2016053100100607,2016년 5월 31일 23시,화요일,울산광역시 울주군 언양읍,경상사고,0,0,1,0,차대차 - 측면충돌,신호위반,건조,맑음,교차로 - 교차로안,화물,남,46세,경상,승용,남,51세,상해없음
2016060100100048,2016년 6월 1일 03시,수요일,울산광역시 북구 효문동,경상사고,0,0,1,0,차량단독 - 공작물충돌,안전운전불이행,건조,맑음,단일로 - 기타,승용,남,28세,경상,,,,
2016060100100099,2016년 6월 1일 07시,수요일,울산광역시 울주군 온산읍,중상사고,0,2,0,0,차대차 - 측면직각충돌,중앙선침범,건조,맑음,단일로 - 기타,승용,남,56세,상해없음,승용,남,35세,중상
2016060100100233,2016년 6월 1일 11시,수요일,울산광역시 북구 진장동,부상신고사고,0,0,0,1,차량단독 - 전도전복,안전운전불이행,건조,맑음,단일로 - 기타,승용,남,29세,부상신고,,,,
2016060100100234,2016년 6월 1일 11시,수요일,울산광역시 동구 화정동,중상사고,0,1,0,0,차대사람 - 길가장자리구역통행중,안전운전불이행,건조,맑음,교차로 - 교차로부근,승용,여,42세,상해없음,보행자,여,68세,중상
2016060100100338,2016년 6월 1일 14시,수요일,울산광역시 중구 성남동,경상사고,0,0,1,0,차대사람 - 길가장자리구역통행중,안전운전불이행,건조,맑음,단일로 - 기타,승용,여,24세,상해없음,보행자,여,23세,경상
2016060100100339,2016년 6월 1일 14시,수요일,울산광역시 남구 무거동,중상사고,0,1,2,0,차대차 - 추돌,안전거리미확보,건조,맑음,교차로 - 교차로부근,승합,남,48세,상해없음,화물,남,45세,중상