사고번호,사고일시,요일,시군구,사고내용,사망자수,중상자수,경상자수,부상신고자수,사고유형,법규위반,노면상태,기상상태,도로형태,가해운전자 차종,가해운전자 성별,가해운전자 연령,가해운전자 상해정도,피해운전자 차종,피해운전자 성별,피해운전자 연령,피해운전자 상해정도
2016060100100470,2016년 6월 1일 17시,수요일,울산광역시 북구 진장동,중상사고,0,1,0,0,차대차 - 기타,안전운전불이행,건조,맑음,교차로 - 교차로부근,승용,남,32세,상해없음,자전거,남,60세,중상
2016060100100568,2016년 6월 1일 20시,수요일,울산광역시 중구 태화동,부상신고사고,0,0,0,1,차대차 - 추돌,안전운전불이행,건조,맑음,교차로 - 교차로부근,승용,남,47세,부상신고,승용,남,44세,기타불명
2016060100100629,2016년 6월 1일 22시,수요일,울산광역시 북구 신천동,경상사고,0,0,1,0,차대차 - 기타,안전운전불이행,건조,맑음,단일로 - 기타,승용,남,56세,상해없음,자전거,남,24세,경상
2016060100100659,2016년 6월 1일 23시,수요일,울산광역시 북구 연암동,경상사고,0,0,2,0,차대차 - 추돌,안전운전불이행,건조,맑음,단일로 - 기타,승용,여,32세,상해없음,승용,여,38세,경상
2016060100100660,2016년 6월 1일 23시,수요일,울산광역시 중구 성안동,중상사고,0,1,0,0,차대차 - 측면충돌,안전운전불이행,건조,맑음,교차로 - 교차로안,승용,남,36세,상해없음,승용,여,48세,중상
2016060100100661,2016년 6월 1일 23시,수요일,울산광역시 북구 진장동,중상사고,0,1,2,0,차대차 - 추돌,안전거리미확보,건조,맑음,교차로 - 교차로부근,승용,여,43세,경상,승용,여,33세,중상
2016060200100018,2016년 6월 2일 01시,목요일,울산광역시 남구 달동,경상사고,0,0,4,0,차대차 - 측면충돌,안전운전불이행,건조,맑음,교차로 - 교차로안,승용,여,35세,상해없음,승용,남,73세,경상
2016060200100019,2016년 6월 2일 01시,목요일,울산광역시 남구 신정동,사망사고,1,0,0,0,차대사람 - 횡단중,안전운전불이행,기타,맑음,교차로 - 교차로안,승용,남,25세,상해없음,보행자,남,47세,사망
2016060200100102,2016년 6월 2일 07시,목요일,울산광역시 남구 신정동,경상사고,0,0,1,0,차대사람 - 횡단중,보행자보호의무위반,건조,맑음,단일로 - 횡단보도상,원동기,남,22세,상해없음,보행자,여,32세,경상
2016060200100103,2016년 6월 2일 07시,목요일,울산광역시 동구 동부동,중상사고,0,1,0,0,차대차 - 측면직각충돌,신호위반,건조,맑음,교차로 - 교차로안,화물,남,48세,상해없음,이륜,남,36세,중상
2016060200100158,2016년 6월 2일 08시,목요일,울산광역시 중구 동동,중상사고,0,1,0,0,차대사람 - 횡단중,안전운전불이행,건조,맑음,교차로 - 교차로안,승용,남,28세,상해없음,보행자,여,80세,중상
2016060200100159,2016년 6월 2일 08시,목요일,울산광역시 울주군 온양읍,중상사고,0,1,0,0,차량단독 - 전도전복,안전운전불이행,건조,맑음,단일로 - 기타,승용,남,76세,중상,,,,
2016060200100234,2016년 6월 2일 10시,목요일,울산광역시 남구 신정동,경상사고,0,0,1,0,차대차 - 측면충돌,교차로운행방법위반,건조,맑음,교차로 - 교차로안,화물,남,47세,기타불명,이륜,남,68세,경상
2016060200100267,2016년 6월 2일 11시,목요일,울산광역시 북구 달천동,경상사고,0,0,1,0,차대사람 - 기타,안전운전불이행,건조,맑음,교차로 - 교차로안,승용,남,56세,상해없음,보행자,남,49세,경상
2016060200100292,2016년 6월 2일 12시,목요일,울산광역시 남구 신정동,중상사고,0,1,2,0,차대차 - 측면직각충돌,신호위반,건조,맑음,교차로 - 교차로안,승용,여,37세,중상,승용,남,63세,경상
2016060200100372,2016년 6월 2일 15시,목요일,울산광역시 남구 삼산동,중상사고,0,1,0,0,차대사람 - 횡단중,안전운전불이행,건조,맑음,교차로 - 교차로부근,승용,남,55세,상해없음,보행자,여,55세,중상
2016060200100423,2016년 6월 2일 16시,목요일,울산광역시 남구 신정동,경상사고,0,0,1,0,차대차 - 추돌,안전운전불이행,건조,맑음,교차로 - 교차로안,화물,남,66세,상해없음,원동기,남,56세,경상
2016060200100630,2016년 6월 2일 21시,목요일,울산광역시 북구 연암동,부상신고사고,0,0,0,1,차대사람 - 횡단중,안전운전불이행,건조,맑음,교차로 - 교차로부근,자전거,남,15세,부상신고,보행자,남,44세,상해없음
2016060300100156,2016년 6월 3일 08시,금요일,울산광역시 북구 상안동,중상사고,0,1,2,0,차대차 - 추돌,안전거리미확보,건조,맑음,단일로 - 기타,승용,남,46세,상해없음,승용,여,47세,경상
2016060300100157,2016년 6월 3일 08시,금요일,울산광역시 동구 방어동,경상사고,0,0,1,0,차대사람 - 보도통행중,기타,건조,맑음,단일로 - 기타,승용,여,39세,상해없음,보행자,남,11세,경상
2016060300100190,2016년 6월 3일 09시,금요일,울산광역시 중구 태화동,경상사고,0,0,1,0,차량단독 - 공작물충돌,안전운전불이행,건조,맑음,단일로 - 기타,이륜,남,71세,경상,,,,
2016060300100275,2016년 6월 3일 12시,금요일,울산광역시 남구 삼산동,중상사고,0,1,0,0,차량단독 - 기타,기타,건조,맑음,단일로 - 기타,승합,남,42세,상해없음,,,,
2016060300100311,2016년 6월 3일 13시,금요일,울산광역시 북구 명촌동,경상사고,0,0,1,0,차대차 - 추돌,안전거리미확보,건조,맑음,단일로 - 기타,화물,남,54세,상해없음,승용,남,42세,경상
2016060300100312,2016년 6월 3일 13시,금요일,울산광역시 남구 선암동,경상사고,0,0,6,0,차대차 - 추돌,안전거리미확보,건조,맑음,단일로 - 기타,승용,여,36세,경상,승용,남,33세,경상
2016060300100394,2016년 6월 3일 15시,금요일,울산광역시 중구 다운동,중상사고,0,2,0,0,차대차 - 기타,기타,건조,맑음,단일로 - 횡단보도부근,승용,남,52세,상해없음,화물,남,33세,상해없음
2016060300100395,2016년 6월 3일 15시,금요일,울산광역시 남구 달동,부상신고사고,0,0,0,1,차량단독 - 전도전복,안전운전불이행,건조,맑음,단일로 - 교량,기타불명,기타불명,66세,기타불명,,,,
2016060300100396,2016년 6월 3일 15시,금요일,울산광역시 남구 무거동,경상사고,0,0,2,0,차대차 - 추돌,안전운전불이행,건조,맑음,교차로 - 교차로부근,화물,남,66세,상해없음,승용,남,64세,경상
2016060300100467,2016년 6월 3일 17시,금요일,울산광역시 울주군 온산읍,중상사고,0,1,0,0,차대사람 - 횡단중,안전운전불이행,건조,맑음,교차로 - 교차로부근,승용,여,46세,상해없음,보행자,남,61세,중상
2016060300100524,2016년 6월 3일 18시,금요일,울산광역시 중구 옥교동,경상사고,0,0,1,0,차량단독 - 기타,기타,건조,맑음,단일로 - 기타,승합,남,50세,상해없음,,,,
2016060300100525,2016년 6월 3일 18시,금요일,울산광역시 울주군 범서읍,경상사고,0,0,1,0,차대차 - 측면충돌,신호위반,건조,맑음,교차로 - 교차로부근,승용,여,38세,상해없음,자전거,남,10세,경상
2016060300100577,2016년 6월 3일 19시,금요일,울산광역시 중구 복산동,중상사고,0,1,0,0,차대차 - 정면충돌,안전운전불이행,건조,맑음,단일로 - 기타,승용,여,61세,상해없음,이륜,남,59세,중상
2016060300100578,2016년 6월 3일 19시,금요일,울산광역시 남구 야음동,부상신고사고,0,0,0,1,차대차 - 기타,안전운전불이행,건조,맑음,단일로 - 기타,기타불명,기타불명,기타불명,기타불명,자전거,남,16세,부상신고
2016060300100620,2016년 6월 3일 20시,금요일,울산광역시 남구 야음동,경상사고,0,0,1,0,차대차 - 추돌,안전운전불이행,건조,맑음,단일로 - 기타,승용,여,42세,상해없음,원동기,남,59세,경상
2016060300100720,2016년 6월 3일 23시,금요일,울산광역시 동구 일산동,경상사고,0,0,1,0,차대차 - 측면충돌,안전운전불이행,건조,맑음,교차로 - 교차로안,승합,남,25세,상해없음,승합,남,33세,상해없음
2016060300100721,2016년 6월 3일 23시,금요일,울산광역시 울주군 온산읍,중상사고,0,1,0,0,차대차 - 정면충돌,안전운전불이행,건조,맑음,교차로 - 교차로부근,승용,남,48세,상해없음,이륜,남,21세,중상
2016060400100046,2016년 6월 4일 01시,토요일,울산광역시 울주군 범서읍,중상사고,0,1,0,0,차대사람 - 횡단중,안전운전불이행,건조,맑음,단일로 - 기타,승용,남,48세,상해없음,보행자,남,50세,중상
2016060400100070,2016년 6월 4일 03시,토요일,울산광역시 남구 달동,경상사고,0,0,1,0,차대차 - 추돌,안전운전불이행,건조,맑음,단일로 - 기타,승용,남,17세,상해없음,승용,남,21세,경상
2016060400100184,2016년 6월 4일 09시,토요일,울산광역시 울주군 청량면,중상사고,0,2,0,0,차대차 - 추돌,안전거리미확보,건조,맑음,단일로 - 기타,화물,남,38세,중상,승용,여,44세,중상
2016060400100294,2016년 6월 4일 12시,토요일,울산광역시 동구 전하동,경상사고,0,0,1,0,차대사람 - 기타,안전운전불이행,건조,맑음,단일로 - 기타,승용,남,82세,상해없음,보행자,여,62세,경상
2016060400100295,2016년 6월 4일 12시,토요일,울산광역시 울주군 웅촌면,경상사고,0,0,1,0,차대차 - 측면충돌,안전운전불이행,습기,비,단일로 - 기타,승용,남,49세,상해없음,승용,남,33세,경상
2016060400100336,2016년 6월 4일 13시,토요일,울산광역시 남구 삼산동,경상사고,0,0,1,0,차대차 - 추돌,안전거리미확보,습기,비,단일로 - 기타,이륜,남,21세,경상,승용,남,36세,상해없음
2016060400100337,2016년 6월 4일 13시,토요일,울산광역시 동구 화정동,경상사고,0,0,4,0,차대차 - 추돌,안전운전불이행,습기,비,단일로 - 기타,승용,남,54세,상해없음,승용,남,38세,경상
2016060400100388,2016년 6월 4일 14시,토요일,울산광역시 중구 반구동,중상사고,0,1,0,0,차대차 - 기타,안전운전불이행,건조,맑음,교차로 - 교차로부근,승합,남,40세,상해없음,승용,남,54세,중상
2016060400100439,2016년 6월 4일 16시,토요일,울산광역시 울주군 언양읍,경상사고,0,0,1,0,차대차 - 기타,안전운전불이행,습기,비,단일로 - 기타,승용,남,54세,상해없음,승용,남,28세,경상
2016060400100470,2016년 6월 4일 16시,토요일,울산광역시 북구 연암동,경상사고,0,0,2,0,차대차 - 추돌,안전운전불이행,건조,맑음,단일로 - 기타,화물,남,26세,상해없음,승용,여,52세,경상
2016060400100471,2016년 6월 4일 16시,토요일,울산광역시 남구 선암동,사망사고,1,0,2,0,차대차 - 측면충돌,중앙선침범,습기,비,단일로 - 기타,승용,남,37세,사망,특수,남,36세,경상
2016060400100503,2016년 6월 4일 17시,토요일,울산광역시 남구 달동,경상사고,0,0,4,0,차대차 - 측면직각충돌,신호위반,건조,맑음,교차로 - 교차로안,승용,여,30세,상해없음,승용,남,45세,경상
2016060400100564,2016년 6월 4일 19시,토요일,울산광역시 북구 화봉동,경상사고,0,0,1,0,차대차 - 추돌,안전거리미확보,건조,흐림,단일로 - 기타,승용,남,64세,상해없음,승용,남,47세,경상
2016060400100599,2016년 6월 4일 20시,토요일,울산광역시 울주군 온양읍,중상사고,0,2,2,0,차대차 - 추돌,안전운전불이행,건조,맑음,교차로 - 교차로부근,승용,남,50세,상해없음,승용,여,55세,중상
2016060400100624,2016년 6월 4일 21시,토요일,울산광역시 남구 신정동,경상사고,0,0,1,0,차대차 - 측면직각충돌,안전운전불이행,건조,흐림,단일로 - 기타,승용,남,45세,상해없음,이륜,남,23세,경상
2016060500100038,2016년 6월 5일 02시,일요일,울산광역시 울주군 청량면,중상사고,0,1,1,0,차대차 - 추돌,안전운전불이행,건조,맑음,교차로 - 교차로부근,승용,남,40세,경상,승용,남,31세,중상
2016060500100081,2016년 6월 5일 06시,일요일,울산광역시 울주군 온양읍,경상사고,0,0,1,0,차대사람 - 기타,안전운전불이행,건조,맑음,기타 - 기타,승용,여,51세,상해없음,보행자,여,57세,경상
2016060500100180,2016년 6월 5일 11시,일요일,울산광역시 동구 전하동,중상사고,0,1,0,0,차대차 - 정면충돌,안전운전불이행,건조,맑음,교차로 - 교차로안,승용,남,24세,상해없음,자전거,남,76세,중상
2016060500100181,2016년 6월 5일 11시,일요일,울산광역시 울주군 삼동면,경상사고,0,0,1,0,차량단독 - 기타,안전운전불이행,건조,맑음,단일로 - 기타,이륜,남,58세,상해없음,,,,
2016060500100245,2016년 6월 5일 13시,일요일,울산광역시 남구 무거동,경상사고,0,0,1,0,차대사람 - 횡단중,안전운전불이행,건조,맑음,단일로 - 기타,승용,남,65세,상해없음,보행자,남,47세,경상
2016060500100285,2016년 6월 5일 14시,일요일,울산광역시 중구 옥교동,중상사고,0,1,0,0,차대사람 - 횡단중,안전운전불이행,건조,맑음,단일로 - 기타,승용,여,55세,상해없음,보행자,여,73세,중상
2016060500100318,2016년 6월 5일 15시,일요일,울산광역시 남구 옥동,경상사고,0,0,1,0,차대차 - 추돌,안전운전불이행,건조,맑음,교차로 - 교차로안,승용,기타불명,기타불명,기타불명,승용,남,31세,경상
2016060500100453,2016년 6월 5일 18시,일요일,울산광역시 북구 진장동,중상사고,0,1,0,0,차대차 - 측면충돌,안전운전불이행,건조,맑음,단일로 - 기타,승용,남,36세,상해없음,이륜,남,54세,중상
2016060500100454,2016년 6월 5일 18시,일요일,울산광역시 북구 연암동,경상사고,0,0,4,0,차대차 - 추돌,안전운전불이행,건조,맑음,단일로 - 기타,승용,남,60세,상해없음,승용,남,56세,경상
2016060500100455,2016년 6월 5일 18시,일요일,울산광역시 남구 무거동,중상사고,0,2,0,0,차대차 - 추돌,안전운전불이행,건조,맑음,교차로 - 교차로부근,승용,남,42세,상해없음,승용,여,25세,중상
2016060500100481,2016년 6월 5일 19시,일요일,울산광역시 남구 달동,경상사고,0,0,2,0,차대차 - 추돌,안전운전불이행,건조,맑음,단일로 - 기타,승용,여,40세,기타불명,승용,남,34세,경상
2016060500100482,2016년 6월 5일 19시,일요일,울산광역시 울주군 청량면,중상사고,0,1,0,0,차량단독 - 공작물충돌,안전운전불이행,건조,맑음,교차로 - 교차로안,승용,남,36세,중상,,,,
2016060500100566,2016년 6월 5일 22시,일요일,울산광역시 중구 성남동,경상사고,0,0,1,1,차대사람 - 길가장자리구역통행중,안전운전불이행,건조,흐림,기타 - 기타,자전거,남,18세,부상신고,보행자,남,17세,경상
2016060500100567,2016년 6월 5일 22시,일요일,울산광역시 북구 천곡동,부상신고사고,0,0,0,1,차대차 - 기타,안전운전불이행,건조,맑음,교차로 - 교차로안,이륜,남,17세,부상신고,승용,남,27세,상해없음
2016060600100043,2016년 6월 6일 02시,월요일,울산광역시 남구 선암동,중상사고,0,1,0,0,차대차 - 추돌,안전운전불이행,건조,맑음,단일로 - 기타,기타불명,기타불명,기타불명,기타불명,자전거,남,23세,중상
2016060600100078,2016년 6월 6일 06시,월요일,울산광역시 남구 신정동,경상사고,0,0,2,0,차대차 - 측면충돌,안전운전불이행,건조,흐림,교차로 - 교차로안,승용,남,34세,상해없음,화물,여,68세,경상
2016060600100079,2016년 6월 6일 06시,월요일,울산광역시 울주군 온산읍,경상사고,0,0,1,0,차대차 - 측면직각충돌,안전운전불이행,건조,맑음,단일로 - 기타,승용,남,23세,경상,승용,남,49세,기타불명
2016060600100220,2016년 6월 6일 13시,월요일,울산광역시 동구 일산동,중상사고,0,1,0,0,차대사람 - 보도통행중,기타,습기,비,교차로 - 교차로부근,승용,여,58세,상해없음,보행자,여,20세,중상
2016060600100260,2016년 6월 6일 14시,월요일,울산광역시 북구 호계동,중상사고,0,1,0,0,차대차 - 측면직각충돌,신호위반,습기,흐림,교차로 - 교차로안,승용,여,63세,상해없음,이륜,남,35세,중상
2016060600100319,2016년 6월 6일 16시,월요일,울산광역시 남구 신정동,중상사고,0,1,1,0,차대차 - 추돌,안전운전불이행,기타,기타,교차로 - 교차로안,승용,남,46세,상해없음,승용,남,51세,경상
2016060600100354,2016년 6월 6일 17시,월요일,울산광역시 북구 매곡동,사망사고,1,1,0,1,차대차 - 측면충돌,안전운전불이행,건조,맑음,교차로 - 교차로안,승용,남,56세,부상신고,승용,남,44세,상해없음
2016060600100355,2016년 6월 6일 17시,월요일,울산광역시 울주군 온산읍,경상사고,0,0,3,0,차대차 - 정면충돌,교차로운행방법위반,건조,맑음,교차로 - 교차로안,승용,남,30세,경상,승용,여,56세,경상
2016060700100140,2016년 6월 7일 08시,화요일,울산광역시 남구 신정동,경상사고,0,0,1,0,차대차 - 추돌,안전운전불이행,건조,맑음,교차로 - 교차로부근,승용,남,55세,상해없음,승용,남,40세,경상
2016060700100221,2016년 6월 7일 11시,화요일,울산광역시 남구 신정동,경상사고,0,0,2,0,차대차 - 추돌,안전운전불이행,건조,맑음,단일로 - 기타,승용,여,36세,상해없음,승용,남,67세,경상
2016060700100222,2016년 6월 7일 11시,화요일,울산광역시 남구 무거동,중상사고,0,1,0,0,차량단독 - 기타,기타,건조,맑음,교차로 - 교차로부근,승합,남,49세,상해없음,,,,
2016060700100223,2016년 6월 7일 11시,화요일,울산광역시 동구 동부동,중상사고,0,1,0,0,차대차 - 측면직각충돌,직진우회전진행방해,건조,맑음,교차로 - 교차로안,승용,남,53세,상해없음,승용,남,62세,상해없음
2016060700100354,2016년 6월 7일 15시,화요일,울산광역시 중구 다운동,경상사고,0,0,2,0,차대차 - 추돌,안전거리미확보,건조,맑음,단일로 - 기타,화물,남,31세,상해없음,화물,남,34세,경상
2016060700100437,2016년 6월 7일 17시,화요일,울산광역시 북구 중산동,경상사고,0,0,1,0,차대차 - 측면충돌,안전운전불이행,건조,맑음,단일로 - 기타,승용,여,52세,상해없음,승용,여,41세,경상
2016060700100505,2016년 6월 7일 19시,화요일,울산광역시 남구 신정동,경상사고,0,0,1,0,차대차 - 측면충돌,신호위반,건조,맑음,교차로 - 교차로안,자전거,남,14세,경상,이륜,여,40세,상해없음
2016060700100533,2016년 6월 7일 20시,화요일,울산광역시 중구 반구동,중상사고,0,1,0,0,차대사람 - 횡단중,안전운전불이행,건조,맑음,단일로 - 기타,승용,남,44세,상해없음,보행자,여,77세,중상
2016060700100534,2016년 6월 7일 20시,화요일,울산광역시 중구 옥교동,경상사고,0,0,1,0,차대사람 - 차도통행중,안전운전불이행,건조,맑음,단일로 - 기타,승합,남,44세,상해없음,보행자,여,66세,경상
2016060800100015,2016년 6월 8일 00시,수요일,울산광역시 북구 화봉동,중상사고,0,1,0,0,차량단독 - 기타,안전운전불이행,건조,맑음,단일로 - 기타,자전거,남,35세,중상,,,,
2016060800100077,2016년 6월 8일 07시,수요일,울산광역시 동구 화정동,경상사고,0,0,1,0,차대차 - 정면충돌,안전운전불이행,건조,맑음,교차로 - 교차로부근,승합,남,57세,상해없음,자전거,남,27세,경상
2016060800100329,2016년 6월 8일 15시,수요일,울산광역시 중구 우정동,중상사고,0,1,0,0,차대차 - 측면직각충돌,안전거리미확보,건조,맑음,단일로 - 기타,승합,남,62세,상해없음,승용,남,33세,중상
2016060800100330,2016년 6월 8일 15시,수요일,울산광역시 남구 달동,중상사고,0,1,0,0,차대차 - 기타,교차로운행방법위반,습기,비,교차로 - 교차로안,승용,남,56세,상해없음,이륜,남,35세,중상
2016060800100352,2016년 6월 8일 16시,수요일,울산광역시 북구 명촌동,경상사고,0,0,2,0,차대차 - 기타,안전운전불이행,습기,비,단일로 - 기타,승용,남,45세,상해없음,화물,남,20세,경상
2016060800100353,2016년 6월 8일 16시,수요일,울산광역시 동구 동부동,경상사고,0,0,1,0,차대사람 - 기타,안전운전불이행,건조,맑음,단일로 - 기타,승용,여,31세,상해없음,보행자,여,13세,경상
2016060800100440,2016년 6월 8일 18시,수요일,울산광역시 남구 삼산동,경상사고,0,0,1,0,차대차 - 추돌,안전운전불이행,건조,맑음,단일로 - 기타,승용,남,43세,상해없음,승용,남,29세,경상
2016060800100470,2016년 6월 8일 19시,수요일,울산광역시 울주군 온산읍,부상신고사고,0,0,0,1,차대사람 - 횡단중,안전운전불이행,건조,맑음,단일로 - 기타,승용,남,60세,상해없음,보행자,남,48세,부상신고
2016060800100551,2016년 6월 8일 22시,수요일,울산광역시 남구 신정동,중상사고,0,1,0,0,차대차 - 기타,안전거리미확보,건조,맑음,교차로 - 교차로부근,승용,남,53세,상해없음,이륜,남,17세,중상
2016060900100018,2016년 6월 9일 01시,목요일,울산광역시 남구 삼산동,경상사고,0,0,1,0,차대차 - 측면직각충돌,교차로운행방법위반,기타,기타,교차로 - 교차로안,승용,여,60세,상해없음,승용,남,43세,경상
2016060900100184,2016년 6월 9일 10시,목요일,울산광역시 남구 선암동,부상신고사고,0,0,0,1,차대차 - 측면충돌,신호위반,건조,맑음,교차로 - 교차로안,승용,남,47세,부상신고,승용,여,56세,상해없음
2016060900100231,2016년 6월 9일 12시,목요일,울산광역시 중구 우정동,중상사고,0,1,0,0,차대사람 - 기타,안전운전불이행,건조,맑음,단일로 - 기타,승용,남,77세,상해없음,보행자,여,77세,중상
2016060900100349,2016년 6월 9일 16시,목요일,울산광역시 울주군 온양읍,경상사고,0,0,1,0,차대사람 - 횡단중,기타,건조,맑음,교차로 - 교차로부근,화물,남,42세,상해없음,보행자,여,10세,경상
2016060900100397,2016년 6월 9일 17시,목요일,울산광역시 북구 명촌동,중상사고,0,1,1,0,차대차 - 측면충돌,차로위반,건조,맑음,단일로 - 기타,승용,여,33세,상해없음,승용,남,73세,중상
2016060900100453,2016년 6월 9일 18시,목요일,울산광역시 북구 신천동,경상사고,0,0,1,0,차대차 - 측면직각충돌,안전운전불이행,건조,맑음,단일로 - 기타,자전거,남,16세,경상,승용,여,52세,상해없음
2016060900100518,2016년 6월 9일 20시,목요일,울산광역시 중구 우정동,중상사고,0,1,0,0,차대사람 - 횡단중,안전운전불이행,건조,맑음,단일로 - 횡단보도상,승용,남,33세,상해없음,보행자,남,29세,중상
2016060900100519,2016년 6월 9일 20시,목요일,울산광역시 중구 남외동,경상사고,0,0,1,0,차대사람 - 횡단중,보행자보호의무위반,건조,맑음,단일로 - 횡단보도상,승용,남,72세,상해없음,보행자,여,56세,경상
2016060900100566,2016년 6월 9일 22시,목요일,울산광역시 남구 신정동,경상사고,0,0,1,0,차대사람 - 기타,안전운전불이행,건조,맑음,단일로 - 기타,승용,여,25세,상해없음,보행자,남,26세,경상
2016060900100567,2016년 6월 9일 22시,목요일,울산광역시 남구 무거동,경상사고,0,0,1,0,차대사람 - 횡단중,신호위반,건조,맑음,교차로 - 교차로부근,승용,여,46세,상해없음,보행자,남,46세,경상
2016061000100043,2016년 6월 10일 02시,금요일,울산광역시 중구 우정동,경상사고,0,0,1,0,차대사람 - 횡단중,안전운전불이행,건조,맑음,단일로 - 기타,승용,남,20세,상해없음,보행자,남,41세,경상
2016061000100044,2016년 6월 10일 02시,금요일,울산광역시 중구 우정동,중상사고,0,1,3,0,차대차 - 측면충돌,안전운전불이행,건조,맑음,교차로 - 교차로안,승용,남,41세,경상,승용,남,43세,중상
2016061000100099,2016년 6월 10일 07시,금요일,울산광역시 남구 야음동,경상사고,0,0,1,0,차대차 - 측면충돌,교차로운행방법위반,건조,맑음,교차로 - 교차로안,승용,남,60세,상해없음,승용,남,36세,경상
2016061000100342,2016년 6월 10일 14시,금요일,울산광역시 중구 성안동,경상사고,0,0,1,0,차대차 - 추돌,안전거리미확보,건조,맑음,단일로 - 기타,승용,여,59세,상해없음,승용,남,48세,경상
2016061000100561,2016년 6월 10일 19시,금요일,울산광역시 남구 상개동,중상사고,0,1,0,0,차대차 - 측면충돌,신호위반,건조,맑음,교차로 - 교차로안,승용,남,36세,상해없음,이륜,남,39세,중상
2016061000100589,2016년 6월 10일 20시,금요일,울산광역시 남구 삼산동,경상사고,0,0,1,0,차대차 - 측면충돌,교차로운행방법위반,건조,맑음,교차로 - 교차로안,승용,여,35세,상해없음,승용,여,29세,경상
2016061100100031,2016년 6월 11일 01시,토요일,울산광역시 남구 삼산동,경상사고,0,0,4,0,차대차 - 측면직각충돌,신호위반,건조,맑음,교차로 - 교차로안,승용,남,44세,상해없음,승용,남,36세,경상
2016061100100193,2016년 6월 11일 09시,토요일,울산광역시 중구 반구동,경상사고,0,0,1,0,차대차 - 추돌,안전운전불이행,건조,맑음,기타 - 기타,승용,남,26세,상해없음,승용,남,63세,경상
2016061100100194,2016년 6월 11일 09시,토요일,울산광역시 중구 반구동,경상사고,0,0,1,0,차대차 - 측면직각충돌,안전운전불이행,건조,맑음,교차로 - 교차로안,자전거,남,63세,경상,승합,남,54세,상해없음
2016061100100251,2016년 6월 11일 11시,토요일,울산광역시 중구 태화동,사망사고,1,0,0,0,차대사람 - 횡단중,보행자보호의무위반,건조,맑음,단일로 - 기타,화물,남,51세,상해없음,보행자,여,56세,사망
2016061100100252,2016년 6월 11일 11시,토요일,울산광역시 남구 달동,경상사고,0,0,1,0,차대차 - 측면충돌,신호위반,건조,맑음,교차로 - 교차로안,승용,여,56세,상해없음,이륜,남,48세,경상
2016061100100409,2016년 6월 11일 15시,토요일,울산광역시 중구 남외동,경상사고,0,0,1,0,차대사람 - 차도통행중,안전운전불이행,건조,맑음,단일로 - 기타,승용,남,63세,상해없음,보행자,남,68세,경상
2016061100100410,2016년 6월 11일 15시,토요일,울산광역시 남구 신정동,중상사고,0,1,0,0,차대차 - 추돌,안전운전불이행,건조,맑음,단일로 - 기타,화물,남,77세,중상,화물,남,25세,기타불명
2016061100100622,2016년 6월 11일 21시,토요일,울산광역시 중구 태화동,경상사고,0,0,1,0,차대차 - 측면충돌,안전거리미확보,건조,맑음,교차로 - 교차로부근,승용,남,27세,상해없음,승합,남,38세,경상
2016061200100019,2016년 6월 12일 00시,일요일,울산광역시 중구 우정동,경상사고,0,0,1,0,차대차 - 추돌,안전거리미확보,건조,맑음,단일로 - 기타,승용,남,30세,상해없음,승용,남,61세,경상
2016061200100041,2016년 6월 12일 01시,일요일,울산광역시 울주군 서생면,중상사고,0,1,0,0,차대차 - 측면충돌,안전운전불이행,건조,맑음,교차로 - 교차로부근,이륜,남,27세,상해없음,승용,남,46세,상해없음
2016061200100067,2016년 6월 12일 03시,일요일,울산광역시 남구 달동,부상신고사고,0,0,0,1,차대사람 - 횡단중,안전운전불이행,건조,맑음,교차로 - 교차로부근,승용,남,18세,상해없음,보행자,남,28세,부상신고
2016061200100079,2016년 6월 12일 04시,일요일,울산광역시 중구 옥교동,중상사고,0,1,0,0,차대차 - 측면충돌,기타,건조,맑음,단일로 - 기타,승용,남,77세,상해없음,자전거,남,65세,중상
2016061200100117,2016년 6월 12일 07시,일요일,울산광역시 동구 방어동,경상사고,0,0,1,0,차량단독 - 전도전복,안전운전불이행,건조,맑음,단일로 - 기타,이륜,남,18세,경상,,,,
2016061200100154,2016년 6월 12일 10시,일요일,울산광역시 울주군 두동면,중상사고,0,4,0,0,차대차 - 정면충돌,안전운전불이행,건조,흐림,단일로 - 기타,승용,남,77세,중상,화물,남,64세,중상
2016061200100202,2016년 6월 12일 12시,일요일,울산광역시 남구 신정동,사망사고,1,1,0,0,차량단독 - 공작물충돌,안전운전불이행,건조,맑음,단일로 - 기타,승용,남,38세,중상,,,,
2016061200100228,2016년 6월 12일 13시,일요일,울산광역시 중구 남외동,경상사고,0,0,1,0,차대차 - 추돌,안전거리미확보,건조,맑음,교차로 - 교차로안,승용,남,28세,상해없음,원동기,남,53세,경상
2016061200100258,2016년 6월 12일 14시,일요일,울산광역시 동구 전하동,경상사고,0,0,1,0,차대차 - 측면직각충돌,안전운전불이행,습기,비,단일로 - 기타,원동기,남,64세,경상,승용,남,54세,상해없음