사고번호,사고일시,요일,시군구,사고내용,사망자수,중상자수,경상자수,부상신고자수,사고유형,법규위반,노면상태,기상상태,도로형태,가해운전자 차종,가해운전자 성별,가해운전자 연령,가해운전자 상해정도,피해운전자 차종,피해운전자 성별,피해운전자 연령,피해운전자 상해정도
2016073000100436,2016년 7월 30일 17시,토요일,울산광역시 중구 약사동,경상사고,0,0,1,0,차대차 - 정면충돌,신호위반,건조,맑음,교차로 - 교차로안,승용,여,40세,상해없음,화물,남,38세,경상
2016073000100468,2016년 7월 30일 18시,토요일,울산광역시 중구 복산동,중상사고,0,1,0,0,차대차 - 기타,안전운전불이행,건조,맑음,교차로 - 교차로부근,기타불명,기타불명,기타불명,기타불명,자전거,남,16세,중상
2016073000100491,2016년 7월 30일 19시,토요일,울산광역시 중구 서동,경상사고,0,0,1,0,차대차 - 기타,직진우회전진행방해,건조,맑음,교차로 - 교차로안,승용,남,53세,상해없음,자전거,남,15세,경상
2016073000100529,2016년 7월 30일 20시,토요일,울산광역시 동구 서부동,중상사고,0,3,0,0,차대차 - 추돌,안전운전불이행,건조,흐림,단일로 - 기타,승용,여,61세,상해없음,승용,남,34세,중상
2016073000100584,2016년 7월 30일 22시,토요일,울산광역시 울주군 청량면,중상사고,0,1,0,0,차량단독 - 공작물충돌,안전운전불이행,건조,맑음,단일로 - 기타,승용,여,29세,중상,,,,
2016073000100585,2016년 7월 30일 22시,토요일,울산광역시 울주군 언양읍,중상사고,0,1,0,0,차대차 - 추돌,안전거리미확보,건조,맑음,교차로 - 교차로부근,승용,남,36세,상해없음,승용,남,27세,중상
2016073100100053,2016년 7월 31일 02시,일요일,울산광역시 남구 신정동,경상사고,0,0,3,0,차대차 - 추돌,안전운전불이행,습기,비,교차로 - 교차로안,승용,남,31세,상해없음,승용,여,41세,경상
2016073100100064,2016년 7월 31일 03시,일요일,울산광역시 남구 달동,경상사고,0,0,1,0,차대사람 - 횡단중,안전운전불이행,습기,비,단일로 - 기타,기타불명,기타불명,기타불명,기타불명,보행자,남,44세,경상
2016073100100065,2016년 7월 31일 03시,일요일,울산광역시 남구 신정동,중상사고,0,1,1,0,차대차 - 측면충돌,안전거리미확보,습기,비,단일로 - 기타,승용,남,57세,상해없음,승용,남,24세,상해없음
2016073100100091,2016년 7월 31일 05시,일요일,울산광역시 남구 여천동,중상사고,0,1,0,0,차대차 - 측면충돌,신호위반,건조,맑음,교차로 - 교차로안,화물,남,36세,상해없음,화물,남,55세,중상
2016073100100183,2016년 7월 31일 10시,일요일,울산광역시 울주군 온산읍,경상사고,0,0,2,1,차대차 - 추돌,기타,건조,맑음,교차로 - 교차로부근,승용,남,33세,경상,승용,남,58세,경상
2016073100100306,2016년 7월 31일 14시,일요일,울산광역시 울주군 서생면,중상사고,0,1,1,3,차대차 - 정면충돌,중앙선침범,건조,맑음,단일로 - 기타,승용,남,48세,상해없음,승용,남,55세,경상
2016073100100391,2016년 7월 31일 17시,일요일,울산광역시 울주군 온양읍,중상사고,0,1,0,0,차대사람 - 차도통행중,안전운전불이행,건조,맑음,교차로 - 교차로부근,승용,남,20세,상해없음,보행자,여,59세,중상
2016073100100500,2016년 7월 31일 21시,일요일,울산광역시 중구 약사동,중상사고,0,1,0,0,차대사람 - 횡단중,안전운전불이행,건조,맑음,교차로 - 교차로안,승용,여,63세,기타불명,보행자,여,56세,중상
2016073100100501,2016년 7월 31일 21시,일요일,울산광역시 남구 삼산동,경상사고,0,0,1,0,차대차 - 측면충돌,안전거리미확보,습기,비,단일로 - 기타,승용,여,48세,상해없음,이륜,남,23세,경상
2016073100100502,2016년 7월 31일 21시,일요일,울산광역시 남구 무거동,중상사고,0,1,0,0,차대사람 - 횡단중,신호위반,습기,비,교차로 - 교차로부근,승용,남,63세,상해없음,보행자,여,53세,중상
2016073100100542,2016년 7월 31일 23시,일요일,울산광역시 남구 삼산동,중상사고,0,1,0,0,차대차 - 추돌,안전운전불이행,기타,기타,단일로 - 기타,이륜,남,23세,중상,승용,남,47세,상해없음
2016073100100543,2016년 7월 31일 23시,일요일,울산광역시 동구 화정동,경상사고,0,0,3,0,차대차 - 추돌,신호위반,건조,맑음,교차로 - 교차로부근,승용,남,35세,상해없음,승용,남,19세,경상
2016080100100043,2016년 8월 1일 04시,월요일,울산광역시 북구 진장동,중상사고,0,1,0,0,차대사람 - 기타,안전운전불이행,건조,맑음,교차로 - 교차로부근,승용,남,35세,상해없음,보행자,여,29세,중상
2016080100100072,2016년 8월 1일 07시,월요일,울산광역시 북구 양정동,중상사고,0,1,0,0,차량단독 - 전도전복,안전운전불이행,건조,맑음,단일로 - 기타,승용,여,55세,중상,,,,
2016080100100096,2016년 8월 1일 08시,월요일,울산광역시 남구 상개동,경상사고,0,0,1,0,차대차 - 추돌,안전운전불이행,건조,맑음,단일로 - 기타,승용,남,32세,상해없음,승용,남,44세,경상
2016080100100168,2016년 8월 1일 10시,월요일,울산광역시 남구 달동,중상사고,0,1,0,0,차대차 - 기타,차로위반,건조,맑음,단일로 - 기타,승용,남,54세,상해없음,화물,남,27세,중상
2016080100100279,2016년 8월 1일 13시,월요일,울산광역시 울주군 청량면,경상사고,0,0,1,0,차대차 - 추돌,안전거리미확보,건조,맑음,단일로 - 기타,승용,남,55세,상해없음,승용,여,27세,경상
2016080100100280,2016년 8월 1일 13시,월요일,울산광역시 울주군 청량면,경상사고,0,0,4,1,차대차 - 추돌,안전거리미확보,건조,맑음,단일로 - 기타,화물,남,56세,상해없음,승용,여,41세,부상신고
2016080100100313,2016년 8월 1일 14시,월요일,울산광역시 중구 성안동,중상사고,0,1,1,0,차대차 - 측면충돌,직진우회전진행방해,습기,비,교차로 - 교차로안,승용,여,35세,경상,화물,남,32세,중상
2016080100100395,2016년 8월 1일 16시,월요일,울산광역시 남구 신정동,중상사고,0,1,0,0,차대차 - 측면충돌,중앙선침범,습기,흐림,단일로 - 기타,화물,남,48세,상해없음,승용,여,54세,중상
2016080100100439,2016년 8월 1일 17시,월요일,울산광역시 중구 반구동,경상사고,0,0,1,0,차대차 - 측면충돌,교차로운행방법위반,건조,맑음,교차로 - 교차로안,화물,남,58세,상해없음,승합,남,49세,경상
2016080100100440,2016년 8월 1일 17시,월요일,울산광역시 울주군 청량면,경상사고,0,0,2,0,차대차 - 정면충돌,교차로운행방법위반,건조,맑음,교차로 - 교차로안,승용,남,66세,경상,승용,여,56세,경상
2016080100100568,2016년 8월 1일 21시,월요일,울산광역시 동구 방어동,경상사고,0,0,3,0,차대차 - 추돌,안전운전불이행,건조,맑음,교차로 - 교차로부근,승용,남,49세,상해없음,승용,남,33세,경상
2016080100100587,2016년 8월 1일 22시,월요일,울산광역시 북구 천곡동,경상사고,0,0,1,0,차대차 - 측면충돌,신호위반,건조,맑음,교차로 - 교차로안,승용,남,69세,상해없음,승합,남,44세,경상
2016080100100588,2016년 8월 1일 22시,월요일,울산광역시 중구 옥교동,중상사고,0,1,0,0,차대사람 - 횡단중,안전운전불이행,건조,맑음,교차로 - 교차로안,화물,남,33세,상해없음,보행자,여,39세,중상
2016080200100030,2016년 8월 2일 02시,화요일,울산광역시 중구 태화동,경상사고,0,0,1,0,차대차 - 측면직각충돌,직진우회전진행방해,건조,맑음,교차로 - 교차로안,승용,남,60세,상해없음,승용,여,32세,경상
2016080200100109,2016년 8월 2일 08시,화요일,울산광역시 울주군 언양읍,중상사고,0,1,0,0,차대차 - 측면충돌,신호위반,건조,맑음,교차로 - 교차로안,승용,남,46세,상해없음,승용,여,22세,중상
2016080200100197,2016년 8월 2일 11시,화요일,울산광역시 남구 무거동,경상사고,0,0,1,0,차대차 - 기타,안전거리미확보,건조,흐림,단일로 - 교량,승용,남,63세,상해없음,이륜,남,19세,경상
2016080200100251,2016년 8월 2일 13시,화요일,울산광역시 중구 우정동,경상사고,0,0,4,0,차대차 - 측면충돌,직진우회전진행방해,건조,맑음,교차로 - 교차로안,승용,남,41세,경상,승용,남,22세,상해없음
2016080200100310,2016년 8월 2일 15시,화요일,울산광역시 북구 송정동,경상사고,0,0,1,0,차대차 - 추돌,안전운전불이행,습기,비,단일로 - 기타,화물,남,51세,상해없음,승용,여,29세,경상
2016080200100311,2016년 8월 2일 15시,화요일,울산광역시 남구 황성동,중상사고,0,1,0,0,차대차 - 측면충돌,과속,건조,흐림,교차로 - 교차로안,승용,남,51세,상해없음,승용,남,76세,중상
2016080200100427,2016년 8월 2일 18시,화요일,울산광역시 울주군 삼남면,부상신고사고,0,0,0,5,차대차 - 측면직각충돌,안전운전불이행,습기,비,교차로 - 교차로부근,화물,남,59세,상해없음,승용,여,49세,부상신고
2016080200100457,2016년 8월 2일 19시,화요일,울산광역시 울주군 온양읍,사망사고,1,0,0,0,차대사람 - 보도통행중,안전운전불이행,습기,비,단일로 - 기타,화물,남,20세,상해없음,보행자,여,70세,사망
2016080200100493,2016년 8월 2일 20시,화요일,울산광역시 남구 야음동,경상사고,0,0,1,0,차대차 - 측면직각충돌,신호위반,습기,흐림,교차로 - 교차로안,원동기,남,27세,경상,승용,남,57세,상해없음
2016080200100514,2016년 8월 2일 21시,화요일,울산광역시 남구 무거동,경상사고,0,0,1,0,차대차 - 추돌,안전운전불이행,건조,맑음,교차로 - 교차로부근,이륜,남,22세,상해없음,승용,남,39세,경상
2016080200100536,2016년 8월 2일 22시,화요일,울산광역시 남구 달동,경상사고,0,0,1,0,차대차 - 측면충돌,안전운전불이행,건조,맑음,단일로 - 기타,승용,남,36세,상해없음,이륜,여,42세,경상
2016080200100537,2016년 8월 2일 22시,화요일,울산광역시 남구 여천동,중상사고,0,2,2,0,차대차 - 측면충돌,신호위반,습기,비,교차로 - 교차로안,화물,남,34세,상해없음,승용,여,27세,중상
2016080300100028,2016년 8월 3일 01시,수요일,울산광역시 동구 전하동,경상사고,0,0,1,0,차대차 - 추돌,안전운전불이행,건조,맑음,교차로 - 교차로부근,승용,남,34세,상해없음,이륜,남,26세,경상
2016080300100029,2016년 8월 3일 01시,수요일,울산광역시 울주군 온산읍,경상사고,0,0,1,0,차대차 - 추돌,안전운전불이행,건조,맑음,교차로 - 교차로부근,승용,남,59세,상해없음,승용,여,52세,경상
2016080300100070,2016년 8월 3일 06시,수요일,울산광역시 북구 중산동,경상사고,0,0,1,0,차대차 - 추돌,안전운전불이행,건조,맑음,단일로 - 기타,승용,여,56세,상해없음,승용,남,49세,경상
2016080300100287,2016년 8월 3일 13시,수요일,울산광역시 울주군 삼남면,중상사고,0,1,0,0,차대사람 - 횡단중,안전운전불이행,건조,맑음,교차로 - 교차로부근,화물,여,54세,상해없음,보행자,여,79세,중상
2016080300100337,2016년 8월 3일 15시,수요일,울산광역시 울주군 언양읍,중상사고,0,1,1,0,차대차 - 추돌,안전거리미확보,습기,비,단일로 - 기타,화물,남,63세,상해없음,승용,남,34세,중상
2016080300100468,2016년 8월 3일 18시,수요일,울산광역시 울주군 온산읍,중상사고,0,1,0,0,차대차 - 측면충돌,교차로운행방법위반,건조,맑음,교차로 - 교차로안,승용,남,48세,상해없음,승용,남,35세,중상
2016080300100477,2016년 8월 3일 19시,수요일,울산광역시 울주군 언양읍,경상사고,0,0,1,0,차대차 - 기타,기타,건조,맑음,단일로 - 기타,화물,남,36세,상해없음,승용,여,40세,경상
2016080300100493,2016년 8월 3일 19시,수요일,울산광역시 울주군 상북면,중상사고,0,1,0,0,차량단독 - 전도전복,안전운전불이행,건조,맑음,단일로 - 기타,승용,남,63세,중상,,,,
2016080300100524,2016년 8월 3일 20시,수요일,울산광역시 남구 신정동,경상사고,0,0,3,0,차대차 - 추돌,안전운전불이행,건조,맑음,교차로 - 교차로부근,승용,여,59세,상해없음,승용,여,42세,경상
2016080300100564,2016년 8월 3일 22시,수요일,울산광역시 남구 무거동,경상사고,0,0,1,0,차대차 - 기타,안전운전불이행,기타,기타,교차로 - 교차로안,승용,남,55세,상해없음,승용,여,50세,경상
2016080300100585,2016년 8월 3일 23시,수요일,울산광역시 동구 주전동,경상사고,0,0,1,0,차대차 - 추돌,안전운전불이행,건조,맑음,단일로 - 기타,승용,남,61세,상해없음,승용,여,51세,상해없음
2016080400100034,2016년 8월 4일 01시,목요일,울산광역시 중구 복산동,중상사고,0,2,0,0,차대차 - 추돌,안전운전불이행,건조,맑음,단일로 - 횡단보도부근,승용,남,29세,상해없음,승용,남,34세,중상
2016080400100053,2016년 8월 4일 03시,목요일,울산광역시 동구 일산동,중상사고,0,1,0,0,차대차 - 측면충돌,과속,건조,맑음,교차로 - 교차로부근,승용,남,39세,상해없음,승용,남,58세,중상
2016080400100147,2016년 8월 4일 09시,목요일,울산광역시 중구 우정동,경상사고,0,0,1,0,차대차 - 기타,직진우회전진행방해,건조,맑음,교차로 - 교차로안,승용,여,32세,상해없음,승용,남,55세,상해없음
2016080400100213,2016년 8월 4일 11시,목요일,울산광역시 남구 선암동,경상사고,0,0,1,0,차대차 - 측면직각충돌,안전운전불이행,기타,기타,단일로 - 기타,승합,남,59세,상해없음,이륜,남,79세,경상
2016080400100282,2016년 8월 4일 13시,목요일,울산광역시 중구 북정동,경상사고,0,0,2,0,차대차 - 측면직각충돌,중앙선침범,건조,맑음,교차로 - 교차로부근,화물,남,61세,상해없음,승용,남,36세,경상
2016080400100283,2016년 8월 4일 13시,목요일,울산광역시 울주군 웅촌면,중상사고,0,1,0,0,차대차 - 측면충돌,교차로운행방법위반,건조,맑음,교차로 - 교차로부근,승용,남,56세,상해없음,이륜,남,73세,중상
2016080400100373,2016년 8월 4일 16시,목요일,울산광역시 남구 신정동,경상사고,0,0,1,0,차대사람 - 횡단중,안전운전불이행,건조,맑음,단일로 - 횡단보도상,승용,여,62세,상해없음,보행자,여,66세,경상
2016080400100414,2016년 8월 4일 17시,목요일,울산광역시 북구 송정동,경상사고,0,0,1,0,차대차 - 기타,안전거리미확보,건조,맑음,단일로 - 기타,건설기계,남,52세,상해없음,승합,여,50세,경상
2016080400100415,2016년 8월 4일 17시,목요일,울산광역시 남구 무거동,중상사고,0,1,0,0,차대차 - 기타,안전거리미확보,건조,맑음,단일로 - 기타,승용,남,66세,상해없음,승용,남,32세,중상
2016080400100501,2016년 8월 4일 20시,목요일,울산광역시 중구 태화동,경상사고,0,0,1,0,차대차 - 기타,안전운전불이행,건조,맑음,교차로 - 교차로안,승용,여,44세,상해없음,자전거,남,72세,경상
2016080500100018,2016년 8월 5일 00시,금요일,울산광역시 남구 삼산동,중상사고,0,2,0,0,차대사람 - 횡단중,안전운전불이행,건조,맑음,단일로 - 횡단보도부근,승용,남,67세,상해없음,보행자,남,58세,중상
2016080500100211,2016년 8월 5일 11시,금요일,울산광역시 울주군 범서읍,중상사고,0,2,0,0,차대차 - 정면충돌,중앙선침범,건조,맑음,단일로 - 기타,승용,여,46세,상해없음,승용,남,59세,중상
2016080500100310,2016년 8월 5일 14시,금요일,울산광역시 중구 복산동,경상사고,0,0,3,1,차대차 - 측면직각충돌,교차로운행방법위반,건조,맑음,교차로 - 교차로안,승용,여,21세,부상신고,승용,남,32세,경상
2016080500100350,2016년 8월 5일 15시,금요일,울산광역시 울주군 범서읍,경상사고,0,0,2,0,차대차 - 추돌,안전거리미확보,건조,맑음,교차로 - 교차로부근,화물,남,40세,상해없음,승용,여,58세,경상
2016080500100420,2016년 8월 5일 17시,금요일,울산광역시 중구 약사동,중상사고,0,1,1,0,차대차 - 측면직각충돌,신호위반,건조,맑음,단일로 - 기타,승용,남,48세,상해없음,승용,여,44세,중상
2016080500100502,2016년 8월 5일 19시,금요일,울산광역시 남구 신정동,경상사고,0,0,1,0,차대차 - 측면충돌,안전거리미확보,건조,맑음,단일로 - 기타,승합,남,64세,상해없음,승용,여,44세,경상
2016080500100534,2016년 8월 5일 20시,금요일,울산광역시 남구 야음동,중상사고,0,1,0,0,차대차 - 측면충돌,차로위반,건조,맑음,교차로 - 교차로부근,자전거,남,74세,중상,화물,남,69세,상해없음
2016080500100602,2016년 8월 5일 23시,금요일,울산광역시 남구 삼산동,중상사고,0,1,1,0,차대차 - 측면직각충돌,신호위반,기타,기타,교차로 - 교차로안,화물,남,26세,상해없음,승용,여,61세,경상
2016080600100079,2016년 8월 6일 05시,토요일,울산광역시 북구 신천동,경상사고,0,0,1,0,차대차 - 추돌,안전운전불이행,건조,맑음,교차로 - 교차로부근,승용,남,70세,상해없음,승용,남,60세,경상
2016080600100240,2016년 8월 6일 12시,토요일,울산광역시 남구 옥동,경상사고,0,0,1,0,차대차 - 기타,안전거리미확보,건조,맑음,단일로 - 기타,승용,남,56세,상해없음,승용,남,27세,경상
2016080600100336,2016년 8월 6일 15시,토요일,울산광역시 북구 화봉동,경상사고,0,0,1,0,차대차 - 추돌,안전거리미확보,건조,맑음,단일로 - 기타,원동기,남,37세,경상,승용,남,28세,상해없음
2016080600100337,2016년 8월 6일 15시,토요일,울산광역시 중구 약사동,중상사고,0,2,3,0,차대차 - 측면충돌,교차로운행방법위반,건조,맑음,교차로 - 교차로안,화물,남,63세,경상,승용,여,38세,중상
2016080600100396,2016년 8월 6일 17시,토요일,울산광역시 울주군 웅촌면,중상사고,0,1,0,0,차대차 - 측면충돌,차로위반,건조,맑음,단일로 - 기타,원동기,남,51세,중상,승용,남,64세,상해없음
2016080600100422,2016년 8월 6일 18시,토요일,울산광역시 중구 태화동,중상사고,0,1,0,0,차대사람 - 횡단중,안전운전불이행,건조,맑음,단일로 - 기타,승용,여,39세,상해없음,보행자,여,72세,중상
2016080600100487,2016년 8월 6일 20시,토요일,울산광역시 울주군 온산읍,경상사고,0,0,2,0,차대차 - 추돌,안전운전불이행,건조,맑음,교차로 - 교차로부근,승용,남,55세,상해없음,승용,남,30세,경상
2016080700100012,2016년 8월 7일 00시,일요일,울산광역시 중구 성안동,경상사고,0,0,1,0,차대차 - 측면직각충돌,직진우회전진행방해,건조,맑음,교차로 - 교차로안,승용,남,31세,상해없음,승용,남,23세,경상
2016080700100063,2016년 8월 7일 05시,일요일,울산광역시 북구 창평동,중상사고,0,1,0,0,차대차 - 추돌,안전운전불이행,건조,맑음,단일로 - 기타,승용,남,26세,상해없음,승합,남,56세,중상
2016080700100294,2016년 8월 7일 17시,일요일,울산광역시 울주군 언양읍,사망사고,1,0,3,0,차대사람 - 기타,안전운전불이행,건조,맑음,단일로 - 기타,화물,남,81세,상해없음,보행자,여,62세,경상
2016080700100360,2016년 8월 7일 20시,일요일,울산광역시 중구 다운동,중상사고,0,1,0,0,차대사람 - 기타,안전운전불이행,건조,맑음,단일로 - 기타,승용,남,49세,상해없음,보행자,여,70세,중상
2016080700100361,2016년 8월 7일 20시,일요일,울산광역시 북구 명촌동,중상사고,0,1,1,0,차대차 - 측면충돌,안전운전불이행,건조,맑음,단일로 - 교량,승용,여,52세,상해없음,승용,남,19세,경상
2016080700100404,2016년 8월 7일 23시,일요일,울산광역시 남구 선암동,중상사고,0,1,0,0,차대사람 - 횡단중,안전운전불이행,건조,맑음,교차로 - 교차로안,승용,남,59세,상해없음,보행자,남,20세,중상
2016080800100012,2016년 8월 8일 00시,월요일,울산광역시 중구 반구동,경상사고,0,0,1,0,차대차 - 기타,직진우회전진행방해,건조,맑음,교차로 - 교차로안,승용,남,26세,상해없음,승용,남,47세,경상
2016080800100190,2016년 8월 8일 10시,월요일,울산광역시 울주군 온양읍,경상사고,0,0,2,1,차대차 - 추돌,안전운전불이행,건조,맑음,교차로 - 교차로부근,화물,남,32세,상해없음,승용,남,69세,상해없음
2016080800100412,2016년 8월 8일 16시,월요일,울산광역시 중구 옥교동,경상사고,0,0,2,0,차대차 - 측면충돌,신호위반,건조,맑음,단일로 - 기타,승용,남,64세,상해없음,이륜,남,28세,경상
2016080800100444,2016년 8월 8일 17시,월요일,울산광역시 남구 무거동,경상사고,0,0,1,0,차대차 - 추돌,안전운전불이행,건조,맑음,교차로 - 교차로안,승용,남,59세,상해없음,승용,여,37세,경상
2016080800100540,2016년 8월 8일 20시,월요일,울산광역시 북구 신천동,중상사고,0,2,0,0,차대차 - 정면충돌,교차로운행방법위반,건조,맑음,교차로 - 교차로안,승용,남,86세,중상,승용,남,27세,중상
2016080800100541,2016년 8월 8일 20시,월요일,울산광역시 중구 반구동,경상사고,0,0,2,0,차대차 - 측면직각충돌,안전운전불이행,건조,맑음,교차로 - 교차로안,이륜,남,62세,경상,승용,남,37세,상해없음
2016080900100030,2016년 8월 9일 01시,화요일,울산광역시 울주군 온산읍,중상사고,0,1,0,0,차대사람 - 기타,안전운전불이행,건조,맑음,단일로 - 기타,기타불명,기타불명,기타불명,기타불명,보행자,남,40세,중상
2016080900100101,2016년 8월 9일 07시,화요일,울산광역시 남구 두왕동,경상사고,0,0,1,0,차대차 - 추돌,안전운전불이행,건조,맑음,단일로 - 기타,승용,남,31세,상해없음,승용,남,66세,상해없음
2016080900100102,2016년 8월 9일 07시,화요일,울산광역시 울주군 온산읍,중상사고,0,1,0,0,차대차 - 측면충돌,안전운전불이행,건조,맑음,단일로 - 기타,승합,남,49세,기타불명,승용,남,27세,중상
2016080900100356,2016년 8월 9일 15시,화요일,울산광역시 남구 달동,경상사고,0,0,1,0,차대차 - 측면직각충돌,교차로운행방법위반,건조,맑음,교차로 - 교차로안,승용,남,43세,기타불명,승용,여,44세,경상
2016080900100383,2016년 8월 9일 16시,화요일,울산광역시 중구 약사동,경상사고,0,0,3,0,차대차 - 추돌,안전거리미확보,건조,맑음,단일로 - 기타,승용,남,64세,경상,승용,여,45세,경상
2016080900100413,2016년 8월 9일 17시,화요일,울산광역시 울주군 서생면,경상사고,0,0,1,0,차대차 - 측면직각충돌,교차로운행방법위반,건조,맑음,교차로 - 교차로안,승용,남,34세,상해없음,화물,남,50세,경상
2016080900100482,2016년 8월 9일 19시,화요일,울산광역시 중구 성남동,경상사고,0,0,1,0,차대사람 - 기타,안전운전불이행,건조,맑음,교차로 - 교차로안,승용,남,44세,상해없음,보행자,여,42세,경상
2016080900100483,2016년 8월 9일 19시,화요일,울산광역시 남구 달동,경상사고,0,0,1,0,차대사람 - 횡단중,안전운전불이행,건조,맑음,단일로 - 기타,승용,남,55세,상해없음,보행자,남,6세,경상
2016080900100578,2016년 8월 9일 23시,화요일,울산광역시 북구 명촌동,경상사고,0,0,2,1,차대차 - 추돌,안전운전불이행,건조,맑음,단일로 - 기타,승용,남,26세,부상신고,승용,남,42세,경상
2016081000100069,2016년 8월 10일 05시,수요일,울산광역시 북구 연암동,중상사고,0,1,0,0,차대차 - 기타,안전운전불이행,건조,맑음,교차로 - 교차로부근,승용,여,56세,상해없음,자전거,남,59세,중상
2016081000100108,2016년 8월 10일 07시,수요일,울산광역시 울주군 온양읍,부상신고사고,0,0,0,1,차량단독 - 전도전복,안전운전불이행,습기,맑음,교차로 - 교차로부근,이륜,남,40세,부상신고,,,,
2016081000100146,2016년 8월 10일 08시,수요일,울산광역시 북구 호계동,경상사고,0,0,1,0,차대차 - 추돌,안전운전불이행,건조,맑음,단일로 - 기타,화물,남,48세,상해없음,승용,남,59세,경상
2016081000100147,2016년 8월 10일 08시,수요일,울산광역시 울주군 두동면,경상사고,0,0,1,0,차대차 - 정면충돌,중앙선침범,건조,맑음,단일로 - 기타,승용,남,39세,상해없음,승용,여,56세,경상
2016081000100148,2016년 8월 10일 08시,수요일,울산광역시 울주군 삼남면,부상신고사고,0,0,0,4,차대차 - 측면충돌,안전운전불이행,건조,맑음,단일로 - 기타,승용,여,56세,상해없음,승합,남,43세,부상신고
2016081000100327,2016년 8월 10일 14시,수요일,울산광역시 남구 선암동,부상신고사고,0,0,0,1,차대차 - 기타,안전운전불이행,건조,맑음,단일로 - 기타,자전거,남,59세,부상신고,승용,남,37세,기타불명
2016081000100401,2016년 8월 10일 16시,수요일,울산광역시 중구 성안동,경상사고,0,0,7,0,차량단독 - 공작물충돌,안전운전불이행,건조,맑음,단일로 - 기타,승합,남,57세,상해없음,,,,
2016081000100402,2016년 8월 10일 16시,수요일,울산광역시 울주군 서생면,경상사고,0,0,2,0,차대차 - 측면직각충돌,안전운전불이행,건조,맑음,단일로 - 기타,승용,남,53세,상해없음,승용,남,67세,경상
2016081000100443,2016년 8월 10일 17시,수요일,울산광역시 북구 연암동,중상사고,0,1,0,0,차대사람 - 횡단중,보행자보호의무위반,건조,맑음,단일로 - 횡단보도상,승용,남,59세,상해없음,보행자,여,55세,중상
2016081000100444,2016년 8월 10일 17시,수요일,울산광역시 남구 야음동,중상사고,0,1,0,0,차대차 - 측면충돌,신호위반,건조,맑음,교차로 - 교차로안,승용,여,64세,상해없음,이륜,남,19세,중상
2016081000100486,2016년 8월 10일 18시,수요일,울산광역시 중구 반구동,중상사고,0,1,0,0,차대차 - 측면충돌,안전운전불이행,건조,맑음,단일로 - 기타,승용,여,56세,상해없음,승용,남,50세,기타불명
2016081000100522,2016년 8월 10일 19시,수요일,울산광역시 울주군 온양읍,사망사고,1,0,0,0,차대사람 - 차도통행중,안전운전불이행,건조,맑음,단일로 - 기타,승용,남,60세,상해없음,보행자,남,78세,사망
2016081000100523,2016년 8월 10일 19시,수요일,울산광역시 울주군 두서면,경상사고,0,0,2,0,차대차 - 추돌,안전거리미확보,건조,맑음,교차로 - 교차로안,승용,남,65세,상해없음,승용,남,32세,경상
2016081000100557,2016년 8월 10일 20시,수요일,울산광역시 중구 유곡동,중상사고,0,1,0,0,차대사람 - 보도통행중,기타,건조,맑음,단일로 - 기타,자전거,남,45세,상해없음,보행자,여,42세,중상
2016081000100558,2016년 8월 10일 20시,수요일,울산광역시 중구 성남동,경상사고,0,0,1,0,차대차 - 측면직각충돌,안전운전불이행,건조,맑음,단일로 - 기타,화물,남,60세,경상,승합,남,39세,상해없음
2016081000100607,2016년 8월 10일 22시,수요일,울산광역시 남구 신정동,중상사고,0,1,0,0,차대차 - 측면직각충돌,신호위반,기타,기타,교차로 - 교차로안,승용,남,61세,상해없음,자전거,여,23세,중상
2016081100100128,2016년 8월 11일 08시,목요일,울산광역시 남구 매암동,경상사고,0,0,1,0,차대차 - 측면직각충돌,안전운전불이행,건조,맑음,단일로 - 기타,화물,남,63세,상해없음,승용,여,59세,경상
2016081100100154,2016년 8월 11일 09시,목요일,울산광역시 남구 삼산동,중상사고,0,1,9,0,차대차 - 측면충돌,신호위반,건조,맑음,교차로 - 교차로안,승용,여,21세,상해없음,승합,남,45세,중상
2016081100100184,2016년 8월 11일 10시,목요일,울산광역시 중구 복산동,경상사고,0,0,1,0,차대차 - 측면직각충돌,안전운전불이행,건조,맑음,단일로 - 기타,승용,여,61세,경상,승합,남,55세,상해없음
2016081100100209,2016년 8월 11일 11시,목요일,울산광역시 중구 성안동,중상사고,0,1,0,0,차대사람 - 횡단중,안전운전불이행,건조,맑음,단일로 - 기타,화물,남,36세,상해없음,보행자,남,37세,중상
2016081100100243,2016년 8월 11일 12시,목요일,울산광역시 울주군 삼동면,중상사고,0,1,0,0,차대차 - 정면충돌,안전운전불이행,건조,맑음,교차로 - 교차로안,승용,남,50세,상해없음,승용,여,21세,중상
2016081100100310,2016년 8월 11일 14시,목요일,울산광역시 남구 무거동,중상사고,0,2,0,0,차대차 - 측면충돌,불법유턴,건조,맑음,단일로 - 기타,화물,남,24세,상해없음,승용,남,26세,중상
2016081100100334,2016년 8월 11일 15시,목요일,울산광역시 중구 반구동,중상사고,0,1,0,0,차대사람 - 횡단중,보행자보호의무위반,건조,맑음,단일로 - 기타,화물,남,62세,상해없음,보행자,남,56세,중상