사고번호,사고일시,요일,시군구,사고내용,사망자수,중상자수,경상자수,부상신고자수,사고유형,법규위반,노면상태,기상상태,도로형태,가해운전자 차종,가해운전자 성별,가해운전자 연령,가해운전자 상해정도,피해운전자 차종,피해운전자 성별,피해운전자 연령,피해운전자 상해정도
2016082100100448,2016년 8월 21일 20시,일요일,울산광역시 북구 진장동,경상사고,0,0,2,0,차대차 - 추돌,안전운전불이행,건조,맑음,단일로 - 기타,승용,남,50세,상해없음,승용,남,27세,경상
2016082100100449,2016년 8월 21일 20시,일요일,울산광역시 남구 여천동,중상사고,0,1,0,0,차대차 - 측면충돌,안전거리미확보,건조,맑음,교차로 - 교차로부근,승용,여,22세,상해없음,이륜,남,66세,중상
2016082100100450,2016년 8월 21일 20시,일요일,울산광역시 동구 화정동,중상사고,0,1,0,0,차대차 - 측면충돌,신호위반,건조,맑음,교차로 - 교차로안,승용,여,28세,상해없음,이륜,남,24세,중상
2016082100100521,2016년 8월 21일 23시,일요일,울산광역시 남구 신정동,경상사고,0,0,2,0,차대차 - 측면충돌,차로위반,건조,맑음,단일로 - 기타,승용,여,48세,상해없음,이륜,남,16세,경상
2016082200100018,2016년 8월 22일 00시,월요일,울산광역시 울주군 서생면,중상사고,0,1,0,1,차대차 - 정면충돌,중앙선침범,습기,비,단일로 - 기타,승용,남,21세,부상신고,승용,남,33세,중상
2016082200100028,2016년 8월 22일 01시,월요일,울산광역시 울주군 서생면,중상사고,0,1,3,0,차대차 - 정면충돌,중앙선침범,건조,맑음,단일로 - 기타,승용,남,19세,경상,승용,남,25세,경상
2016082200100047,2016년 8월 22일 04시,월요일,울산광역시 북구 신천동,부상신고사고,0,0,0,1,차량단독 - 공작물충돌,안전운전불이행,건조,맑음,단일로 - 기타,이륜,남,17세,부상신고,,,,
2016082200100048,2016년 8월 22일 04시,월요일,울산광역시 중구 학산동,중상사고,0,1,0,0,차대차 - 기타,안전거리미확보,건조,맑음,단일로 - 기타,화물,남,70세,상해없음,원동기,남,50세,중상
2016082200100077,2016년 8월 22일 06시,월요일,울산광역시 울주군 온산읍,경상사고,0,0,3,0,차대차 - 측면충돌,교차로운행방법위반,건조,맑음,교차로 - 교차로안,승용,남,54세,경상,화물,남,35세,경상
2016082200100115,2016년 8월 22일 07시,월요일,울산광역시 동구 서부동,경상사고,0,0,1,0,차량단독 - 공작물충돌,안전운전불이행,건조,맑음,단일로 - 기타,승용,여,53세,경상,,,,
2016082200100160,2016년 8월 22일 08시,월요일,울산광역시 남구 신정동,경상사고,0,0,1,0,차대사람 - 기타,안전운전불이행,건조,맑음,교차로 - 교차로부근,승용,여,56세,상해없음,보행자,여,42세,경상
2016082200100161,2016년 8월 22일 08시,월요일,울산광역시 울주군 두동면,중상사고,0,1,0,0,차대차 - 측면충돌,안전운전불이행,건조,맑음,교차로 - 교차로안,화물,남,47세,상해없음,이륜,여,74세,중상
2016082200100286,2016년 8월 22일 11시,월요일,울산광역시 남구 달동,경상사고,0,0,2,0,차대차 - 측면직각충돌,안전운전불이행,건조,맑음,단일로 - 기타,승용,여,48세,경상,승용,남,39세,경상
2016082200100318,2016년 8월 22일 12시,월요일,울산광역시 중구 태화동,중상사고,0,1,1,0,차대차 - 정면충돌,중앙선침범,건조,맑음,단일로 - 기타,승용,여,45세,상해없음,승용,남,30세,경상
2016082200100345,2016년 8월 22일 13시,월요일,울산광역시 남구 신정동,중상사고,0,1,0,0,차대사람 - 기타,안전운전불이행,건조,맑음,단일로 - 기타,승용,여,47세,상해없음,보행자,여,50세,중상
2016082200100410,2016년 8월 22일 15시,월요일,울산광역시 울주군 온양읍,중상사고,0,1,0,0,차대사람 - 기타,안전운전불이행,건조,맑음,단일로 - 횡단보도상,승용,여,55세,상해없음,보행자,여,51세,중상
2016082200100457,2016년 8월 22일 16시,월요일,울산광역시 남구 무거동,경상사고,0,0,1,0,차대차 - 측면충돌,교차로운행방법위반,건조,맑음,교차로 - 교차로안,승용,여,36세,상해없음,승용,남,42세,경상
2016082200100458,2016년 8월 22일 16시,월요일,울산광역시 울주군 범서읍,부상신고사고,0,0,0,1,차대차 - 측면충돌,안전운전불이행,건조,맑음,교차로 - 교차로안,승용,여,39세,부상신고,승용,여,41세,상해없음
2016082200100511,2016년 8월 22일 17시,월요일,울산광역시 남구 옥동,중상사고,0,1,0,0,차대차 - 측면충돌,안전거리미확보,건조,맑음,단일로 - 기타,승용,여,49세,상해없음,승용,여,36세,중상
2016082200100583,2016년 8월 22일 19시,월요일,울산광역시 울주군 삼남면,중상사고,0,1,0,0,차대차 - 정면충돌,안전운전불이행,건조,맑음,단일로 - 기타,승용,여,55세,상해없음,이륜,남,74세,중상
2016082200100629,2016년 8월 22일 20시,월요일,울산광역시 울주군 언양읍,중상사고,0,1,0,1,차량단독 - 전도전복,안전운전불이행,건조,맑음,단일로 - 기타,승용,여,18세,상해없음,,,,
2016082300100013,2016년 8월 23일 00시,화요일,울산광역시 울주군 온양읍,부상신고사고,0,0,0,1,차대사람 - 기타,안전운전불이행,건조,맑음,단일로 - 기타,승용,여,46세,상해없음,보행자,남,36세,부상신고
2016082300100115,2016년 8월 23일 08시,화요일,울산광역시 중구 성안동,경상사고,0,0,1,0,차대사람 - 차도통행중,안전운전불이행,건조,맑음,교차로 - 교차로안,승용,여,46세,상해없음,보행자,여,23세,경상
2016082300100116,2016년 8월 23일 08시,화요일,울산광역시 중구 남외동,경상사고,0,0,1,0,차대차 - 측면직각충돌,안전거리미확보,건조,맑음,교차로 - 교차로안,이륜,남,76세,경상,승용,여,62세,상해없음
2016082300100328,2016년 8월 23일 15시,화요일,울산광역시 남구 삼산동,경상사고,0,0,2,0,차대차 - 측면충돌,안전운전불이행,건조,맑음,교차로 - 교차로부근,승용,남,39세,상해없음,승용,여,48세,경상
2016082300100398,2016년 8월 23일 17시,화요일,울산광역시 중구 복산동,중상사고,0,1,2,0,차대차 - 측면충돌,안전거리미확보,건조,맑음,교차로 - 교차로안,승용,여,64세,중상,화물,남,40세,경상
2016082300100399,2016년 8월 23일 17시,화요일,울산광역시 북구 천곡동,중상사고,0,1,0,0,차대차 - 기타,직진우회전진행방해,건조,맑음,교차로 - 교차로안,승용,여,44세,상해없음,이륜,남,27세,중상
2016082300100400,2016년 8월 23일 17시,화요일,울산광역시 동구 일산동,중상사고,0,4,2,0,차대차 - 추돌,안전운전불이행,건조,맑음,단일로 - 기타,승용,남,19세,상해없음,승용,남,67세,중상
2016082300100439,2016년 8월 23일 18시,화요일,울산광역시 남구 신정동,부상신고사고,0,0,0,1,차대사람 - 차도통행중,안전운전불이행,건조,맑음,교차로 - 교차로부근,승용,남,38세,상해없음,보행자,남,4세,부상신고
2016082300100576,2016년 8월 23일 22시,화요일,울산광역시 남구 달동,경상사고,0,0,2,0,차대차 - 측면충돌,안전거리미확보,건조,맑음,단일로 - 기타,승용,남,43세,상해없음,승용,남,43세,경상
2016082400100052,2016년 8월 24일 04시,수요일,울산광역시 울주군 온양읍,중상사고,0,1,1,0,차대차 - 추돌,교차로운행방법위반,건조,맑음,교차로 - 교차로안,승용,여,62세,경상,승용,여,47세,중상
2016082400100176,2016년 8월 24일 09시,수요일,울산광역시 남구 야음동,경상사고,0,0,1,0,차대차 - 기타,안전운전불이행,건조,맑음,교차로 - 교차로부근,화물,남,44세,상해없음,승용,여,32세,경상
2016082400100177,2016년 8월 24일 09시,수요일,울산광역시 북구 염포동,경상사고,0,0,1,0,차대차 - 측면충돌,안전운전불이행,건조,맑음,교차로 - 교차로안,승용,남,34세,상해없음,자전거,남,55세,경상
2016082400100238,2016년 8월 24일 11시,수요일,울산광역시 중구 남외동,중상사고,0,1,0,0,차대차 - 측면충돌,중앙선침범,건조,맑음,단일로 - 기타,승용,남,55세,상해없음,이륜,남,50세,중상
2016082400100273,2016년 8월 24일 12시,수요일,울산광역시 북구 정자동,경상사고,0,0,2,0,차대차 - 측면충돌,중앙선침범,건조,맑음,단일로 - 기타,승합,남,70세,상해없음,승용,남,57세,경상
2016082400100308,2016년 8월 24일 13시,수요일,울산광역시 북구 효문동,중상사고,0,1,0,1,차대차 - 기타,차로위반,건조,맑음,단일로 - 기타,건설기계,남,60세,부상신고,승용,남,61세,중상
2016082400100309,2016년 8월 24일 13시,수요일,울산광역시 북구 상안동,중상사고,0,1,0,0,차대차 - 측면충돌,신호위반,건조,맑음,교차로 - 교차로안,승용,여,29세,상해없음,승용,남,58세,중상
2016082400100310,2016년 8월 24일 13시,수요일,울산광역시 동구 전하동,경상사고,0,0,1,0,차대사람 - 기타,안전운전불이행,건조,맑음,교차로 - 교차로부근,이륜,남,58세,상해없음,보행자,여,22세,경상
2016082400100345,2016년 8월 24일 14시,수요일,울산광역시 중구 다운동,경상사고,0,0,1,0,차대차 - 기타,중앙선침범,건조,맑음,교차로 - 교차로안,승용,남,55세,상해없음,승용,여,36세,경상
2016082400100412,2016년 8월 24일 16시,수요일,울산광역시 울주군 온산읍,경상사고,0,0,1,0,차대차 - 정면충돌,교차로운행방법위반,건조,맑음,교차로 - 교차로안,화물,남,63세,경상,건설기계,남,55세,상해없음
2016082400100498,2016년 8월 24일 18시,수요일,울산광역시 북구 천곡동,중상사고,0,1,0,0,차대사람 - 횡단중,보행자보호의무위반,건조,맑음,교차로 - 교차로부근,화물,남,41세,상해없음,보행자,여,62세,중상
2016082400100499,2016년 8월 24일 18시,수요일,울산광역시 북구 창평동,경상사고,0,0,1,0,차량단독 - 기타,안전운전불이행,건조,맑음,단일로 - 기타,승합,남,59세,기타불명,,,,
2016082400100500,2016년 8월 24일 18시,수요일,울산광역시 남구 무거동,중상사고,0,1,1,0,차대차 - 측면충돌,안전운전불이행,건조,맑음,단일로 - 기타,화물,남,61세,상해없음,승용,남,70세,경상
2016082400100541,2016년 8월 24일 19시,수요일,울산광역시 북구 명촌동,경상사고,0,0,1,0,차대차 - 측면직각충돌,직진우회전진행방해,건조,맑음,교차로 - 교차로안,승용,여,25세,상해없음,승용,남,52세,상해없음
2016082400100575,2016년 8월 24일 20시,수요일,울산광역시 남구 달동,경상사고,0,0,1,0,차대차 - 측면직각충돌,안전거리미확보,건조,맑음,교차로 - 교차로안,승용,남,62세,상해없음,승용,남,35세,경상
2016082500100021,2016년 8월 25일 00시,목요일,울산광역시 중구 태화동,중상사고,0,1,0,0,차대사람 - 횡단중,신호위반,건조,맑음,교차로 - 교차로안,승용,남,60세,상해없음,보행자,남,21세,중상
2016082500100048,2016년 8월 25일 03시,목요일,울산광역시 남구 무거동,경상사고,0,0,5,0,차대차 - 측면충돌,신호위반,건조,맑음,교차로 - 교차로안,승용,남,64세,상해없음,승용,여,55세,경상
2016082500100060,2016년 8월 25일 05시,목요일,울산광역시 북구 화봉동,중상사고,0,1,0,0,차대차 - 기타,신호위반,건조,맑음,교차로 - 교차로안,승용,남,50세,상해없음,자전거,남,75세,중상
2016082500100135,2016년 8월 25일 08시,목요일,울산광역시 북구 연암동,경상사고,0,0,1,0,차대차 - 기타,안전운전불이행,건조,맑음,교차로 - 교차로안,원동기,남,29세,경상,승용,남,44세,상해없음
2016082500100163,2016년 8월 25일 09시,목요일,울산광역시 남구 달동,중상사고,0,1,0,0,차대차 - 기타,안전운전불이행,건조,맑음,교차로 - 교차로안,승용,남,27세,상해없음,승용,남,55세,중상
2016082500100164,2016년 8월 25일 09시,목요일,울산광역시 울주군 범서읍,경상사고,0,0,1,2,차대차 - 추돌,안전거리미확보,건조,맑음,교차로 - 교차로부근,화물,남,27세,상해없음,승용,여,64세,경상
2016082500100322,2016년 8월 25일 14시,목요일,울산광역시 중구 우정동,경상사고,0,0,1,0,차대차 - 측면직각충돌,안전거리미확보,건조,맑음,단일로 - 기타,화물,남,56세,상해없음,승용,남,54세,경상
2016082500100364,2016년 8월 25일 15시,목요일,울산광역시 동구 화정동,경상사고,0,0,1,0,차대사람 - 횡단중,보행자보호의무위반,건조,맑음,단일로 - 횡단보도상,승용,남,25세,상해없음,보행자,여,9세,경상
2016082500100393,2016년 8월 25일 16시,목요일,울산광역시 남구 신정동,경상사고,0,0,1,0,차대사람 - 횡단중,안전운전불이행,건조,맑음,교차로 - 교차로안,승용,여,66세,상해없음,보행자,여,74세,경상
2016082500100468,2016년 8월 25일 18시,목요일,울산광역시 남구 삼산동,중상사고,0,1,0,0,차대사람 - 횡단중,안전운전불이행,건조,맑음,교차로 - 교차로부근,승용,남,36세,상해없음,보행자,여,24세,중상
2016082500100553,2016년 8월 25일 20시,목요일,울산광역시 남구 신정동,중상사고,0,1,0,0,차대사람 - 횡단중,안전운전불이행,기타,기타,단일로 - 기타,이륜,남,20세,상해없음,보행자,여,53세,중상
2016082500100581,2016년 8월 25일 21시,목요일,울산광역시 남구 달동,부상신고사고,0,0,0,1,차대사람 - 기타,안전운전불이행,건조,맑음,단일로 - 기타,승용,기타불명,기타불명,기타불명,보행자,남,24세,부상신고
2016082600100025,2016년 8월 26일 00시,금요일,울산광역시 북구 연암동,경상사고,0,0,1,0,차대차 - 추돌,안전운전불이행,건조,맑음,단일로 - 기타,승용,남,41세,상해없음,승용,남,56세,경상
2016082600100322,2016년 8월 26일 12시,금요일,울산광역시 북구 창평동,중상사고,0,1,0,1,차대차 - 기타,안전거리미확보,건조,맑음,단일로 - 기타,건설기계,남,27세,부상신고,승용,남,53세,중상
2016082600100349,2016년 8월 26일 13시,금요일,울산광역시 울주군 삼남면,사망사고,2,0,0,0,차량단독 - 전도전복,안전운전불이행,건조,흐림,교차로 - 교차로안,승용,남,69세,사망,,,,
2016082600100480,2016년 8월 26일 16시,금요일,울산광역시 남구 달동,경상사고,0,0,1,0,차대차 - 기타,안전운전불이행,습기,비,교차로 - 교차로안,승용,여,36세,상해없음,승용,여,49세,경상
2016082600100538,2016년 8월 26일 17시,금요일,울산광역시 동구 전하동,경상사고,0,0,1,0,차대사람 - 횡단중,보행자보호의무위반,습기,비,단일로 - 횡단보도상,승용,남,68세,상해없음,보행자,여,10세,경상
2016082600100631,2016년 8월 26일 19시,금요일,울산광역시 북구 명촌동,중상사고,0,1,0,0,차대사람 - 길가장자리구역통행중,안전운전불이행,건조,맑음,단일로 - 기타,원동기,남,36세,상해없음,보행자,여,51세,중상
2016082600100632,2016년 8월 26일 19시,금요일,울산광역시 울주군 상북면,중상사고,0,1,0,0,차대차 - 측면충돌,안전운전불이행,습기,흐림,단일로 - 기타,승용,남,28세,상해없음,승용,남,57세,상해없음
2016082600100633,2016년 8월 26일 19시,금요일,울산광역시 울주군 온양읍,경상사고,0,0,2,0,차대차 - 추돌,안전운전불이행,건조,맑음,교차로 - 교차로부근,승용,남,51세,상해없음,승용,남,35세,경상
2016082600100710,2016년 8월 26일 21시,금요일,울산광역시 중구 우정동,경상사고,0,0,1,0,차대차 - 기타,안전운전불이행,습기,비,교차로 - 교차로안,승용,남,54세,상해없음,승용,여,39세,경상
2016082700100017,2016년 8월 27일 00시,토요일,울산광역시 남구 달동,경상사고,0,0,1,0,차대사람 - 횡단중,보행자보호의무위반,건조,맑음,교차로 - 교차로안,승용,남,54세,상해없음,보행자,남,54세,경상
2016082700100061,2016년 8월 27일 02시,토요일,울산광역시 중구 남외동,부상신고사고,0,0,0,1,차대차 - 측면충돌,안전거리미확보,건조,맑음,단일로 - 기타,이륜,남,17세,부상신고,승용,남,66세,상해없음
2016082700100072,2016년 8월 27일 03시,토요일,울산광역시 중구 다운동,중상사고,0,1,0,0,차대사람 - 기타,안전운전불이행,건조,맑음,단일로 - 기타,화물,남,47세,상해없음,보행자,여,68세,중상
2016082700100073,2016년 8월 27일 03시,토요일,울산광역시 남구 달동,경상사고,0,0,1,0,차대차 - 추돌,안전운전불이행,건조,맑음,단일로 - 기타,승용,남,35세,상해없음,승용,남,50세,경상
2016082700100087,2016년 8월 27일 04시,토요일,울산광역시 남구 삼산동,중상사고,0,1,1,0,차대사람 - 기타,안전운전불이행,건조,맑음,교차로 - 교차로안,승용,남,19세,상해없음,보행자,여,33세,경상
2016082700100103,2016년 8월 27일 05시,토요일,울산광역시 북구 상안동,경상사고,0,0,1,1,차대차 - 추돌,안전운전불이행,건조,맑음,단일로 - 기타,화물,남,32세,부상신고,화물,남,56세,경상
2016082700100104,2016년 8월 27일 05시,토요일,울산광역시 남구 무거동,경상사고,0,0,2,0,차대차 - 측면충돌,안전운전불이행,건조,맑음,단일로 - 기타,승용,여,26세,상해없음,승용,남,50세,경상
2016082700100285,2016년 8월 27일 11시,토요일,울산광역시 중구 복산동,경상사고,0,0,1,0,차대차 - 측면직각충돌,신호위반,건조,맑음,교차로 - 교차로안,승용,여,72세,상해없음,자전거,남,64세,경상
2016082700100330,2016년 8월 27일 12시,토요일,울산광역시 남구 용연동,경상사고,0,0,2,0,차대차 - 측면직각충돌,안전운전불이행,건조,맑음,단일로 - 기타,승용,남,41세,상해없음,승용,남,49세,경상
2016082700100398,2016년 8월 27일 14시,토요일,울산광역시 북구 신천동,중상사고,0,1,0,0,차대차 - 정면충돌,중앙선침범,건조,맑음,단일로 - 기타,승용,남,59세,상해없음,승용,남,41세,중상
2016082700100467,2016년 8월 27일 16시,토요일,울산광역시 중구 옥교동,경상사고,0,0,3,0,차대차 - 기타,안전운전불이행,건조,맑음,단일로 - 기타,승용,남,73세,상해없음,승용,남,34세,경상
2016082700100468,2016년 8월 27일 16시,토요일,울산광역시 중구 다운동,중상사고,0,1,0,0,차대차 - 측면충돌,신호위반,건조,맑음,단일로 - 기타,승용,남,38세,상해없음,이륜,남,71세,중상
2016082700100469,2016년 8월 27일 16시,토요일,울산광역시 울주군 삼동면,중상사고,0,1,0,2,차대차 - 측면직각충돌,교차로운행방법위반,건조,맑음,교차로 - 교차로안,승용,남,61세,상해없음,승용,남,49세,중상
2016082700100517,2016년 8월 27일 17시,토요일,울산광역시 북구 송정동,경상사고,0,0,1,0,차대사람 - 차도통행중,안전운전불이행,건조,맑음,기타 - 기타,승용,남,25세,상해없음,보행자,남,72세,경상
2016082700100518,2016년 8월 27일 17시,토요일,울산광역시 동구 화정동,중상사고,0,1,0,0,차대사람 - 횡단중,안전운전불이행,건조,맑음,단일로 - 기타,원동기,남,59세,상해없음,보행자,여,65세,중상
2016082700100553,2016년 8월 27일 18시,토요일,울산광역시 남구 옥동,경상사고,0,0,1,0,차대차 - 추돌,안전운전불이행,건조,맑음,교차로 - 교차로부근,원동기,남,18세,상해없음,승용,여,58세,상해없음
2016082700100615,2016년 8월 27일 20시,토요일,울산광역시 울주군 범서읍,중상사고,0,2,0,0,차대차 - 정면충돌,중앙선침범,건조,맑음,단일로 - 기타,원동기,남,14세,중상,승용,여,41세,상해없음
2016082700100667,2016년 8월 27일 22시,토요일,울산광역시 북구 신천동,경상사고,0,0,1,0,차대차 - 기타,중앙선침범,건조,맑음,단일로 - 기타,승용,남,64세,상해없음,이륜,남,33세,경상
2016082800100044,2016년 8월 28일 01시,일요일,울산광역시 울주군 범서읍,중상사고,0,1,2,0,차대차 - 추돌,안전운전불이행,습기,비,교차로 - 교차로부근,승용,여,39세,상해없음,승용,남,61세,중상
2016082800100052,2016년 8월 28일 02시,일요일,울산광역시 울주군 온양읍,경상사고,0,0,1,0,차대사람 - 기타,안전운전불이행,건조,흐림,단일로 - 기타,승용,남,34세,상해없음,보행자,여,46세,경상
2016082800100112,2016년 8월 28일 07시,일요일,울산광역시 중구 남외동,사망사고,1,0,0,0,차량단독 - 공작물충돌,안전운전불이행,습기,비,교차로 - 교차로부근,원동기,남,24세,사망,,,,
2016082800100113,2016년 8월 28일 07시,일요일,울산광역시 남구 선암동,중상사고,0,3,2,0,차대차 - 추돌,중앙선침범,습기,흐림,단일로 - 기타,승용,남,38세,상해없음,승용,남,64세,중상
2016082800100166,2016년 8월 28일 10시,일요일,울산광역시 남구 선암동,중상사고,0,1,0,0,차대사람 - 기타,안전운전불이행,습기,비,단일로 - 횡단보도부근,승합,남,39세,상해없음,보행자,여,88세,중상
2016082800100267,2016년 8월 28일 14시,일요일,울산광역시 울주군 두서면,중상사고,0,2,1,0,차대차 - 정면충돌,직진우회전진행방해,습기,비,교차로 - 교차로안,승용,여,62세,중상,승용,남,68세,중상
2016082800100348,2016년 8월 28일 16시,일요일,울산광역시 중구 복산동,경상사고,0,0,1,0,차대차 - 정면충돌,안전거리미확보,건조,맑음,교차로 - 교차로안,승용,남,31세,상해없음,승용,여,23세,경상
2016082800100376,2016년 8월 28일 17시,일요일,울산광역시 북구 호계동,경상사고,0,0,1,0,차대사람 - 차도통행중,안전운전불이행,건조,맑음,단일로 - 기타,승용,남,56세,상해없음,보행자,남,35세,경상
2016082800100377,2016년 8월 28일 17시,일요일,울산광역시 북구 양정동,경상사고,0,0,2,0,차대차 - 측면직각충돌,안전운전불이행,건조,맑음,단일로 - 기타,승용,남,58세,기타불명,승용,남,29세,경상
2016082800100409,2016년 8월 28일 18시,일요일,울산광역시 남구 신정동,경상사고,0,0,1,0,차대차 - 기타,안전운전불이행,습기,비,교차로 - 교차로안,승용,남,32세,상해없음,승용,여,23세,상해없음
2016082800100446,2016년 8월 28일 19시,일요일,울산광역시 중구 교동,경상사고,0,0,1,0,차대차 - 기타,안전운전불이행,습기,비,단일로 - 기타,승용,여,42세,상해없음,이륜,남,22세,경상
2016082800100482,2016년 8월 28일 20시,일요일,울산광역시 남구 무거동,경상사고,0,0,1,0,차대차 - 측면충돌,안전운전불이행,습기,비,교차로 - 교차로안,승용,여,43세,상해없음,이륜,남,25세,경상
2016082800100516,2016년 8월 28일 21시,일요일,울산광역시 중구 태화동,부상신고사고,0,0,0,1,차대사람 - 기타,기타,습기,비,단일로 - 교량,원동기,남,28세,상해없음,보행자,남,59세,부상신고
2016082800100558,2016년 8월 28일 23시,일요일,울산광역시 동구 서부동,경상사고,0,0,1,0,차대차 - 추돌,안전운전불이행,습기,비,교차로 - 교차로부근,승용,남,25세,상해없음,승용,여,55세,경상
2016082900100016,2016년 8월 29일 00시,월요일,울산광역시 중구 남외동,경상사고,0,0,1,0,차대차 - 추돌,안전운전불이행,건조,맑음,단일로 - 기타,승용,여,24세,기타불명,승용,남,52세,경상
2016082900100038,2016년 8월 29일 04시,월요일,울산광역시 북구 염포동,중상사고,0,1,0,0,차대차 - 기타,안전운전불이행,건조,맑음,단일로 - 기타,승용,남,37세,상해없음,이륜,남,71세,중상
2016082900100039,2016년 8월 29일 04시,월요일,울산광역시 울주군 언양읍,중상사고,0,1,2,0,차대차 - 추돌,안전거리미확보,습기,비,단일로 - 기타,승용,여,24세,중상,승용,여,48세,경상
2016082900100058,2016년 8월 29일 05시,월요일,울산광역시 울주군 언양읍,중상사고,0,1,0,0,차대차 - 기타,안전운전불이행,습기,흐림,단일로 - 기타,승용,남,47세,상해없음,승용,남,54세,중상
2016082900100096,2016년 8월 29일 07시,월요일,울산광역시 중구 다운동,중상사고,0,1,4,1,차대차 - 추돌,안전거리미확보,건조,맑음,단일로 - 기타,승용,남,58세,상해없음,승합,남,39세,경상
2016082900100133,2016년 8월 29일 08시,월요일,울산광역시 중구 복산동,경상사고,0,0,1,0,차대차 - 측면충돌,안전운전불이행,건조,맑음,단일로 - 기타,승용,여,24세,상해없음,자전거,남,13세,경상
2016082900100134,2016년 8월 29일 08시,월요일,울산광역시 남구 삼산동,중상사고,0,1,0,1,차대차 - 측면충돌,중앙선침범,건조,맑음,단일로 - 횡단보도부근,승용,여,64세,부상신고,승용,여,46세,중상
2016082900100218,2016년 8월 29일 10시,월요일,울산광역시 남구 신정동,경상사고,0,0,1,0,차대차 - 측면충돌,안전운전불이행,건조,맑음,단일로 - 기타,이륜,남,39세,경상,승용,남,65세,상해없음
2016082900100256,2016년 8월 29일 11시,월요일,울산광역시 중구 성안동,경상사고,0,0,1,0,차대사람 - 횡단중,보행자보호의무위반,건조,맑음,교차로 - 교차로안,승용,남,39세,상해없음,보행자,남,70세,경상
2016082900100289,2016년 8월 29일 12시,월요일,울산광역시 중구 남외동,경상사고,0,0,3,0,차대차 - 기타,차로위반,건조,맑음,단일로 - 기타,승용,여,60세,상해없음,승합,남,41세,경상
2016082900100320,2016년 8월 29일 13시,월요일,울산광역시 중구 남외동,중상사고,0,1,0,0,차대차 - 측면직각충돌,기타,건조,맑음,교차로 - 교차로안,승용,여,49세,상해없음,자전거,여,64세,중상
2016082900100352,2016년 8월 29일 14시,월요일,울산광역시 남구 달동,경상사고,0,0,1,0,차대사람 - 횡단중,안전운전불이행,기타,기타,단일로 - 기타,승용,남,51세,상해없음,보행자,남,83세,경상
2016082900100397,2016년 8월 29일 15시,월요일,울산광역시 남구 신정동,중상사고,0,1,1,0,차대차 - 측면직각충돌,교차로운행방법위반,건조,맑음,교차로 - 교차로안,승용,남,64세,중상,화물,남,38세,경상
2016082900100433,2016년 8월 29일 16시,월요일,울산광역시 중구 서동,경상사고,0,0,1,0,차대차 - 측면직각충돌,안전운전불이행,건조,맑음,교차로 - 교차로안,이륜,남,49세,경상,승용,여,66세,상해없음
2016082900100481,2016년 8월 29일 17시,월요일,울산광역시 울주군 삼남면,부상신고사고,0,0,0,2,차대차 - 측면충돌,교차로운행방법위반,건조,맑음,교차로 - 교차로안,승용,여,61세,부상신고,승용,여,35세,부상신고
2016082900100597,2016년 8월 29일 20시,월요일,울산광역시 중구 학성동,중상사고,0,1,0,0,차대사람 - 횡단중,안전운전불이행,건조,맑음,교차로 - 교차로부근,승용,남,46세,상해없음,보행자,남,51세,중상
2016082900100598,2016년 8월 29일 20시,월요일,울산광역시 남구 무거동,경상사고,0,0,1,0,차대사람 - 기타,안전운전불이행,건조,맑음,교차로 - 교차로부근,승용,여,55세,상해없음,보행자,여,48세,경상
2016082900100599,2016년 8월 29일 20시,월요일,울산광역시 울주군 서생면,경상사고,0,0,1,0,차량단독 - 전도전복,안전운전불이행,습기,흐림,단일로 - 기타,승용,남,51세,상해없음,,,,
2016082900100658,2016년 8월 29일 22시,월요일,울산광역시 남구 삼산동,경상사고,0,0,1,0,차량단독 - 전도전복,안전운전불이행,건조,맑음,교차로 - 교차로안,이륜,남,16세,경상,,,,
2016083000100013,2016년 8월 30일 00시,화요일,울산광역시 남구 신정동,경상사고,0,0,2,0,차대차 - 추돌,안전운전불이행,건조,맑음,교차로 - 교차로부근,승용,남,31세,상해없음,승용,남,58세,경상
2016083000100024,2016년 8월 30일 01시,화요일,울산광역시 북구 신천동,중상사고,0,1,0,0,차대차 - 측면충돌,중앙선침범,건조,맑음,단일로 - 기타,승용,남,47세,상해없음,승용,남,50세,중상
2016083000100074,2016년 8월 30일 06시,화요일,울산광역시 울주군 청량면,중상사고,0,1,1,0,차대차 - 측면충돌,중앙선침범,건조,맑음,교차로 - 교차로안,승용,남,54세,상해없음,승합,남,38세,중상
2016083000100220,2016년 8월 30일 10시,화요일,울산광역시 남구 신정동,경상사고,0,0,1,0,차대사람 - 횡단중,안전운전불이행,건조,맑음,단일로 - 기타,화물,남,45세,상해없음,보행자,남,84세,경상
2016083000100258,2016년 8월 30일 11시,화요일,울산광역시 울주군 범서읍,부상신고사고,0,0,0,1,차대차 - 측면충돌,교차로운행방법위반,건조,맑음,교차로 - 교차로안,이륜,남,39세,부상신고,승용,남,58세,상해없음