사고번호,사고일시,요일,시군구,사고내용,사망자수,중상자수,경상자수,부상신고자수,사고유형,법규위반,노면상태,기상상태,도로형태,가해운전자 차종,가해운전자 성별,가해운전자 연령,가해운전자 상해정도,피해운전자 차종,피해운전자 성별,피해운전자 연령,피해운전자 상해정도
2016091000100084,2016년 9월 10일 04시,토요일,울산광역시 남구 매암동,경상사고,0,0,4,0,차대차 - 측면충돌,교차로운행방법위반,건조,흐림,교차로 - 교차로안,건설기계,남,58세,상해없음,승용,여,56세,경상
2016091000100114,2016년 9월 10일 06시,토요일,울산광역시 울주군 온산읍,중상사고,0,1,0,0,차대차 - 측면직각충돌,신호위반,습기,비,교차로 - 교차로안,승용,남,53세,상해없음,승용,남,59세,중상
2016091000100124,2016년 9월 10일 07시,토요일,울산광역시 울주군 삼남면,중상사고,0,1,0,0,차대차 - 측면충돌,교차로운행방법위반,건조,맑음,교차로 - 교차로안,기타불명,기타불명,기타불명,기타불명,화물,남,37세,중상
2016091000100175,2016년 9월 10일 09시,토요일,울산광역시 울주군 삼남면,중상사고,0,1,0,0,차대차 - 측면충돌,교차로운행방법위반,건조,맑음,교차로 - 교차로안,승용,남,64세,상해없음,이륜,남,25세,중상
2016091000100352,2016년 9월 10일 14시,토요일,울산광역시 남구 신정동,경상사고,0,0,1,0,차대차 - 기타,안전운전불이행,습기,비,단일로 - 기타,승용,남,62세,상해없음,승용,여,35세,기타불명
2016091000100391,2016년 9월 10일 15시,토요일,울산광역시 중구 우정동,경상사고,0,0,1,0,차대사람 - 기타,안전운전불이행,습기,비,단일로 - 기타,승합,남,49세,상해없음,보행자,여,46세,경상
2016091000100392,2016년 9월 10일 15시,토요일,울산광역시 동구 서부동,중상사고,0,1,0,0,차대사람 - 기타,안전운전불이행,건조,맑음,교차로 - 교차로부근,승용,여,35세,상해없음,보행자,남,6세,중상
2016091000100433,2016년 9월 10일 16시,토요일,울산광역시 남구 삼산동,경상사고,0,0,1,0,차대차 - 측면직각충돌,안전운전불이행,습기,흐림,단일로 - 기타,승용,남,46세,상해없음,자전거,남,15세,경상
2016091000100475,2016년 9월 10일 17시,토요일,울산광역시 울주군 온양읍,경상사고,0,0,1,0,차대사람 - 횡단중,안전운전불이행,건조,맑음,단일로 - 기타,승용,여,67세,상해없음,보행자,여,58세,경상
2016091000100476,2016년 9월 10일 17시,토요일,울산광역시 울주군 온산읍,경상사고,0,0,1,0,차대사람 - 횡단중,안전운전불이행,건조,맑음,교차로 - 교차로안,이륜,남,43세,상해없음,보행자,남,41세,경상
2016091000100612,2016년 9월 10일 21시,토요일,울산광역시 북구 진장동,경상사고,0,0,1,0,차대차 - 측면직각충돌,불법유턴,건조,맑음,교차로 - 교차로안,승용,여,38세,경상,승용,남,35세,상해없음
2016091000100613,2016년 9월 10일 21시,토요일,울산광역시 동구 방어동,경상사고,0,0,3,0,차대차 - 정면충돌,안전운전불이행,건조,맑음,교차로 - 교차로부근,승용,남,44세,상해없음,승용,여,41세,경상
2016091000100648,2016년 9월 10일 22시,토요일,울산광역시 중구 반구동,경상사고,0,0,4,0,차대차 - 기타,안전운전불이행,건조,맑음,단일로 - 교량,화물,남,43세,상해없음,승용,남,25세,경상
2016091000100649,2016년 9월 10일 22시,토요일,울산광역시 남구 두왕동,경상사고,0,0,1,0,차대차 - 측면직각충돌,안전거리미확보,건조,맑음,단일로 - 기타,승용,남,31세,상해없음,승용,남,27세,상해없음
2016091100100118,2016년 9월 11일 08시,일요일,울산광역시 중구 유곡동,경상사고,0,0,1,0,차대차 - 추돌,차로위반,건조,맑음,단일로 - 기타,화물,남,36세,상해없음,승용,남,22세,상해없음
2016091100100185,2016년 9월 11일 11시,일요일,울산광역시 울주군 서생면,중상사고,0,1,0,0,차대차 - 측면충돌,안전운전불이행,건조,맑음,교차로 - 교차로부근,승용,여,46세,상해없음,자전거,남,27세,중상
2016091100100343,2016년 9월 11일 17시,일요일,울산광역시 남구 옥동,경상사고,0,0,1,0,차대사람 - 차도통행중,안전운전불이행,건조,맑음,단일로 - 기타,승용,여,43세,상해없음,보행자,남,42세,경상
2016091100100433,2016년 9월 11일 20시,일요일,울산광역시 남구 신정동,중상사고,0,1,0,0,차대사람 - 기타,안전운전불이행,건조,맑음,단일로 - 기타,승용,남,43세,상해없음,보행자,남,65세,중상
2016091100100459,2016년 9월 11일 21시,일요일,울산광역시 남구 신정동,경상사고,0,0,1,0,차대차 - 추돌,안전운전불이행,건조,맑음,단일로 - 기타,승용,남,46세,상해없음,승용,남,29세,경상
2016091200100019,2016년 9월 12일 01시,월요일,울산광역시 울주군 범서읍,중상사고,0,2,0,0,차대차 - 측면직각충돌,신호위반,건조,맑음,교차로 - 교차로안,승용,남,31세,상해없음,승용,남,26세,중상
2016091200100031,2016년 9월 12일 02시,월요일,울산광역시 남구 신정동,경상사고,0,0,1,0,차대차 - 측면직각충돌,교차로운행방법위반,습기,비,교차로 - 교차로안,승용,남,50세,상해없음,이륜,남,22세,경상
2016091200100047,2016년 9월 12일 04시,월요일,울산광역시 남구 신정동,부상신고사고,0,0,0,1,차대사람 - 기타,교차로운행방법위반,습기,비,교차로 - 교차로안,승합,남,62세,상해없음,보행자,남,44세,부상신고
2016091200100219,2016년 9월 12일 10시,월요일,울산광역시 북구 명촌동,경상사고,0,0,1,0,차대차 - 추돌,안전운전불이행,습기,비,단일로 - 기타,건설기계,남,23세,상해없음,화물,남,63세,상해없음
2016091200100262,2016년 9월 12일 11시,월요일,울산광역시 북구 신천동,중상사고,0,1,0,0,차대사람 - 보도통행중,보행자보호의무위반,건조,맑음,교차로 - 교차로안,승용,여,45세,상해없음,보행자,남,63세,중상
2016091200100263,2016년 9월 12일 11시,월요일,울산광역시 울주군 온산읍,부상신고사고,0,0,0,1,차대차 - 기타,교차로운행방법위반,습기,비,교차로 - 교차로안,건설기계,남,63세,상해없음,화물,남,46세,상해없음
2016091200100423,2016년 9월 12일 15시,월요일,울산광역시 울주군 청량면,경상사고,0,0,2,0,차대차 - 정면충돌,안전운전불이행,습기,비,교차로 - 교차로안,화물,남,55세,상해없음,화물,남,59세,경상
2016091200100456,2016년 9월 12일 16시,월요일,울산광역시 남구 달동,경상사고,0,0,1,0,차대차 - 기타,교차로운행방법위반,습기,비,교차로 - 교차로안,승용,여,55세,상해없음,이륜,남,48세,경상
2016091200100457,2016년 9월 12일 16시,월요일,울산광역시 남구 신정동,경상사고,0,0,1,0,차대차 - 추돌,안전운전불이행,습기,비,교차로 - 교차로부근,승용,남,39세,상해없음,승합,여,47세,경상
2016091200100505,2016년 9월 12일 17시,월요일,울산광역시 남구 무거동,부상신고사고,0,0,0,1,차대차 - 측면충돌,안전운전불이행,건조,맑음,교차로 - 교차로안,기타불명,기타불명,기타불명,기타불명,승용,남,37세,상해없음
2016091200100506,2016년 9월 12일 17시,월요일,울산광역시 남구 신정동,경상사고,0,0,1,0,차대차 - 측면직각충돌,안전운전불이행,습기,흐림,단일로 - 기타,승용,남,62세,상해없음,자전거,남,10세,경상
2016091200100507,2016년 9월 12일 17시,월요일,울산광역시 울주군 온산읍,부상신고사고,0,0,0,1,차대차 - 기타,안전운전불이행,습기,비,교차로 - 교차로안,승용,여,33세,상해없음,원동기,남,46세,부상신고
2016091200100548,2016년 9월 12일 18시,월요일,울산광역시 북구 명촌동,경상사고,0,0,3,0,차대차 - 추돌,안전운전불이행,습기,비,단일로 - 기타,승용,남,34세,기타불명,승용,여,33세,경상
2016091200100549,2016년 9월 12일 18시,월요일,울산광역시 울주군 온산읍,중상사고,0,2,0,0,차대차 - 측면충돌,교차로운행방법위반,습기,비,교차로 - 교차로안,승합,남,37세,상해없음,이륜,남,29세,중상
2016091200100637,2016년 9월 12일 20시,월요일,울산광역시 중구 우정동,중상사고,0,1,0,0,차대사람 - 횡단중,안전운전불이행,건조,맑음,교차로 - 교차로안,승용,남,57세,상해없음,보행자,여,69세,중상
2016091200100638,2016년 9월 12일 20시,월요일,울산광역시 남구 옥동,경상사고,0,0,3,0,차대차 - 측면충돌,직진우회전진행방해,습기,흐림,교차로 - 교차로안,승용,남,36세,상해없음,승용,여,55세,경상
2016091200100672,2016년 9월 12일 21시,월요일,울산광역시 북구 염포동,부상신고사고,0,0,0,1,차대차 - 추돌,안전운전불이행,습기,비,단일로 - 기타,승용,여,22세,부상신고,승용,남,59세,상해없음
2016091200100706,2016년 9월 12일 22시,월요일,울산광역시 남구 선암동,사망사고,1,0,0,0,차대사람 - 차도통행중,안전운전불이행,습기,흐림,단일로 - 기타,승용,남,42세,상해없음,보행자,여,87세,사망
2016091300100143,2016년 9월 13일 08시,화요일,울산광역시 남구 무거동,중상사고,0,1,0,0,차대차 - 측면충돌,중앙선침범,건조,맑음,단일로 - 기타,승용,남,32세,상해없음,승용,여,47세,중상
2016091300100263,2016년 9월 13일 11시,화요일,울산광역시 남구 여천동,경상사고,0,0,1,0,차대차 - 측면직각충돌,안전운전불이행,기타,맑음,단일로 - 기타,화물,남,55세,상해없음,승용,남,70세,상해없음
2016091300100264,2016년 9월 13일 11시,화요일,울산광역시 남구 달동,중상사고,0,1,0,0,차대차 - 기타,교차로운행방법위반,기타,맑음,교차로 - 교차로안,화물,남,65세,상해없음,승용,여,66세,중상
2016091300100297,2016년 9월 13일 12시,화요일,울산광역시 중구 반구동,경상사고,0,0,2,0,차대차 - 기타,안전거리미확보,건조,맑음,교차로 - 교차로부근,승용,남,62세,상해없음,승용,남,44세,경상
2016091300100425,2016년 9월 13일 15시,화요일,울산광역시 중구 서동,경상사고,0,0,1,0,차대사람 - 보도통행중,안전운전불이행,건조,맑음,단일로 - 기타,승용,여,55세,상해없음,보행자,남,41세,경상
2016091300100426,2016년 9월 13일 15시,화요일,울산광역시 동구 전하동,경상사고,0,0,1,0,차대사람 - 기타,안전운전불이행,건조,맑음,교차로 - 교차로안,자전거,남,34세,상해없음,보행자,남,9세,경상
2016091300100427,2016년 9월 13일 15시,화요일,울산광역시 울주군 범서읍,경상사고,0,0,1,0,차대차 - 측면직각충돌,안전운전불이행,건조,맑음,단일로 - 기타,승용,여,69세,상해없음,승용,여,55세,경상
2016091300100476,2016년 9월 13일 16시,화요일,울산광역시 울주군 온산읍,경상사고,0,0,1,0,차대차 - 측면충돌,안전거리미확보,건조,맑음,단일로 - 기타,승용,남,62세,상해없음,승용,남,52세,경상
2016091300100623,2016년 9월 13일 19시,화요일,울산광역시 남구 삼산동,부상신고사고,0,0,0,1,차대사람 - 횡단중,안전운전불이행,건조,맑음,교차로 - 교차로안,기타불명,기타불명,66세,기타불명,보행자,남,16세,부상신고
2016091300100624,2016년 9월 13일 19시,화요일,울산광역시 울주군 웅촌면,경상사고,0,0,1,0,차대사람 - 횡단중,안전운전불이행,건조,맑음,단일로 - 기타,승합,남,43세,상해없음,보행자,여,77세,경상
2016091300100671,2016년 9월 13일 20시,화요일,울산광역시 남구 달동,경상사고,0,0,1,0,차대사람 - 기타,안전운전불이행,습기,흐림,교차로 - 교차로부근,승용,남,60세,상해없음,보행자,남,44세,경상
2016091300100672,2016년 9월 13일 20시,화요일,울산광역시 동구 일산동,경상사고,0,0,3,0,차대차 - 정면충돌,중앙선침범,건조,맑음,교차로 - 교차로부근,화물,남,25세,상해없음,승용,남,53세,경상
2016091300100729,2016년 9월 13일 22시,화요일,울산광역시 남구 옥동,중상사고,0,1,0,0,차대사람 - 기타,안전운전불이행,건조,맑음,단일로 - 기타,승용,남,63세,상해없음,보행자,남,4세,중상
2016091300100749,2016년 9월 13일 23시,화요일,울산광역시 중구 우정동,경상사고,0,0,1,0,차대차 - 측면충돌,안전거리미확보,건조,맑음,교차로 - 교차로부근,승용,남,47세,상해없음,이륜,남,22세,경상
2016091400100017,2016년 9월 14일 00시,수요일,울산광역시 남구 신정동,경상사고,0,0,1,0,차대차 - 측면직각충돌,신호위반,건조,맑음,교차로 - 교차로안,승용,남,58세,상해없음,승용,여,60세,경상
2016091400100018,2016년 9월 14일 00시,수요일,울산광역시 동구 서부동,중상사고,0,1,0,0,차대사람 - 기타,안전운전불이행,건조,맑음,단일로 - 기타,원동기,남,30세,상해없음,보행자,여,42세,중상
2016091400100056,2016년 9월 14일 02시,수요일,울산광역시 중구 교동,경상사고,0,0,1,0,차대사람 - 횡단중,안전운전불이행,건조,맑음,교차로 - 교차로안,승용,남,48세,상해없음,보행자,남,59세,경상
2016091400100216,2016년 9월 14일 11시,수요일,울산광역시 남구 삼산동,중상사고,0,1,0,0,차대차 - 측면충돌,안전운전불이행,건조,맑음,교차로 - 교차로안,화물,남,50세,상해없음,이륜,남,38세,중상
2016091400100240,2016년 9월 14일 12시,수요일,울산광역시 북구 화봉동,중상사고,0,1,1,0,차대차 - 측면충돌,직진우회전진행방해,건조,맑음,교차로 - 교차로안,승용,여,28세,상해없음,승용,여,64세,경상
2016091400100241,2016년 9월 14일 12시,수요일,울산광역시 남구 야음동,중상사고,0,4,0,0,차대차 - 기타,교차로운행방법위반,건조,맑음,교차로 - 교차로안,승용,남,59세,상해없음,승용,남,67세,중상
2016091400100333,2016년 9월 14일 16시,수요일,울산광역시 북구 진장동,중상사고,0,1,0,0,차대차 - 측면직각충돌,직진우회전진행방해,습기,비,교차로 - 교차로안,승용,남,51세,상해없음,승용,남,59세,중상
2016091400100357,2016년 9월 14일 17시,수요일,울산광역시 남구 달동,경상사고,0,0,1,0,차대사람 - 기타,안전운전불이행,건조,맑음,기타 - 기타,승용,여,51세,기타불명,보행자,여,26세,경상
2016091500100065,2016년 9월 15일 07시,목요일,울산광역시 중구 복산동,중상사고,0,5,1,0,차대차 - 정면충돌,안전운전불이행,건조,맑음,교차로 - 교차로안,승용,남,56세,상해없음,승용,남,23세,중상
2016091500100082,2016년 9월 15일 09시,목요일,울산광역시 울주군 삼남면,경상사고,0,0,1,0,차대차 - 측면충돌,교차로운행방법위반,건조,맑음,교차로 - 교차로안,승용,여,47세,상해없음,승용,남,34세,경상
2016091500100128,2016년 9월 15일 11시,목요일,울산광역시 중구 다운동,중상사고,0,2,1,2,차대차 - 추돌,안전거리미확보,건조,맑음,단일로 - 터널,승용,남,47세,상해없음,승용,남,35세,중상
2016091500100174,2016년 9월 15일 13시,목요일,울산광역시 울주군 웅촌면,경상사고,0,0,4,0,차대차 - 정면충돌,중앙선침범,건조,맑음,단일로 - 기타,승용,남,22세,상해없음,승용,남,37세,경상
2016091500100234,2016년 9월 15일 15시,목요일,울산광역시 울주군 범서읍,경상사고,0,0,3,4,차대차 - 추돌,안전거리미확보,건조,흐림,단일로 - 기타,승용,남,33세,상해없음,승용,남,40세,상해없음
2016091500100310,2016년 9월 15일 19시,목요일,울산광역시 남구 옥동,중상사고,0,1,0,0,차대사람 - 횡단중,안전운전불이행,건조,맑음,단일로 - 기타,승합,남,51세,상해없음,보행자,남,19세,중상
2016091600100068,2016년 9월 16일 08시,금요일,울산광역시 울주군 온양읍,경상사고,0,0,1,0,차대차 - 측면충돌,안전운전불이행,건조,맑음,단일로 - 기타,자전거,여,36세,상해없음,자전거,남,39세,경상
2016091600100074,2016년 9월 16일 09시,금요일,울산광역시 울주군 온산읍,경상사고,0,0,1,0,차대차 - 측면직각충돌,교차로운행방법위반,건조,맑음,교차로 - 교차로안,승용,여,50세,상해없음,승용,남,53세,경상
2016091600100402,2016년 9월 16일 23시,금요일,울산광역시 남구 무거동,중상사고,0,1,0,0,차대차 - 추돌,안전운전불이행,습기,비,교차로 - 교차로부근,승용,남,22세,상해없음,승용,남,42세,중상
2016091700100032,2016년 9월 17일 00시,토요일,울산광역시 중구 서동,경상사고,0,0,1,0,차대차 - 기타,신호위반,습기,비,교차로 - 교차로안,승용,남,56세,상해없음,승용,남,40세,경상
2016091700100103,2016년 9월 17일 03시,토요일,울산광역시 남구 옥동,경상사고,0,0,2,0,차대차 - 추돌,안전운전불이행,습기,비,교차로 - 교차로안,승용,여,27세,상해없음,승용,남,28세,경상
2016091700100190,2016년 9월 17일 09시,토요일,울산광역시 남구 무거동,경상사고,0,0,1,0,차대차 - 기타,안전운전불이행,건조,맑음,교차로 - 교차로안,건설기계,남,57세,상해없음,승용,남,39세,경상
2016091700100306,2016년 9월 17일 14시,토요일,울산광역시 남구 신정동,부상신고사고,0,0,0,1,차대차 - 측면충돌,안전운전불이행,습기,비,단일로 - 기타,화물,남,38세,상해없음,승용,여,34세,부상신고
2016091700100405,2016년 9월 17일 17시,토요일,울산광역시 남구 신정동,중상사고,0,1,4,0,차대차 - 측면충돌,중앙선침범,습기,비,단일로 - 기타,승용,여,55세,중상,승용,남,61세,경상
2016091700100406,2016년 9월 17일 17시,토요일,울산광역시 울주군 온산읍,중상사고,0,1,0,1,차량단독 - 전도전복,안전운전불이행,습기,비,교차로 - 교차로안,승용,남,22세,중상,,,,
2016091700100407,2016년 9월 17일 17시,토요일,울산광역시 울주군 언양읍,경상사고,0,0,2,0,차대차 - 추돌,안전운전불이행,습기,비,단일로 - 기타,화물,남,58세,상해없음,승용,남,36세,경상
2016091700100474,2016년 9월 17일 19시,토요일,울산광역시 남구 무거동,경상사고,0,0,1,0,차대차 - 측면직각충돌,안전운전불이행,습기,비,단일로 - 기타,승용,여,58세,경상,승용,남,55세,상해없음
2016091700100475,2016년 9월 17일 19시,토요일,울산광역시 남구 무거동,사망사고,1,0,0,0,차대사람 - 횡단중,안전운전불이행,습기,비,교차로 - 교차로부근,승용,남,32세,상해없음,보행자,여,65세,사망
2016091700100476,2016년 9월 17일 19시,토요일,울산광역시 남구 달동,중상사고,0,1,0,0,차대차 - 기타,교차로운행방법위반,습기,비,교차로 - 교차로안,승용,남,66세,상해없음,이륜,남,63세,중상
2016091700100503,2016년 9월 17일 20시,토요일,울산광역시 남구 신정동,경상사고,0,0,2,0,차대차 - 추돌,안전운전불이행,습기,비,단일로 - 기타,승용,남,51세,상해없음,승용,남,46세,경상
2016091700100545,2016년 9월 17일 21시,토요일,울산광역시 울주군 청량면,경상사고,0,0,1,0,차량단독 - 전도전복,안전운전불이행,습기,비,단일로 - 기타,승용,남,44세,경상,,,,
2016091700100573,2016년 9월 17일 22시,토요일,울산광역시 남구 신정동,경상사고,0,0,1,0,차대차 - 측면직각충돌,교차로운행방법위반,습기,비,교차로 - 교차로안,승용,남,71세,상해없음,승용,남,41세,상해없음
2016091700100591,2016년 9월 17일 23시,토요일,울산광역시 북구 연암동,중상사고,0,2,0,0,차대차 - 정면충돌,중앙선침범,습기,비,단일로 - 기타,승용,남,49세,상해없음,화물,남,33세,중상
2016091800100018,2016년 9월 18일 00시,일요일,울산광역시 남구 신정동,중상사고,0,1,0,0,차대차 - 측면직각충돌,신호위반,습기,비,교차로 - 교차로안,승용,남,25세,상해없음,승용,여,54세,중상
2016091800100034,2016년 9월 18일 01시,일요일,울산광역시 남구 달동,경상사고,0,0,2,0,차대차 - 측면직각충돌,교차로운행방법위반,습기,비,교차로 - 교차로안,승용,남,63세,상해없음,승용,남,33세,경상
2016091800100035,2016년 9월 18일 01시,일요일,울산광역시 남구 야음동,경상사고,0,0,1,0,차대차 - 추돌,안전운전불이행,습기,비,교차로 - 교차로안,승용,남,51세,상해없음,승용,남,33세,경상
2016091800100062,2016년 9월 18일 03시,일요일,울산광역시 남구 신정동,경상사고,0,0,2,0,차대사람 - 보도통행중,보행자보호의무위반,습기,비,단일로 - 기타,승용,남,27세,기타불명,보행자,남,22세,경상
2016091800100063,2016년 9월 18일 03시,일요일,울산광역시 동구 일산동,경상사고,0,0,1,0,차대사람 - 횡단중,안전운전불이행,습기,비,교차로 - 교차로부근,승합,남,33세,상해없음,보행자,남,39세,경상
2016091800100075,2016년 9월 18일 04시,일요일,울산광역시 북구 명촌동,중상사고,0,1,1,0,차량단독 - 전도전복,안전운전불이행,습기,비,단일로 - 기타,승용,남,22세,중상,,,,
2016091800100123,2016년 9월 18일 09시,일요일,울산광역시 동구 일산동,중상사고,0,1,0,0,차대사람 - 횡단중,안전운전불이행,건조,맑음,교차로 - 교차로부근,승용,남,44세,상해없음,보행자,여,55세,중상
2016091800100262,2016년 9월 18일 15시,일요일,울산광역시 남구 삼산동,중상사고,0,1,0,1,차대차 - 정면충돌,안전거리미확보,건조,맑음,교차로 - 교차로부근,원동기,남,16세,부상신고,원동기,남,60세,중상
2016091800100325,2016년 9월 18일 18시,일요일,울산광역시 중구 학성동,중상사고,0,1,0,0,차대사람 - 차도통행중,안전운전불이행,건조,흐림,단일로 - 기타,승용,여,65세,상해없음,보행자,여,67세,중상
2016091800100326,2016년 9월 18일 18시,일요일,울산광역시 중구 태화동,중상사고,0,1,0,0,차대사람 - 횡단중,보행자보호의무위반,습기,비,교차로 - 교차로부근,승용,남,49세,상해없음,보행자,여,60세,중상
2016091800100354,2016년 9월 18일 19시,일요일,울산광역시 북구 상안동,중상사고,0,1,1,0,차대사람 - 횡단중,보행자보호의무위반,습기,비,단일로 - 횡단보도상,이륜,남,77세,경상,보행자,남,46세,중상
2016091800100355,2016년 9월 18일 19시,일요일,울산광역시 중구 태화동,중상사고,0,3,5,1,차대차 - 추돌,안전운전불이행,건조,맑음,단일로 - 기타,승용,여,62세,경상,승용,남,52세,중상
2016091800100393,2016년 9월 18일 21시,일요일,울산광역시 동구 서부동,경상사고,0,0,4,0,차대차 - 정면충돌,중앙선침범,건조,흐림,단일로 - 기타,이륜,남,55세,상해없음,승용,남,35세,경상
2016091900100051,2016년 9월 19일 06시,월요일,울산광역시 중구 약사동,경상사고,0,0,1,0,차대차 - 측면충돌,불법유턴,습기,비,교차로 - 교차로안,자전거,남,54세,경상,승용,남,62세,상해없음
2016091900100072,2016년 9월 19일 07시,월요일,울산광역시 남구 야음동,중상사고,0,1,0,0,차대차 - 기타,기타,습기,흐림,단일로 - 기타,특수,남,31세,상해없음,승용,남,48세,중상
2016091900100073,2016년 9월 19일 07시,월요일,울산광역시 남구 신정동,중상사고,0,1,0,0,차대차 - 추돌,안전운전불이행,건조,맑음,교차로 - 교차로부근,화물,남,56세,상해없음,승용,여,44세,중상
2016091900100148,2016년 9월 19일 09시,월요일,울산광역시 울주군 서생면,경상사고,0,0,1,0,차량단독 - 전도전복,안전운전불이행,습기,흐림,단일로 - 기타,승용,여,60세,경상,,,,
2016091900100186,2016년 9월 19일 10시,월요일,울산광역시 동구 서부동,경상사고,0,0,10,0,차대차 - 추돌,안전운전불이행,습기,비,단일로 - 기타,승합,남,57세,상해없음,승합,남,39세,상해없음
2016091900100292,2016년 9월 19일 14시,월요일,울산광역시 울주군 온산읍,중상사고,0,1,1,0,차대차 - 추돌,안전운전불이행,습기,흐림,단일로 - 기타,승용,남,37세,경상,화물,남,60세,중상
2016091900100437,2016년 9월 19일 18시,월요일,울산광역시 중구 옥교동,경상사고,0,0,1,0,차대차 - 기타,중앙선침범,건조,맑음,단일로 - 기타,자전거,남,22세,경상,승용,남,35세,기타불명
2016091900100438,2016년 9월 19일 18시,월요일,울산광역시 남구 신정동,경상사고,0,0,1,0,차대차 - 정면충돌,안전운전불이행,건조,맑음,기타 - 기타,기타불명,기타불명,기타불명,기타불명,자전거,남,22세,경상
2016091900100439,2016년 9월 19일 18시,월요일,울산광역시 울주군 온산읍,경상사고,0,0,1,0,차대차 - 측면충돌,교차로운행방법위반,건조,맑음,교차로 - 교차로안,승용,남,27세,상해없음,승용,남,43세,경상
2016091900100508,2016년 9월 19일 20시,월요일,울산광역시 북구 진장동,경상사고,0,0,4,0,차대차 - 측면직각충돌,직진우회전진행방해,건조,흐림,교차로 - 교차로안,승용,남,49세,상해없음,승용,여,57세,경상
2016091900100530,2016년 9월 19일 21시,월요일,울산광역시 울주군 언양읍,부상신고사고,0,0,0,1,차량단독 - 전도전복,안전운전불이행,건조,흐림,단일로 - 기타,이륜,남,23세,부상신고,,,,
2016091900100553,2016년 9월 19일 22시,월요일,울산광역시 남구 달동,경상사고,0,0,1,0,차대차 - 추돌,안전운전불이행,건조,흐림,교차로 - 교차로부근,승용,남,44세,상해없음,승용,여,55세,경상
2016091900100567,2016년 9월 19일 23시,월요일,울산광역시 남구 달동,중상사고,0,2,0,0,차대사람 - 기타,안전운전불이행,건조,맑음,단일로 - 기타,승용,남,35세,상해없음,보행자,남,58세,중상
2016092000100157,2016년 9월 20일 08시,화요일,울산광역시 중구 복산동,경상사고,0,0,1,0,차대차 - 기타,차로위반,건조,맑음,교차로 - 교차로안,승용,여,52세,상해없음,승용,여,29세,경상
2016092000100198,2016년 9월 20일 09시,화요일,울산광역시 울주군 언양읍,중상사고,0,2,0,0,차대차 - 추돌,안전운전불이행,건조,맑음,단일로 - 기타,승합,남,53세,상해없음,원동기,남,23세,중상
2016092000100232,2016년 9월 20일 10시,화요일,울산광역시 울주군 서생면,경상사고,0,0,2,0,차대차 - 측면직각충돌,중앙선침범,건조,맑음,단일로 - 기타,승용,남,33세,경상,건설기계,남,36세,경상
2016092000100282,2016년 9월 20일 12시,화요일,울산광역시 북구 연암동,경상사고,0,0,1,0,차대차 - 측면충돌,교차로운행방법위반,건조,맑음,교차로 - 교차로안,승용,남,50세,상해없음,이륜,남,29세,경상
2016092000100365,2016년 9월 20일 15시,화요일,울산광역시 남구 신정동,경상사고,0,0,1,0,차대차 - 추돌,안전운전불이행,건조,맑음,기타 - 기타,승용,남,58세,상해없음,승용,남,24세,경상
2016092000100440,2016년 9월 20일 17시,화요일,울산광역시 중구 서동,경상사고,0,0,1,0,차대차 - 추돌,안전운전불이행,건조,맑음,교차로 - 교차로부근,승용,남,59세,상해없음,승용,여,41세,경상
2016092000100441,2016년 9월 20일 17시,화요일,울산광역시 울주군 온산읍,중상사고,0,1,0,1,차대차 - 정면충돌,신호위반,건조,맑음,교차로 - 교차로안,화물,남,55세,상해없음,승용,남,52세,중상
2016092000100570,2016년 9월 20일 20시,화요일,울산광역시 중구 우정동,경상사고,0,0,1,0,차대차 - 측면직각충돌,안전운전불이행,건조,맑음,단일로 - 기타,승용,여,60세,상해없음,승용,남,34세,경상
2016092000100595,2016년 9월 20일 21시,화요일,울산광역시 울주군 범서읍,중상사고,0,1,1,0,차대차 - 측면충돌,중앙선침범,건조,맑음,교차로 - 교차로부근,이륜,남,44세,경상,자전거,남,15세,중상
2016092000100622,2016년 9월 20일 22시,화요일,울산광역시 중구 성남동,사망사고,1,0,0,0,차대차 - 측면직각충돌,신호위반,건조,맑음,교차로 - 교차로안,승용,남,59세,상해없음,자전거,남,64세,사망
2016092100100038,2016년 9월 21일 02시,수요일,울산광역시 남구 신정동,중상사고,0,1,0,0,차대사람 - 횡단중,보행자보호의무위반,건조,맑음,교차로 - 교차로부근,승용,남,53세,상해없음,보행자,남,44세,중상
2016092100100093,2016년 9월 21일 07시,수요일,울산광역시 남구 성암동,중상사고,0,1,0,0,차대차 - 측면충돌,차로위반,건조,맑음,단일로 - 기타,화물,남,45세,상해없음,이륜,남,34세,중상
2016092100100261,2016년 9월 21일 13시,수요일,울산광역시 남구 삼산동,중상사고,0,1,0,0,차대차 - 기타,신호위반,건조,맑음,교차로 - 교차로안,자전거,남,68세,중상,승용,남,58세,상해없음