사고번호,사고일시,요일,시군구,사고내용,사망자수,중상자수,경상자수,부상신고자수,사고유형,법규위반,노면상태,기상상태,도로형태,가해운전자 차종,가해운전자 성별,가해운전자 연령,가해운전자 상해정도,피해운전자 차종,피해운전자 성별,피해운전자 연령,피해운전자 상해정도
2016092100100262,2016년 9월 21일 13시,수요일,울산광역시 남구 신정동,경상사고,0,0,1,0,차대사람 - 기타,안전운전불이행,건조,맑음,단일로 - 기타,승용,여,40세,상해없음,보행자,남,38세,경상
2016092100100289,2016년 9월 21일 14시,수요일,울산광역시 중구 반구동,중상사고,0,3,6,0,차대차 - 추돌,안전운전불이행,건조,맑음,단일로 - 기타,승합,남,61세,상해없음,승용,남,52세,기타불명
2016092100100290,2016년 9월 21일 14시,수요일,울산광역시 중구 복산동,중상사고,0,3,0,0,차대차 - 측면직각충돌,교차로운행방법위반,건조,맑음,교차로 - 교차로안,원동기,남,52세,중상,승용,여,50세,중상
2016092100100291,2016년 9월 21일 14시,수요일,울산광역시 동구 화정동,경상사고,0,0,1,0,차대사람 - 횡단중,보행자보호의무위반,건조,맑음,교차로 - 교차로안,승용,여,25세,상해없음,보행자,여,53세,경상
2016092100100374,2016년 9월 21일 17시,수요일,울산광역시 북구 호계동,경상사고,0,0,1,0,차대차 - 측면직각충돌,안전운전불이행,건조,맑음,단일로 - 기타,이륜,남,24세,경상,승용,남,28세,상해없음
2016092100100375,2016년 9월 21일 17시,수요일,울산광역시 동구 동부동,중상사고,0,1,0,0,차량단독 - 전도전복,안전운전불이행,건조,맑음,단일로 - 터널,이륜,남,40세,중상,,,,
2016092100100454,2016년 9월 21일 19시,수요일,울산광역시 울주군 웅촌면,경상사고,0,0,1,0,차대차 - 기타,중앙선침범,건조,맑음,단일로 - 기타,승용,남,56세,상해없음,승용,여,26세,경상
2016092100100529,2016년 9월 21일 22시,수요일,울산광역시 중구 남외동,중상사고,0,1,0,1,차대차 - 기타,차로위반,건조,맑음,단일로 - 기타,승용,남,56세,부상신고,이륜,남,55세,중상
2016092200100022,2016년 9월 22일 01시,목요일,울산광역시 북구 신천동,부상신고사고,0,0,0,1,차량단독 - 전도전복,안전운전불이행,건조,맑음,교차로 - 교차로부근,승용,남,36세,부상신고,,,,
2016092200100295,2016년 9월 22일 15시,목요일,울산광역시 남구 신정동,중상사고,0,1,0,0,차대차 - 측면직각충돌,안전운전불이행,건조,흐림,교차로 - 교차로안,승용,남,59세,상해없음,이륜,남,81세,중상
2016092200100328,2016년 9월 22일 16시,목요일,울산광역시 남구 무거동,중상사고,0,1,0,0,차대사람 - 기타,안전거리미확보,습기,비,교차로 - 교차로안,승합,남,50세,상해없음,보행자,여,60세,중상
2016092200100400,2016년 9월 22일 18시,목요일,울산광역시 중구 다운동,중상사고,0,1,1,0,차대차 - 정면충돌,안전운전불이행,습기,흐림,교차로 - 교차로안,승용,남,42세,상해없음,이륜,남,16세,중상
2016092200100401,2016년 9월 22일 18시,목요일,울산광역시 울주군 언양읍,경상사고,0,0,1,0,차대차 - 기타,안전운전불이행,건조,맑음,단일로 - 기타,승용,여,39세,상해없음,승용,여,53세,경상
2016092200100444,2016년 9월 22일 19시,목요일,울산광역시 남구 신정동,경상사고,0,0,1,0,차대차 - 기타,안전운전불이행,기타,기타,단일로 - 기타,승용,남,57세,상해없음,승용,남,57세,경상
2016092200100546,2016년 9월 22일 23시,목요일,울산광역시 중구 북정동,경상사고,0,0,1,0,차량단독 - 공작물충돌,안전운전불이행,건조,맑음,단일로 - 기타,승용,여,51세,경상,,,,
2016092300100060,2016년 9월 23일 03시,금요일,울산광역시 중구 반구동,사망사고,1,2,0,0,차대차 - 정면충돌,안전운전불이행,건조,맑음,단일로 - 교량,승용,남,28세,중상,승용,남,61세,사망
2016092300100116,2016년 9월 23일 07시,금요일,울산광역시 동구 방어동,중상사고,0,1,1,0,차대차 - 기타,안전운전불이행,건조,맑음,기타 - 기타,이륜,남,35세,경상,이륜,남,40세,중상
2016092300100161,2016년 9월 23일 08시,금요일,울산광역시 남구 신정동,경상사고,0,0,1,0,차대사람 - 횡단중,보행자보호의무위반,건조,맑음,교차로 - 교차로부근,승합,남,48세,기타불명,보행자,여,40세,경상
2016092300100200,2016년 9월 23일 09시,금요일,울산광역시 울주군 온양읍,중상사고,0,1,1,1,차대차 - 정면충돌,중앙선침범,건조,맑음,단일로 - 기타,승용,남,71세,경상,승용,여,36세,중상
2016092300100228,2016년 9월 23일 10시,금요일,울산광역시 중구 남외동,경상사고,0,0,2,0,차대차 - 측면직각충돌,안전운전불이행,건조,맑음,교차로 - 교차로안,승용,남,38세,경상,화물,남,68세,경상
2016092300100229,2016년 9월 23일 10시,금요일,울산광역시 남구 무거동,중상사고,0,1,0,0,차대사람 - 횡단중,신호위반,건조,맑음,단일로 - 기타,승용,남,75세,상해없음,보행자,남,67세,중상
2016092300100266,2016년 9월 23일 11시,금요일,울산광역시 울주군 두서면,중상사고,0,1,0,0,차대차 - 추돌,안전거리미확보,건조,맑음,단일로 - 기타,화물,남,56세,중상,화물,남,40세,상해없음
2016092300100421,2016년 9월 23일 16시,금요일,울산광역시 동구 일산동,경상사고,0,0,1,0,차대차 - 추돌,안전운전불이행,건조,맑음,교차로 - 교차로부근,승용,남,48세,상해없음,승용,남,44세,경상
2016092300100455,2016년 9월 23일 17시,금요일,울산광역시 울주군 삼남면,경상사고,0,0,1,0,차대차 - 측면충돌,교차로운행방법위반,건조,맑음,교차로 - 교차로안,승용,여,58세,상해없음,자전거,여,56세,경상
2016092300100506,2016년 9월 23일 18시,금요일,울산광역시 남구 무거동,중상사고,0,1,0,0,차대사람 - 기타,안전운전불이행,건조,맑음,단일로 - 기타,승용,남,45세,상해없음,보행자,남,46세,중상
2016092300100542,2016년 9월 23일 19시,금요일,울산광역시 남구 두왕동,중상사고,0,1,0,0,차대차 - 정면충돌,신호위반,건조,맑음,교차로 - 교차로안,화물,남,49세,상해없음,이륜,남,56세,중상
2016092300100577,2016년 9월 23일 20시,금요일,울산광역시 북구 효문동,중상사고,0,1,6,2,차대차 - 추돌,안전운전불이행,건조,맑음,단일로 - 기타,승용,남,27세,경상,승합,남,49세,중상
2016092300100622,2016년 9월 23일 21시,금요일,울산광역시 남구 달동,경상사고,0,0,1,0,차대사람 - 기타,안전운전불이행,건조,맑음,교차로 - 교차로부근,승용,남,24세,상해없음,보행자,남,29세,경상
2016092300100623,2016년 9월 23일 21시,금요일,울산광역시 남구 달동,경상사고,0,0,3,0,차대차 - 측면충돌,중앙선침범,건조,맑음,단일로 - 기타,승용,남,60세,상해없음,승용,남,27세,상해없음
2016092300100624,2016년 9월 23일 21시,금요일,울산광역시 남구 무거동,경상사고,0,0,1,0,차대사람 - 기타,안전운전불이행,건조,맑음,단일로 - 기타,이륜,남,24세,상해없음,보행자,남,18세,경상
2016092300100653,2016년 9월 23일 22시,금요일,울산광역시 중구 반구동,경상사고,0,0,1,0,차대사람 - 횡단중,안전운전불이행,건조,맑음,단일로 - 횡단보도부근,승합,여,40세,상해없음,보행자,남,17세,경상
2016092400100016,2016년 9월 24일 00시,토요일,울산광역시 동구 방어동,경상사고,0,0,1,0,차대차 - 추돌,안전운전불이행,건조,맑음,교차로 - 교차로부근,승용,남,36세,상해없음,승용,남,26세,경상
2016092400100017,2016년 9월 24일 00시,토요일,울산광역시 울주군 온산읍,부상신고사고,0,0,0,1,차대차 - 정면충돌,교차로운행방법위반,건조,맑음,교차로 - 교차로안,화물,남,43세,부상신고,특수,남,43세,상해없음
2016092400100045,2016년 9월 24일 02시,토요일,울산광역시 남구 달동,경상사고,0,0,2,0,차대차 - 추돌,안전운전불이행,건조,맑음,교차로 - 교차로안,승용,남,25세,상해없음,승용,남,49세,경상
2016092400100070,2016년 9월 24일 05시,토요일,울산광역시 남구 달동,경상사고,0,0,1,0,차대사람 - 횡단중,안전운전불이행,건조,맑음,교차로 - 교차로부근,승용,남,30세,상해없음,보행자,남,23세,경상
2016092400100158,2016년 9월 24일 09시,토요일,울산광역시 동구 방어동,중상사고,0,1,0,0,차대차 - 기타,직진우회전진행방해,건조,맑음,교차로 - 교차로안,승용,남,26세,상해없음,승합,남,50세,상해없음
2016092400100224,2016년 9월 24일 11시,토요일,울산광역시 중구 교동,경상사고,0,0,4,0,차대차 - 추돌,안전운전불이행,건조,맑음,단일로 - 기타,화물,남,46세,상해없음,승용,남,31세,경상
2016092400100300,2016년 9월 24일 13시,토요일,울산광역시 중구 옥교동,중상사고,0,1,1,0,차대차 - 추돌,안전운전불이행,건조,맑음,단일로 - 기타,승용,남,46세,상해없음,승용,남,66세,경상
2016092400100301,2016년 9월 24일 13시,토요일,울산광역시 중구 남외동,경상사고,0,0,1,1,차대차 - 측면직각충돌,안전거리미확보,건조,맑음,단일로 - 기타,승용,여,63세,부상신고,승용,여,27세,경상
2016092400100302,2016년 9월 24일 13시,토요일,울산광역시 남구 달동,경상사고,0,0,1,0,차대사람 - 횡단중,보행자보호의무위반,건조,맑음,교차로 - 교차로부근,승용,남,24세,상해없음,보행자,남,59세,경상
2016092400100416,2016년 9월 24일 16시,토요일,울산광역시 남구 신정동,중상사고,0,1,0,0,차대사람 - 횡단중,안전운전불이행,건조,맑음,교차로 - 교차로안,승용,여,40세,상해없음,보행자,여,58세,중상
2016092400100417,2016년 9월 24일 16시,토요일,울산광역시 남구 무거동,경상사고,0,0,1,0,차대차 - 추돌,안전운전불이행,건조,맑음,교차로 - 교차로안,승합,남,45세,상해없음,승용,여,40세,경상
2016092400100463,2016년 9월 24일 17시,토요일,울산광역시 북구 양정동,중상사고,0,1,0,0,차대사람 - 기타,안전운전불이행,건조,맑음,단일로 - 기타,자전거,남,33세,상해없음,보행자,여,51세,중상
2016092400100464,2016년 9월 24일 17시,토요일,울산광역시 울주군 언양읍,중상사고,0,1,1,4,차대차 - 측면충돌,안전거리미확보,건조,맑음,교차로 - 교차로부근,승용,남,56세,상해없음,승용,여,41세,중상
2016092400100508,2016년 9월 24일 18시,토요일,울산광역시 남구 옥동,경상사고,0,0,2,0,차대차 - 측면충돌,신호위반,건조,맑음,교차로 - 교차로부근,승용,남,63세,상해없음,승용,남,80세,경상
2016092400100545,2016년 9월 24일 19시,토요일,울산광역시 울주군 범서읍,경상사고,0,0,1,0,차대차 - 측면충돌,교차로운행방법위반,건조,맑음,교차로 - 교차로안,승용,여,40세,상해없음,승용,여,26세,경상
2016092400100582,2016년 9월 24일 20시,토요일,울산광역시 중구 남외동,경상사고,0,0,1,0,차대사람 - 기타,안전운전불이행,건조,맑음,단일로 - 기타,승용,여,46세,상해없음,보행자,남,42세,경상
2016092400100583,2016년 9월 24일 20시,토요일,울산광역시 남구 삼산동,경상사고,0,0,1,0,차대차 - 측면충돌,안전운전불이행,건조,맑음,교차로 - 교차로부근,승용,여,31세,상해없음,승용,남,42세,경상
2016092400100584,2016년 9월 24일 20시,토요일,울산광역시 남구 신정동,중상사고,0,1,1,0,차대차 - 측면충돌,신호위반,건조,맑음,교차로 - 교차로안,승용,여,67세,상해없음,승용,남,48세,중상
2016092400100608,2016년 9월 24일 21시,토요일,울산광역시 남구 삼산동,중상사고,0,1,0,0,차대차 - 기타,안전운전불이행,기타,맑음,교차로 - 교차로부근,자전거,남,15세,중상,승용,남,56세,상해없음
2016092500100072,2016년 9월 25일 05시,일요일,울산광역시 남구 신정동,중상사고,0,1,0,0,차대차 - 측면충돌,안전운전불이행,건조,맑음,단일로 - 기타,승용,남,72세,상해없음,이륜,남,22세,중상
2016092500100094,2016년 9월 25일 07시,일요일,울산광역시 울주군 범서읍,경상사고,0,0,1,0,차대차 - 추돌,안전거리미확보,건조,맑음,단일로 - 기타,승용,여,34세,상해없음,승용,남,42세,경상
2016092500100128,2016년 9월 25일 09시,일요일,울산광역시 남구 무거동,사망사고,1,0,0,0,차량단독 - 전도전복,안전운전불이행,건조,맑음,단일로 - 기타,자전거,남,62세,사망,,,,
2016092500100268,2016년 9월 25일 14시,일요일,울산광역시 중구 복산동,부상신고사고,0,0,0,1,차대차 - 기타,안전운전불이행,건조,맑음,교차로 - 교차로안,이륜,여,73세,부상신고,승용,여,51세,상해없음
2016092500100269,2016년 9월 25일 14시,일요일,울산광역시 남구 달동,경상사고,0,0,2,0,차대차 - 측면직각충돌,안전거리미확보,건조,맑음,단일로 - 기타,승용,남,60세,상해없음,승용,남,47세,경상
2016092500100310,2016년 9월 25일 15시,일요일,울산광역시 남구 부곡동,경상사고,0,0,1,0,차대차 - 측면충돌,중앙선침범,건조,맑음,교차로 - 교차로부근,승용,남,58세,상해없음,승용,여,51세,경상
2016092500100341,2016년 9월 25일 16시,일요일,울산광역시 중구 태화동,경상사고,0,0,1,0,차대사람 - 횡단중,보행자보호의무위반,건조,맑음,단일로 - 횡단보도상,원동기,여,45세,상해없음,보행자,여,33세,경상
2016092500100359,2016년 9월 25일 17시,일요일,울산광역시 남구 여천동,중상사고,0,1,1,0,차대차 - 측면충돌,안전운전불이행,건조,맑음,단일로 - 기타,원동기,남,45세,중상,승용,남,57세,경상
2016092500100360,2016년 9월 25일 17시,일요일,울산광역시 남구 무거동,중상사고,0,1,0,0,차대사람 - 기타,안전운전불이행,건조,맑음,단일로 - 기타,승합,남,41세,상해없음,보행자,여,70세,중상
2016092500100399,2016년 9월 25일 18시,일요일,울산광역시 남구 무거동,경상사고,0,0,1,0,차대차 - 측면충돌,중앙선침범,건조,맑음,단일로 - 기타,승용,기타불명,기타불명,기타불명,승용,남,64세,경상
2016092500100400,2016년 9월 25일 18시,일요일,울산광역시 울주군 청량면,경상사고,0,0,1,0,차대차 - 기타,신호위반,건조,흐림,교차로 - 교차로안,승용,여,62세,상해없음,승용,남,57세,상해없음
2016092500100440,2016년 9월 25일 19시,일요일,울산광역시 중구 반구동,중상사고,0,1,1,1,차대차 - 측면직각충돌,교차로운행방법위반,건조,맑음,교차로 - 교차로안,이륜,남,17세,부상신고,화물,남,54세,경상
2016092500100441,2016년 9월 25일 19시,일요일,울산광역시 남구 삼산동,경상사고,0,0,1,0,차대차 - 정면충돌,안전운전불이행,건조,맑음,교차로 - 교차로부근,승용,남,57세,상해없음,승용,남,51세,경상
2016092600100026,2016년 9월 26일 04시,월요일,울산광역시 중구 학산동,경상사고,0,0,3,0,차대차 - 측면직각충돌,안전거리미확보,건조,맑음,단일로 - 기타,이륜,남,16세,경상,승용,남,63세,경상
2016092600100035,2016년 9월 26일 05시,월요일,울산광역시 중구 학성동,경상사고,0,0,1,1,차대차 - 측면충돌,안전운전불이행,건조,맑음,단일로 - 기타,이륜,남,18세,부상신고,승용,남,36세,상해없음
2016092600100121,2016년 9월 26일 08시,월요일,울산광역시 울주군 범서읍,중상사고,0,1,1,1,차대차 - 추돌,안전거리미확보,건조,맑음,단일로 - 기타,화물,남,53세,상해없음,승용,남,60세,부상신고
2016092600100156,2016년 9월 26일 09시,월요일,울산광역시 울주군 온산읍,중상사고,0,1,0,0,차대차 - 기타,차로위반,건조,맑음,단일로 - 기타,승용,남,50세,상해없음,이륜,남,30세,중상
2016092600100288,2016년 9월 26일 13시,월요일,울산광역시 중구 다운동,경상사고,0,0,1,0,차대차 - 측면직각충돌,신호위반,건조,맑음,교차로 - 교차로안,화물,남,53세,기타불명,승용,여,54세,경상
2016092600100360,2016년 9월 26일 15시,월요일,울산광역시 북구 진장동,부상신고사고,0,0,0,1,차대차 - 측면직각충돌,안전운전불이행,건조,맑음,교차로 - 교차로부근,이륜,남,36세,부상신고,승용,남,59세,상해없음
2016092600100487,2016년 9월 26일 18시,월요일,울산광역시 북구 달천동,중상사고,0,1,1,0,차대차 - 측면직각충돌,신호위반,습기,비,교차로 - 교차로안,이륜,남,38세,중상,승용,남,19세,경상
2016092600100544,2016년 9월 26일 19시,월요일,울산광역시 중구 남외동,경상사고,0,0,1,0,차대사람 - 횡단중,보행자보호의무위반,습기,비,단일로 - 횡단보도상,이륜,남,17세,상해없음,보행자,남,69세,경상
2016092600100581,2016년 9월 26일 20시,월요일,울산광역시 북구 명촌동,경상사고,0,0,2,0,차대차 - 추돌,안전운전불이행,건조,맑음,단일로 - 기타,승용,남,55세,상해없음,화물,남,53세,경상
2016092700100063,2016년 9월 27일 06시,화요일,울산광역시 남구 부곡동,경상사고,0,0,1,0,차대차 - 측면직각충돌,안전거리미확보,건조,맑음,단일로 - 기타,승용,남,65세,상해없음,원동기,남,32세,경상
2016092700100092,2016년 9월 27일 07시,화요일,울산광역시 남구 야음동,중상사고,0,1,0,0,차대사람 - 횡단중,안전운전불이행,건조,맑음,교차로 - 교차로안,승용,남,53세,상해없음,보행자,여,16세,중상
2016092700100204,2016년 9월 27일 10시,화요일,울산광역시 중구 복산동,경상사고,0,0,4,1,차대차 - 측면충돌,안전운전불이행,건조,맑음,교차로 - 교차로안,승용,여,44세,경상,승용,여,45세,경상
2016092700100232,2016년 9월 27일 11시,화요일,울산광역시 울주군 청량면,경상사고,0,0,2,0,차대차 - 추돌,안전운전불이행,습기,비,교차로 - 교차로부근,승용,남,49세,상해없음,승용,남,45세,경상
2016092700100271,2016년 9월 27일 12시,화요일,울산광역시 남구 달동,경상사고,0,0,1,0,차대차 - 기타,안전운전불이행,건조,맑음,교차로 - 교차로안,승용,여,55세,상해없음,승용,여,52세,경상
2016092700100313,2016년 9월 27일 13시,화요일,울산광역시 남구 야음동,중상사고,0,1,0,0,차대차 - 측면충돌,신호위반,건조,맑음,교차로 - 교차로안,승용,남,25세,상해없음,자전거,남,73세,중상
2016092700100341,2016년 9월 27일 14시,화요일,울산광역시 중구 성남동,중상사고,0,1,0,0,차대사람 - 횡단중,보행자보호의무위반,건조,맑음,단일로 - 횡단보도상,승용,남,57세,상해없음,보행자,여,67세,중상
2016092700100424,2016년 9월 27일 16시,화요일,울산광역시 중구 옥교동,중상사고,0,1,0,0,차대차 - 측면충돌,안전운전불이행,건조,맑음,단일로 - 기타,자전거,남,49세,중상,승용,남,65세,상해없음
2016092700100425,2016년 9월 27일 16시,화요일,울산광역시 울주군 웅촌면,경상사고,0,0,1,0,차대차 - 기타,안전운전불이행,건조,흐림,교차로 - 교차로부근,화물,남,48세,상해없음,화물,남,68세,경상
2016092700100694,2016년 9월 27일 22시,화요일,울산광역시 동구 일산동,부상신고사고,0,0,0,1,차대사람 - 횡단중,안전운전불이행,건조,맑음,단일로 - 기타,자전거,남,16세,상해없음,보행자,남,55세,부상신고
2016092800100162,2016년 9월 28일 08시,수요일,울산광역시 중구 교동,경상사고,0,0,4,1,차대차 - 측면충돌,안전거리미확보,건조,맑음,단일로 - 기타,승용,여,25세,경상,승용,남,31세,경상
2016092800100241,2016년 9월 28일 11시,수요일,울산광역시 동구 일산동,경상사고,0,0,1,0,차대사람 - 기타,안전운전불이행,습기,비,단일로 - 기타,이륜,남,59세,상해없음,보행자,남,62세,경상
2016092800100270,2016년 9월 28일 12시,수요일,울산광역시 울주군 청량면,경상사고,0,0,1,0,차대차 - 추돌,안전거리미확보,습기,비,단일로 - 기타,승용,여,42세,경상,승합,남,58세,상해없음
2016092800100440,2016년 9월 28일 17시,수요일,울산광역시 북구 신천동,경상사고,0,0,1,0,차대사람 - 기타,안전운전불이행,습기,비,교차로 - 교차로안,승용,남,50세,상해없음,보행자,남,14세,경상
2016092800100441,2016년 9월 28일 17시,수요일,울산광역시 중구 성남동,경상사고,0,0,1,0,차대차 - 추돌,안전운전불이행,건조,맑음,단일로 - 기타,승용,남,64세,상해없음,승용,여,39세,경상
2016092800100442,2016년 9월 28일 17시,수요일,울산광역시 남구 신정동,중상사고,0,1,0,0,차대차 - 측면직각충돌,차로위반,습기,비,교차로 - 교차로부근,승용,여,49세,상해없음,승용,남,60세,중상
2016092800100443,2016년 9월 28일 17시,수요일,울산광역시 동구 방어동,중상사고,0,1,0,0,차대차 - 측면직각충돌,직진우회전진행방해,습기,비,교차로 - 교차로안,승용,여,37세,상해없음,자전거,남,12세,중상
2016092800100444,2016년 9월 28일 17시,수요일,울산광역시 울주군 온양읍,중상사고,0,1,0,0,차대차 - 추돌,안전운전불이행,습기,비,단일로 - 기타,승용,남,51세,상해없음,승용,남,69세,중상
2016092800100493,2016년 9월 28일 18시,수요일,울산광역시 북구 창평동,경상사고,0,0,1,0,차대차 - 기타,교차로운행방법위반,건조,맑음,교차로 - 교차로안,승용,남,46세,상해없음,승용,여,49세,경상
2016092800100494,2016년 9월 28일 18시,수요일,울산광역시 울주군 청량면,경상사고,0,0,2,0,차대차 - 추돌,안전거리미확보,습기,비,교차로 - 교차로부근,승용,여,27세,경상,승용,여,27세,경상
2016092800100495,2016년 9월 28일 18시,수요일,울산광역시 울주군 청량면,경상사고,0,0,3,0,차대차 - 추돌,안전거리미확보,습기,비,단일로 - 기타,승용,남,23세,상해없음,승용,여,48세,경상
2016092800100536,2016년 9월 28일 19시,수요일,울산광역시 남구 달동,경상사고,0,0,1,0,차대차 - 추돌,안전거리미확보,습기,비,교차로 - 교차로부근,승용,여,20세,상해없음,승용,남,59세,경상
2016092800100575,2016년 9월 28일 20시,수요일,울산광역시 울주군 언양읍,중상사고,0,1,0,0,차대차 - 추돌,안전운전불이행,습기,비,교차로 - 교차로부근,승용,남,56세,중상,승용,남,53세,상해없음
2016092900100012,2016년 9월 29일 00시,목요일,울산광역시 동구 방어동,경상사고,0,0,4,0,차대차 - 추돌,안전운전불이행,습기,비,단일로 - 기타,승용,남,57세,상해없음,승용,남,40세,기타불명
2016092900100013,2016년 9월 29일 00시,목요일,울산광역시 울주군 삼남면,부상신고사고,0,0,0,1,차량단독 - 전도전복,안전운전불이행,습기,비,단일로 - 기타,승용,남,37세,상해없음,,,,
2016092900100028,2016년 9월 29일 01시,목요일,울산광역시 남구 삼산동,경상사고,0,0,2,0,차대사람 - 횡단중,보행자보호의무위반,습기,비,교차로 - 교차로안,승용,남,45세,상해없음,보행자,남,52세,경상
2016092900100159,2016년 9월 29일 08시,목요일,울산광역시 동구 전하동,경상사고,0,0,1,0,차대사람 - 길가장자리구역통행중,안전운전불이행,건조,맑음,교차로 - 교차로부근,기타불명,기타불명,기타불명,기타불명,보행자,남,7세,경상
2016092900100233,2016년 9월 29일 10시,목요일,울산광역시 중구 반구동,경상사고,0,0,1,0,차대차 - 측면직각충돌,안전거리미확보,습기,비,단일로 - 기타,승용,여,58세,상해없음,승용,여,46세,경상
2016092900100265,2016년 9월 29일 11시,목요일,울산광역시 울주군 범서읍,중상사고,0,1,5,0,차대차 - 정면충돌,중앙선침범,건조,흐림,단일로 - 기타,승용,여,37세,경상,승용,여,36세,중상
2016092900100293,2016년 9월 29일 12시,목요일,울산광역시 울주군 온산읍,경상사고,0,0,2,1,차대차 - 측면충돌,직진우회전진행방해,건조,맑음,교차로 - 교차로안,승용,남,35세,부상신고,화물,남,47세,경상
2016092900100435,2016년 9월 29일 16시,목요일,울산광역시 중구 교동,중상사고,0,1,0,1,차량단독 - 공작물충돌,안전운전불이행,건조,맑음,단일로 - 기타,이륜,남,16세,부상신고,,,,
2016092900100463,2016년 9월 29일 17시,목요일,울산광역시 북구 연암동,경상사고,0,0,1,0,차대사람 - 차도통행중,안전운전불이행,건조,맑음,단일로 - 기타,승합,남,41세,상해없음,보행자,여,65세,경상
2016092900100538,2016년 9월 29일 19시,목요일,울산광역시 북구 매곡동,경상사고,0,0,1,0,차대차 - 추돌,안전운전불이행,건조,맑음,단일로 - 기타,승용,남,65세,상해없음,승합,남,51세,경상
2016092900100539,2016년 9월 29일 19시,목요일,울산광역시 북구 효문동,경상사고,0,0,4,0,차대차 - 기타,안전운전불이행,건조,맑음,단일로 - 기타,승용,남,65세,경상,승용,남,36세,경상
2016092900100540,2016년 9월 29일 19시,목요일,울산광역시 동구 방어동,경상사고,0,0,1,0,차대사람 - 기타,안전운전불이행,건조,맑음,교차로 - 교차로부근,승용,여,51세,상해없음,보행자,남,43세,경상
2016092900100575,2016년 9월 29일 20시,목요일,울산광역시 북구 산하동,경상사고,0,0,3,0,차대차 - 기타,교차로운행방법위반,건조,맑음,교차로 - 교차로안,승용,여,28세,상해없음,승합,남,60세,경상
2016093000100040,2016년 9월 30일 02시,금요일,울산광역시 북구 명촌동,경상사고,0,0,1,0,차대사람 - 기타,안전운전불이행,건조,맑음,단일로 - 기타,승용,남,47세,상해없음,보행자,남,35세,경상
2016093000100046,2016년 9월 30일 03시,금요일,울산광역시 동구 화정동,경상사고,0,0,1,0,차대차 - 기타,안전운전불이행,건조,맑음,교차로 - 교차로부근,승용,여,61세,상해없음,승용,남,51세,경상
2016093000100069,2016년 9월 30일 05시,금요일,울산광역시 중구 학성동,사망사고,1,0,0,0,차대사람 - 횡단중,보행자보호의무위반,습기,비,단일로 - 횡단보도상,승용,남,62세,상해없음,보행자,여,83세,사망
2016093000100195,2016년 9월 30일 09시,금요일,울산광역시 북구 연암동,중상사고,0,1,0,0,차대차 - 기타,안전운전불이행,건조,맑음,교차로 - 교차로안,승용,남,61세,상해없음,자전거,남,50세,중상
2016093000100224,2016년 9월 30일 10시,금요일,울산광역시 울주군 상북면,부상신고사고,0,0,0,1,차량단독 - 전도전복,안전운전불이행,습기,흐림,단일로 - 기타,화물,남,35세,부상신고,,,,
2016093000100345,2016년 9월 30일 14시,금요일,울산광역시 울주군 온산읍,중상사고,0,1,0,0,차량단독 - 전도전복,안전운전불이행,습기,비,단일로 - 기타,화물,남,48세,중상,,,,
2016093000100352,2016년 9월 30일 15시,금요일,울산광역시 울주군 청량면,경상사고,0,0,1,0,차대차 - 측면직각충돌,안전거리미확보,건조,맑음,단일로 - 기타,승용,여,45세,상해없음,화물,남,45세,경상
2016093000100378,2016년 9월 30일 15시,금요일,울산광역시 중구 반구동,경상사고,0,0,1,0,차대사람 - 길가장자리구역통행중,안전운전불이행,습기,흐림,단일로 - 기타,승용,여,23세,상해없음,보행자,남,25세,경상
2016093000100420,2016년 9월 30일 16시,금요일,울산광역시 동구 일산동,중상사고,0,1,0,0,차대차 - 추돌,안전거리미확보,건조,맑음,교차로 - 교차로안,승용,여,27세,상해없음,승용,남,33세,중상
2016093000100573,2016년 9월 30일 19시,금요일,울산광역시 북구 효문동,경상사고,0,0,2,0,차대차 - 추돌,안전운전불이행,건조,흐림,단일로 - 교량,승용,남,58세,상해없음,승용,남,44세,경상
2016093000100574,2016년 9월 30일 19시,금요일,울산광역시 남구 삼산동,경상사고,0,0,1,0,차대사람 - 횡단중,보행자보호의무위반,습기,비,교차로 - 교차로안,승용,남,28세,기타불명,보행자,남,58세,경상
2016093000100698,2016년 9월 30일 22시,금요일,울산광역시 북구 연암동,경상사고,0,0,2,0,차대차 - 측면충돌,안전운전불이행,습기,비,단일로 - 기타,기타불명,기타불명,기타불명,기타불명,승용,여,28세,경상
2016093000100727,2016년 9월 30일 23시,금요일,울산광역시 남구 신정동,경상사고,0,0,1,0,차대사람 - 기타,안전운전불이행,습기,비,단일로 - 기타,승용,남,34세,상해없음,보행자,남,49세,경상