사고번호,사고일시,요일,시군구,사고내용,사망자수,중상자수,경상자수,부상신고자수,사고유형,법규위반,노면상태,기상상태,도로형태,가해운전자 차종,가해운전자 성별,가해운전자 연령,가해운전자 상해정도,피해운전자 차종,피해운전자 성별,피해운전자 연령,피해운전자 상해정도
2016093000100728,2016년 9월 30일 23시,금요일,울산광역시 남구 신정동,부상신고사고,0,0,0,1,차대사람 - 횡단중,안전운전불이행,습기,비,단일로 - 기타,승용,남,34세,상해없음,보행자,남,36세,부상신고
2016100100100136,2016년 10월 1일 06시,토요일,울산광역시 울주군 온산읍,경상사고,0,0,1,0,차대차 - 정면충돌,안전운전불이행,건조,맑음,교차로 - 교차로안,화물,남,35세,경상,승용,남,49세,상해없음
2016100100100152,2016년 10월 1일 07시,토요일,울산광역시 남구 달동,중상사고,0,1,0,0,차대차 - 측면충돌,안전운전불이행,건조,맑음,교차로 - 교차로안,승용,남,40세,기타불명,이륜,남,61세,중상
2016100100100177,2016년 10월 1일 08시,토요일,울산광역시 중구 서동,경상사고,0,0,1,0,차대차 - 측면직각충돌,신호위반,건조,흐림,교차로 - 교차로안,승용,남,44세,상해없음,승용,남,24세,경상
2016100100100364,2016년 10월 1일 14시,토요일,울산광역시 울주군 온양읍,경상사고,0,0,1,0,차대사람 - 횡단중,안전운전불이행,건조,맑음,교차로 - 교차로안,승용,여,27세,상해없음,보행자,여,69세,경상
2016100100100502,2016년 10월 1일 18시,토요일,울산광역시 중구 다운동,중상사고,0,3,1,0,차대차 - 정면충돌,안전운전불이행,건조,맑음,교차로 - 교차로안,승용,여,52세,경상,승용,남,28세,중상
2016100100100612,2016년 10월 1일 21시,토요일,울산광역시 북구 천곡동,경상사고,0,0,1,0,차대사람 - 횡단중,보행자보호의무위반,건조,맑음,교차로 - 교차로부근,승합,남,30세,상해없음,보행자,여,38세,경상
2016100200100092,2016년 10월 2일 06시,일요일,울산광역시 남구 옥동,경상사고,0,0,1,0,차대차 - 추돌,안전운전불이행,건조,맑음,단일로 - 기타,승용,남,36세,상해없음,승용,남,50세,기타불명
2016100200100104,2016년 10월 2일 07시,일요일,울산광역시 중구 성안동,중상사고,0,2,0,0,차대차 - 정면충돌,중앙선침범,습기,흐림,교차로 - 교차로부근,승용,남,24세,상해없음,승용,남,39세,중상
2016100200100245,2016년 10월 2일 13시,일요일,울산광역시 중구 태화동,경상사고,0,0,1,0,차대차 - 기타,안전운전불이행,건조,맑음,교차로 - 교차로안,승용,남,42세,상해없음,자전거,남,58세,경상
2016100300100046,2016년 10월 3일 02시,월요일,울산광역시 중구 복산동,중상사고,0,2,0,0,차대차 - 추돌,안전운전불이행,건조,맑음,단일로 - 기타,승용,남,27세,상해없음,승용,남,28세,중상
2016100300100047,2016년 10월 3일 02시,월요일,울산광역시 동구 화정동,경상사고,0,0,2,0,차대차 - 기타,안전운전불이행,건조,맑음,교차로 - 교차로안,승용,남,48세,상해없음,승용,남,62세,경상
2016100300100171,2016년 10월 3일 10시,월요일,울산광역시 울주군 온양읍,경상사고,0,0,1,0,차대차 - 기타,안전운전불이행,건조,맑음,단일로 - 기타,승용,여,61세,상해없음,승합,남,60세,경상
2016100300100359,2016년 10월 3일 16시,월요일,울산광역시 남구 삼산동,부상신고사고,0,0,0,1,차대차 - 측면충돌,교차로운행방법위반,건조,맑음,교차로 - 교차로안,이륜,남,58세,부상신고,자전거,남,71세,상해없음
2016100300100463,2016년 10월 3일 19시,월요일,울산광역시 남구 무거동,경상사고,0,0,2,0,차대차 - 측면직각충돌,차로위반,건조,맑음,교차로 - 교차로안,승용,남,41세,상해없음,승용,여,36세,경상
2016100300100464,2016년 10월 3일 19시,월요일,울산광역시 울주군 온산읍,중상사고,0,2,1,0,차대차 - 측면직각충돌,신호위반,건조,맑음,교차로 - 교차로안,승용,여,34세,경상,승용,여,49세,중상
2016100300100504,2016년 10월 3일 20시,월요일,울산광역시 남구 신정동,경상사고,0,0,1,0,차대사람 - 기타,안전운전불이행,건조,맑음,단일로 - 기타,승용,남,28세,상해없음,보행자,여,56세,경상
2016100400100069,2016년 10월 4일 06시,화요일,울산광역시 남구 야음동,부상신고사고,0,0,0,1,차대차 - 측면충돌,안전거리미확보,건조,맑음,교차로 - 교차로안,이륜,남,80세,부상신고,승용,여,55세,상해없음
2016100400100106,2016년 10월 4일 07시,화요일,울산광역시 남구 옥동,경상사고,0,0,1,0,차대차 - 측면충돌,중앙선침범,건조,맑음,교차로 - 교차로안,승용,여,59세,상해없음,승용,여,35세,경상
2016100400100158,2016년 10월 4일 08시,화요일,울산광역시 동구 방어동,경상사고,0,0,1,0,차량단독 - 전도전복,안전운전불이행,건조,맑음,단일로 - 기타,이륜,남,50세,경상,,,,
2016100400100195,2016년 10월 4일 09시,화요일,울산광역시 동구 화정동,중상사고,0,1,0,0,차대사람 - 횡단중,보행자보호의무위반,건조,맑음,교차로 - 교차로안,승용,남,71세,상해없음,보행자,여,31세,중상
2016100400100327,2016년 10월 4일 13시,화요일,울산광역시 북구 상안동,중상사고,0,2,1,0,차대차 - 측면직각충돌,교차로운행방법위반,건조,맑음,단일로 - 기타,승용,남,76세,상해없음,승용,남,42세,중상
2016100400100530,2016년 10월 4일 18시,화요일,울산광역시 중구 유곡동,경상사고,0,0,4,1,차대차 - 추돌,안전거리미확보,습기,비,단일로 - 기타,승용,여,26세,부상신고,승용,여,32세,경상
2016100400100590,2016년 10월 4일 19시,화요일,울산광역시 남구 야음동,중상사고,0,1,0,0,차대차 - 측면충돌,안전운전불이행,건조,맑음,교차로 - 교차로부근,승용,남,63세,상해없음,원동기,여,48세,중상
2016100400100613,2016년 10월 4일 20시,화요일,울산광역시 울주군 범서읍,경상사고,0,0,1,0,차대차 - 측면충돌,안전거리미확보,건조,맑음,단일로 - 기타,승용,여,52세,상해없음,승용,남,41세,경상
2016100400100642,2016년 10월 4일 21시,화요일,울산광역시 북구 송정동,경상사고,0,0,1,0,차대차 - 측면충돌,기타,습기,비,단일로 - 기타,승용,여,42세,상해없음,승용,남,39세,경상
2016100400100668,2016년 10월 4일 22시,화요일,울산광역시 중구 우정동,중상사고,0,1,0,0,차대사람 - 횡단중,안전운전불이행,건조,맑음,교차로 - 교차로안,승용,여,49세,상해없음,보행자,여,66세,중상
2016100500100019,2016년 10월 5일 00시,수요일,울산광역시 동구 전하동,경상사고,0,0,1,0,차대차 - 측면직각충돌,기타,건조,맑음,교차로 - 교차로안,이륜,남,23세,상해없음,승용,남,62세,상해없음
2016100500100029,2016년 10월 5일 01시,수요일,울산광역시 남구 달동,중상사고,0,1,0,0,차대차 - 기타,안전운전불이행,습기,비,교차로 - 교차로부근,승용,남,65세,상해없음,승용,여,55세,중상
2016100500100030,2016년 10월 5일 01시,수요일,울산광역시 울주군 서생면,중상사고,0,2,1,0,차대차 - 정면충돌,중앙선침범,건조,맑음,단일로 - 기타,승용,남,38세,경상,승용,여,53세,중상
2016100500100040,2016년 10월 5일 02시,수요일,울산광역시 중구 반구동,경상사고,0,0,2,0,차대차 - 측면충돌,안전운전불이행,건조,맑음,단일로 - 기타,이륜,남,23세,경상,승용,남,39세,상해없음
2016100500100170,2016년 10월 5일 08시,수요일,울산광역시 울주군 온산읍,중상사고,0,1,0,0,차대사람 - 차도통행중,안전운전불이행,습기,비,단일로 - 기타,승용,여,52세,상해없음,보행자,남,60세,중상
2016100500100309,2016년 10월 5일 13시,수요일,울산광역시 중구 우정동,중상사고,0,1,0,0,차대차 - 측면직각충돌,안전거리미확보,습기,흐림,교차로 - 교차로부근,승용,남,58세,상해없음,승용,남,70세,중상
2016100500100310,2016년 10월 5일 13시,수요일,울산광역시 울주군 온양읍,경상사고,0,0,2,0,차대차 - 추돌,안전운전불이행,습기,비,단일로 - 기타,화물,남,44세,상해없음,승용,여,46세,경상
2016100500100345,2016년 10월 5일 14시,수요일,울산광역시 울주군 온양읍,경상사고,0,0,1,0,차대차 - 정면충돌,중앙선침범,습기,비,단일로 - 기타,화물,남,63세,상해없음,화물,남,62세,경상
2016100500100385,2016년 10월 5일 15시,수요일,울산광역시 남구 달동,중상사고,0,1,0,0,차대사람 - 보도통행중,보행자보호의무위반,건조,맑음,교차로 - 교차로부근,승용,여,25세,기타불명,보행자,여,7세,중상
2016100500100472,2016년 10월 5일 17시,수요일,울산광역시 울주군 범서읍,중상사고,0,1,0,0,차대차 - 측면직각충돌,교차로운행방법위반,건조,맑음,단일로 - 기타,승용,남,58세,상해없음,승용,여,58세,중상
2016100500100526,2016년 10월 5일 18시,수요일,울산광역시 중구 약사동,경상사고,0,0,2,0,차대차 - 추돌,안전운전불이행,건조,맑음,단일로 - 기타,승용,남,55세,상해없음,승용,남,33세,경상
2016100500100605,2016년 10월 5일 20시,수요일,울산광역시 남구 달동,중상사고,0,1,0,0,차대사람 - 횡단중,보행자보호의무위반,건조,맑음,교차로 - 교차로부근,승용,남,61세,상해없음,보행자,남,18세,중상
2016100600100019,2016년 10월 6일 00시,목요일,울산광역시 울주군 범서읍,경상사고,0,0,4,0,차대차 - 추돌,중앙선침범,건조,맑음,단일로 - 기타,승용,여,34세,상해없음,화물,남,55세,경상
2016100600100152,2016년 10월 6일 08시,목요일,울산광역시 남구 무거동,중상사고,0,3,2,0,차대차 - 측면충돌,중앙선침범,건조,맑음,단일로 - 기타,승용,남,42세,경상,승용,여,47세,경상
2016100600100243,2016년 10월 6일 11시,목요일,울산광역시 북구 진장동,중상사고,0,1,0,0,차대차 - 추돌,안전운전불이행,건조,맑음,교차로 - 교차로부근,이륜,남,26세,중상,승용,남,68세,상해없음
2016100600100348,2016년 10월 6일 14시,목요일,울산광역시 북구 명촌동,경상사고,0,0,1,0,차대차 - 추돌,안전거리미확보,건조,맑음,단일로 - 기타,승용,남,37세,상해없음,승합,남,41세,경상
2016100600100433,2016년 10월 6일 16시,목요일,울산광역시 남구 신정동,경상사고,0,0,1,0,차대차 - 측면직각충돌,신호위반,건조,맑음,교차로 - 교차로부근,이륜,남,26세,상해없음,승용,여,49세,경상
2016100600100471,2016년 10월 6일 17시,목요일,울산광역시 북구 천곡동,경상사고,0,0,1,0,차대사람 - 횡단중,보행자보호의무위반,건조,맑음,단일로 - 횡단보도상,승합,남,42세,상해없음,보행자,여,8세,경상
2016100600100524,2016년 10월 6일 18시,목요일,울산광역시 중구 남외동,경상사고,0,0,1,0,차대차 - 측면충돌,안전운전불이행,건조,맑음,단일로 - 횡단보도상,승용,남,66세,상해없음,자전거,여,24세,경상
2016100600100571,2016년 10월 6일 19시,목요일,울산광역시 남구 야음동,중상사고,0,1,0,0,차대차 - 측면충돌,신호위반,건조,맑음,교차로 - 교차로안,화물,남,50세,상해없음,승용,남,25세,중상
2016100600100572,2016년 10월 6일 19시,목요일,울산광역시 남구 삼산동,경상사고,0,0,1,0,차대차 - 기타,안전운전불이행,건조,맑음,단일로 - 기타,기타불명,기타불명,기타불명,기타불명,승용,남,47세,경상
2016100600100573,2016년 10월 6일 19시,목요일,울산광역시 남구 무거동,중상사고,0,1,0,0,차대사람 - 횡단중,보행자보호의무위반,건조,맑음,단일로 - 기타,승용,여,52세,상해없음,보행자,여,16세,중상
2016100600100616,2016년 10월 6일 20시,목요일,울산광역시 중구 성남동,경상사고,0,0,1,0,차대차 - 추돌,기타,건조,맑음,단일로 - 기타,승용,남,22세,상해없음,승용,남,25세,상해없음
2016100600100663,2016년 10월 6일 22시,목요일,울산광역시 동구 서부동,경상사고,0,0,2,0,차대차 - 측면충돌,신호위반,건조,맑음,교차로 - 교차로안,이륜,남,18세,상해없음,이륜,남,40세,경상
2016100600100683,2016년 10월 6일 23시,목요일,울산광역시 동구 서부동,중상사고,0,1,0,0,차대차 - 정면충돌,중앙선침범,건조,맑음,단일로 - 기타,원동기,남,48세,상해없음,원동기,남,17세,중상
2016100700100081,2016년 10월 7일 06시,금요일,울산광역시 동구 화정동,중상사고,0,1,0,0,차대사람 - 횡단중,안전운전불이행,건조,맑음,교차로 - 교차로안,승용,남,30세,상해없음,보행자,여,80세,중상
2016100700100194,2016년 10월 7일 09시,금요일,울산광역시 남구 옥동,경상사고,0,0,1,0,차대사람 - 기타,안전운전불이행,건조,맑음,기타 - 기타,승용,남,75세,상해없음,보행자,여,39세,경상
2016100700100228,2016년 10월 7일 10시,금요일,울산광역시 북구 신천동,중상사고,0,1,0,0,차대차 - 측면직각충돌,신호위반,건조,맑음,교차로 - 교차로안,이륜,남,65세,상해없음,자전거,남,73세,중상
2016100700100352,2016년 10월 7일 14시,금요일,울산광역시 울주군 두동면,경상사고,0,0,2,0,차대차 - 측면충돌,중앙선침범,건조,맑음,교차로 - 교차로안,승용,여,44세,상해없음,승용,남,62세,경상
2016100700100398,2016년 10월 7일 15시,금요일,울산광역시 남구 신정동,부상신고사고,0,0,0,1,차대차 - 측면충돌,안전운전불이행,건조,맑음,교차로 - 교차로부근,자전거,남,63세,부상신고,화물,남,35세,상해없음
2016100700100556,2016년 10월 7일 18시,금요일,울산광역시 동구 전하동,경상사고,0,0,1,0,차대차 - 기타,안전거리미확보,습기,비,교차로 - 교차로부근,기타불명,기타불명,기타불명,기타불명,원동기,남,42세,경상
2016100700100638,2016년 10월 7일 19시,금요일,울산광역시 남구 신정동,경상사고,0,0,1,0,차대차 - 측면충돌,직진우회전진행방해,습기,비,교차로 - 교차로안,승용,여,49세,상해없음,승용,남,29세,경상
2016100700100746,2016년 10월 7일 21시,금요일,울산광역시 중구 복산동,경상사고,0,0,5,0,차대차 - 측면직각충돌,차로위반,습기,비,단일로 - 기타,승용,남,49세,상해없음,승용,남,36세,경상
2016100700100787,2016년 10월 7일 22시,금요일,울산광역시 북구 매곡동,중상사고,0,1,0,0,차대사람 - 기타,중앙선침범,습기,흐림,단일로 - 기타,승용,여,31세,상해없음,보행자,여,22세,중상
2016100700100788,2016년 10월 7일 22시,금요일,울산광역시 남구 무거동,중상사고,0,1,0,0,차대사람 - 횡단중,안전운전불이행,건조,맑음,교차로 - 교차로부근,이륜,남,27세,상해없음,보행자,여,26세,중상
2016100700100789,2016년 10월 7일 22시,금요일,울산광역시 남구 야음동,경상사고,0,0,2,0,차대차 - 측면충돌,신호위반,건조,맑음,교차로 - 교차로안,승용,남,41세,상해없음,승용,남,61세,경상
2016100800100184,2016년 10월 8일 05시,토요일,울산광역시 중구 남외동,경상사고,0,0,1,0,차대사람 - 횡단중,보행자보호의무위반,습기,비,단일로 - 횡단보도상,승합,남,39세,상해없음,보행자,남,64세,경상
2016100800100200,2016년 10월 8일 06시,토요일,울산광역시 울주군 범서읍,부상신고사고,0,0,0,1,차대차 - 측면직각충돌,안전운전불이행,습기,비,교차로 - 교차로안,기타불명,기타불명,기타불명,기타불명,이륜,남,35세,부상신고
2016100800100282,2016년 10월 8일 09시,토요일,울산광역시 중구 태화동,경상사고,0,0,1,0,차대사람 - 차도통행중,신호위반,건조,맑음,교차로 - 교차로안,승용,남,48세,상해없음,보행자,남,19세,경상
2016100800100341,2016년 10월 8일 11시,토요일,울산광역시 남구 두왕동,경상사고,0,0,2,0,차대차 - 측면충돌,안전운전불이행,기타,기타,단일로 - 기타,화물,남,47세,상해없음,승용,남,55세,경상
2016100800100520,2016년 10월 8일 16시,토요일,울산광역시 남구 신정동,중상사고,0,1,2,0,차대차 - 측면충돌,중앙선침범,건조,맑음,단일로 - 기타,승용,여,73세,상해없음,승용,남,31세,경상
2016100800100615,2016년 10월 8일 18시,토요일,울산광역시 동구 화정동,중상사고,0,1,0,0,차대사람 - 기타,안전운전불이행,건조,맑음,교차로 - 교차로안,승용,여,41세,상해없음,보행자,남,83세,중상
2016100900100083,2016년 10월 9일 03시,일요일,울산광역시 남구 야음동,중상사고,0,1,1,0,차대사람 - 횡단중,중앙선침범,건조,맑음,단일로 - 기타,승용,남,72세,상해없음,보행자,남,28세,중상
2016100900100127,2016년 10월 9일 07시,일요일,울산광역시 울주군 웅촌면,중상사고,0,1,1,0,차대사람 - 길가장자리구역통행중,안전운전불이행,건조,맑음,단일로 - 기타,승용,남,47세,상해없음,보행자,여,63세,중상
2016100900100168,2016년 10월 9일 09시,일요일,울산광역시 울주군 상북면,경상사고,0,0,1,0,차대차 - 정면충돌,중앙선침범,건조,맑음,단일로 - 기타,자전거,남,59세,경상,승용,남,35세,상해없음
2016100900100223,2016년 10월 9일 11시,일요일,울산광역시 북구 상안동,중상사고,0,1,0,0,차대차 - 측면직각충돌,안전거리미확보,건조,맑음,단일로 - 기타,승용,남,31세,상해없음,승용,여,51세,중상
2016100900100252,2016년 10월 9일 12시,일요일,울산광역시 울주군 온산읍,중상사고,0,1,0,0,차대차 - 정면충돌,교차로운행방법위반,건조,맑음,교차로 - 교차로안,승용,기타불명,기타불명,기타불명,승용,여,39세,중상
2016100900100279,2016년 10월 9일 13시,일요일,울산광역시 중구 장현동,경상사고,0,0,1,0,차대차 - 측면직각충돌,신호위반,건조,맑음,교차로 - 교차로안,승용,남,44세,상해없음,승용,남,23세,경상
2016100900100348,2016년 10월 9일 15시,일요일,울산광역시 북구 진장동,경상사고,0,0,1,0,차대차 - 측면직각충돌,직진우회전진행방해,건조,맑음,교차로 - 교차로안,승용,남,42세,상해없음,승용,여,55세,경상
2016100900100441,2016년 10월 9일 17시,일요일,울산광역시 남구 신정동,부상신고사고,0,0,0,1,차대차 - 측면충돌,중앙선침범,건조,맑음,단일로 - 기타,자전거,남,57세,부상신고,승용,여,49세,상해없음
2016100900100545,2016년 10월 9일 20시,일요일,울산광역시 중구 학성동,중상사고,0,1,1,0,차대사람 - 횡단중,안전운전불이행,건조,맑음,단일로 - 기타,승용,여,57세,상해없음,보행자,남,65세,중상
2016100900100546,2016년 10월 9일 20시,일요일,울산광역시 동구 방어동,중상사고,0,1,0,0,차대사람 - 기타,안전운전불이행,건조,맑음,단일로 - 기타,승용,남,56세,상해없음,보행자,남,48세,중상
2016100900100547,2016년 10월 9일 20시,일요일,울산광역시 울주군 청량면,경상사고,0,0,1,0,차대차 - 추돌,안전운전불이행,건조,맑음,교차로 - 교차로부근,화물,남,48세,상해없음,승용,남,57세,경상
2016100900100548,2016년 10월 9일 20시,일요일,울산광역시 울주군 범서읍,중상사고,0,1,1,0,차대차 - 측면직각충돌,교차로운행방법위반,건조,맑음,교차로 - 교차로안,승용,남,54세,상해없음,승용,남,40세,경상
2016101000100020,2016년 10월 10일 02시,월요일,울산광역시 동구 방어동,경상사고,0,0,1,0,차량단독 - 전도전복,안전운전불이행,건조,맑음,단일로 - 기타,원동기,남,20세,기타불명,,,,
2016101000100041,2016년 10월 10일 05시,월요일,울산광역시 남구 삼산동,경상사고,0,0,1,0,차대차 - 측면충돌,중앙선침범,건조,맑음,단일로 - 기타,승용,남,23세,상해없음,승용,남,55세,상해없음
2016101000100123,2016년 10월 10일 08시,월요일,울산광역시 울주군 청량면,경상사고,0,0,2,0,차대차 - 정면충돌,신호위반,건조,흐림,교차로 - 교차로안,건설기계,남,60세,상해없음,승용,남,56세,경상
2016101000100163,2016년 10월 10일 09시,월요일,울산광역시 중구 반구동,경상사고,0,0,1,0,차대차 - 정면충돌,안전운전불이행,건조,맑음,단일로 - 기타,승용,남,33세,상해없음,이륜,남,33세,경상
2016101000100194,2016년 10월 10일 10시,월요일,울산광역시 북구 진장동,경상사고,0,0,2,0,차대차 - 측면직각충돌,안전거리미확보,건조,맑음,단일로 - 기타,건설기계,남,34세,상해없음,승용,남,25세,경상
2016101000100195,2016년 10월 10일 10시,월요일,울산광역시 남구 삼산동,중상사고,0,1,0,0,차대사람 - 횡단중,안전운전불이행,건조,맑음,교차로 - 교차로안,승용,남,59세,상해없음,보행자,남,73세,중상
2016101000100244,2016년 10월 10일 12시,월요일,울산광역시 북구 달천동,경상사고,0,0,1,0,차대차 - 추돌,안전운전불이행,건조,맑음,단일로 - 기타,승용,여,23세,상해없음,자전거,남,29세,경상
2016101000100245,2016년 10월 10일 12시,월요일,울산광역시 동구 동부동,경상사고,0,0,1,0,차대차 - 추돌,안전거리미확보,건조,맑음,단일로 - 기타,승용,여,51세,상해없음,승합,남,36세,상해없음
2016101000100345,2016년 10월 10일 15시,월요일,울산광역시 울주군 두서면,중상사고,0,1,0,0,차대사람 - 길가장자리구역통행중,안전운전불이행,건조,맑음,단일로 - 기타,화물,남,40세,상해없음,보행자,남,86세,중상
2016101000100379,2016년 10월 10일 16시,월요일,울산광역시 중구 학성동,경상사고,0,0,1,0,차대사람 - 길가장자리구역통행중,안전운전불이행,건조,맑음,단일로 - 기타,승용,여,41세,상해없음,보행자,남,59세,경상
2016101000100406,2016년 10월 10일 17시,월요일,울산광역시 북구 화봉동,중상사고,0,1,0,0,차대차 - 측면충돌,안전거리미확보,건조,맑음,단일로 - 기타,원동기,남,32세,중상,승용,여,26세,상해없음
2016101000100453,2016년 10월 10일 18시,월요일,울산광역시 남구 신정동,경상사고,0,0,1,0,차대차 - 측면충돌,신호위반,건조,맑음,교차로 - 교차로부근,승용,남,50세,상해없음,자전거,여,60세,경상
2016101000100501,2016년 10월 10일 19시,월요일,울산광역시 울주군 온산읍,경상사고,0,0,1,0,차대차 - 측면충돌,차로위반,건조,맑음,단일로 - 기타,승용,남,58세,상해없음,화물,남,25세,상해없음
2016101000100524,2016년 10월 10일 20시,월요일,울산광역시 북구 호계동,중상사고,0,1,0,0,차량단독 - 기타,기타,건조,맑음,단일로 - 기타,승합,남,35세,상해없음,,,,
2016101000100525,2016년 10월 10일 20시,월요일,울산광역시 남구 무거동,경상사고,0,0,1,0,차대차 - 측면충돌,중앙선침범,건조,맑음,교차로 - 교차로부근,승용,남,57세,상해없음,승용,남,48세,경상
2016101000100585,2016년 10월 10일 22시,월요일,울산광역시 남구 삼산동,중상사고,0,2,2,0,차대차 - 추돌,안전거리미확보,건조,맑음,단일로 - 기타,이륜,남,23세,중상,승용,남,26세,경상
2016101000100586,2016년 10월 10일 22시,월요일,울산광역시 남구 삼산동,경상사고,0,0,1,0,차대차 - 추돌,안전운전불이행,건조,맑음,교차로 - 교차로부근,승용,남,54세,상해없음,승용,남,50세,경상
2016101100100024,2016년 10월 11일 01시,화요일,울산광역시 남구 신정동,중상사고,0,1,0,0,차대사람 - 횡단중,안전운전불이행,건조,맑음,단일로 - 기타,승용,남,30세,상해없음,보행자,남,63세,중상
2016101100100025,2016년 10월 11일 01시,화요일,울산광역시 남구 삼산동,중상사고,0,1,0,0,차대차 - 기타,안전운전불이행,기타,기타,단일로 - 기타,승용,남,63세,상해없음,승용,남,37세,중상
2016101100100046,2016년 10월 11일 04시,화요일,울산광역시 울주군 웅촌면,사망사고,1,0,0,0,차대사람 - 차도통행중,안전운전불이행,건조,맑음,단일로 - 기타,승용,남,57세,상해없음,보행자,여,78세,사망
2016101100100070,2016년 10월 11일 06시,화요일,울산광역시 북구 효문동,경상사고,0,0,1,1,차대차 - 측면직각충돌,안전거리미확보,건조,맑음,단일로 - 기타,승용,남,32세,부상신고,승용,남,29세,경상
2016101100100097,2016년 10월 11일 07시,화요일,울산광역시 남구 달동,경상사고,0,0,2,0,차대차 - 측면충돌,안전운전불이행,건조,맑음,단일로 - 기타,승용,여,43세,경상,승합,남,42세,경상
2016101100100170,2016년 10월 11일 09시,화요일,울산광역시 남구 신정동,경상사고,0,0,1,0,차대차 - 추돌,안전운전불이행,건조,흐림,단일로 - 기타,승용,여,43세,상해없음,이륜,남,18세,경상
2016101100100250,2016년 10월 11일 12시,화요일,울산광역시 남구 옥동,중상사고,0,1,0,0,차대차 - 측면충돌,안전운전불이행,건조,맑음,교차로 - 교차로안,승합,남,50세,상해없음,승용,남,33세,중상
2016101100100321,2016년 10월 11일 14시,화요일,울산광역시 동구 방어동,경상사고,0,0,1,0,차대사람 - 횡단중,기타,건조,맑음,단일로 - 기타,승용,남,80세,상해없음,보행자,남,9세,경상
2016101100100442,2016년 10월 11일 17시,화요일,울산광역시 중구 학성동,중상사고,0,1,5,0,차대차 - 정면충돌,중앙선침범,건조,맑음,단일로 - 기타,승용,남,44세,경상,승합,남,38세,경상
2016101100100496,2016년 10월 11일 18시,화요일,울산광역시 북구 진장동,경상사고,0,0,2,1,차대차 - 정면충돌,신호위반,건조,맑음,교차로 - 교차로안,승용,여,55세,부상신고,승용,남,28세,경상
2016101100100497,2016년 10월 11일 18시,화요일,울산광역시 중구 복산동,중상사고,0,1,0,0,차대차 - 측면충돌,안전운전불이행,건조,맑음,교차로 - 교차로부근,승용,여,45세,상해없음,자전거,여,37세,중상
2016101100100498,2016년 10월 11일 18시,화요일,울산광역시 중구 복산동,경상사고,0,0,1,0,차대차 - 측면직각충돌,안전운전불이행,건조,맑음,교차로 - 교차로부근,승합,남,59세,상해없음,승용,여,29세,경상
2016101100100499,2016년 10월 11일 18시,화요일,울산광역시 남구 여천동,중상사고,0,1,0,0,차대사람 - 횡단중,보행자보호의무위반,건조,맑음,교차로 - 교차로안,승용,여,35세,상해없음,보행자,남,28세,중상
2016101100100539,2016년 10월 11일 19시,화요일,울산광역시 중구 성남동,중상사고,0,1,0,0,차대사람 - 횡단중,보행자보호의무위반,건조,맑음,단일로 - 횡단보도상,승용,여,21세,상해없음,보행자,여,77세,중상
2016101100100540,2016년 10월 11일 19시,화요일,울산광역시 울주군 두동면,중상사고,0,1,0,0,차량단독 - 전도전복,안전운전불이행,건조,맑음,단일로 - 기타,승용,남,77세,중상,,,,
2016101100100585,2016년 10월 11일 20시,화요일,울산광역시 북구 호계동,중상사고,0,1,1,0,차대차 - 측면충돌,교차로운행방법위반,건조,맑음,교차로 - 교차로안,승용,남,53세,상해없음,이륜,남,27세,경상
2016101200100022,2016년 10월 12일 00시,수요일,울산광역시 남구 삼산동,경상사고,0,0,3,0,차대차 - 추돌,안전운전불이행,건조,맑음,단일로 - 기타,승용,여,20세,상해없음,승용,남,58세,경상
2016101200100032,2016년 10월 12일 01시,수요일,울산광역시 북구 염포동,경상사고,0,0,1,0,차대차 - 측면직각충돌,중앙선침범,건조,맑음,단일로 - 기타,승용,남,25세,상해없음,승용,여,56세,경상
2016101200100042,2016년 10월 12일 02시,수요일,울산광역시 북구 연암동,부상신고사고,0,0,0,1,차대차 - 추돌,안전운전불이행,건조,맑음,단일로 - 기타,승용,남,24세,부상신고,승용,남,44세,상해없음
2016101200100104,2016년 10월 12일 07시,수요일,울산광역시 남구 삼산동,경상사고,0,0,1,0,차대차 - 측면충돌,안전운전불이행,건조,맑음,단일로 - 기타,승용,남,58세,상해없음,원동기,남,21세,경상
2016101200100105,2016년 10월 12일 07시,수요일,울산광역시 남구 삼산동,경상사고,0,0,1,0,차대차 - 측면충돌,신호위반,건조,맑음,교차로 - 교차로안,자전거,남,16세,경상,승용,남,53세,상해없음
2016101200100214,2016년 10월 12일 10시,수요일,울산광역시 남구 선암동,경상사고,0,0,2,0,차대차 - 기타,안전운전불이행,건조,맑음,교차로 - 교차로안,승용,여,47세,경상,승용,여,58세,경상
2016101200100244,2016년 10월 12일 11시,수요일,울산광역시 울주군 언양읍,경상사고,0,0,1,0,차대차 - 기타,교차로운행방법위반,건조,맑음,교차로 - 교차로안,승용,여,60세,상해없음,승용,남,60세,경상