사고번호,사고일시,요일,시군구,사고내용,사망자수,중상자수,경상자수,부상신고자수,사고유형,법규위반,노면상태,기상상태,도로형태,가해운전자 차종,가해운전자 성별,가해운전자 연령,가해운전자 상해정도,피해운전자 차종,피해운전자 성별,피해운전자 연령,피해운전자 상해정도
2016111100100314,2016년 11월 11일 11시,금요일,울산광역시 중구 성남동,중상사고,0,2,3,0,차대차 - 추돌,안전운전불이행,건조,맑음,단일로 - 기타,화물,남,53세,상해없음,승용,남,75세,경상
2016111100100665,2016년 11월 11일 19시,금요일,울산광역시 남구 삼산동,경상사고,0,0,1,0,차대차 - 기타,안전운전불이행,건조,맑음,교차로 - 교차로부근,승용,남,46세,상해없음,승용,남,37세,경상
2016111100100735,2016년 11월 11일 21시,금요일,울산광역시 남구 달동,경상사고,0,0,2,0,차대사람 - 차도통행중,안전운전불이행,건조,맑음,단일로 - 기타,승용,남,31세,상해없음,보행자,남,32세,경상
2016111100100759,2016년 11월 11일 22시,금요일,울산광역시 중구 학산동,중상사고,0,1,0,0,차대차 - 측면충돌,불법유턴,건조,맑음,교차로 - 교차로안,자전거,남,29세,중상,승용,여,41세,상해없음
2016111100100760,2016년 11월 11일 22시,금요일,울산광역시 중구 반구동,중상사고,0,1,1,0,차대차 - 측면직각충돌,직진우회전진행방해,건조,맑음,교차로 - 교차로안,승용,남,52세,상해없음,승용,남,28세,상해없음
2016111100100761,2016년 11월 11일 22시,금요일,울산광역시 울주군 청량면,부상신고사고,0,0,0,1,차대사람 - 횡단중,안전운전불이행,건조,맑음,단일로 - 기타,승용,남,58세,상해없음,보행자,남,33세,부상신고
2016111200100016,2016년 11월 12일 00시,토요일,울산광역시 남구 달동,중상사고,0,2,2,0,차대차 - 정면충돌,중앙선침범,건조,맑음,교차로 - 교차로부근,승용,남,43세,중상,승용,남,69세,경상
2016111200100119,2016년 11월 12일 06시,토요일,울산광역시 남구 무거동,중상사고,0,1,0,0,차대사람 - 횡단중,안전운전불이행,건조,맑음,단일로 - 기타,승용,남,37세,상해없음,보행자,남,46세,중상
2016111200100120,2016년 11월 12일 06시,토요일,울산광역시 남구 달동,중상사고,0,1,1,0,차대차 - 측면충돌,안전운전불이행,건조,맑음,교차로 - 교차로부근,승용,여,34세,상해없음,승용,남,43세,경상
2016111200100183,2016년 11월 12일 09시,토요일,울산광역시 남구 신정동,경상사고,0,0,1,0,차대사람 - 횡단중,보행자보호의무위반,기타,맑음,교차로 - 교차로부근,승용,여,56세,상해없음,보행자,남,7세,경상
2016111200100326,2016년 11월 12일 13시,토요일,울산광역시 남구 여천동,사망사고,1,0,0,0,차대차 - 측면직각충돌,신호위반,건조,맑음,교차로 - 교차로안,자전거,남,81세,사망,승용,남,67세,상해없음
2016111200100435,2016년 11월 12일 16시,토요일,울산광역시 북구 상안동,경상사고,0,0,1,0,차대차 - 정면충돌,안전운전불이행,건조,맑음,교차로 - 교차로부근,이륜,남,17세,경상,승용,남,49세,기타불명
2016111200100557,2016년 11월 12일 19시,토요일,울산광역시 중구 우정동,부상신고사고,0,0,0,2,차대차 - 기타,안전거리미확보,건조,맑음,단일로 - 기타,승용,남,64세,부상신고,승용,남,34세,부상신고
2016111200100631,2016년 11월 12일 22시,토요일,울산광역시 중구 남외동,경상사고,0,0,1,0,차대차 - 측면충돌,직진우회전진행방해,건조,맑음,교차로 - 교차로안,승용,남,58세,상해없음,자전거,남,63세,경상
2016111300100089,2016년 11월 13일 06시,일요일,울산광역시 북구 신천동,경상사고,0,0,1,0,차대사람 - 횡단중,보행자보호의무위반,습기,안개,교차로 - 교차로안,승합,남,61세,상해없음,보행자,남,24세,경상
2016111300100090,2016년 11월 13일 06시,일요일,울산광역시 남구 야음동,중상사고,0,1,0,0,차대차 - 측면직각충돌,안전운전불이행,건조,맑음,교차로 - 교차로부근,이륜,남,38세,기타불명,승용,남,64세,상해없음
2016111300100173,2016년 11월 13일 10시,일요일,울산광역시 중구 약사동,중상사고,0,2,1,0,차대차 - 측면직각충돌,직진우회전진행방해,건조,맑음,교차로 - 교차로안,승용,남,69세,경상,승용,남,61세,중상
2016111300100196,2016년 11월 13일 11시,일요일,울산광역시 남구 매암동,중상사고,0,2,1,0,차대차 - 측면충돌,안전운전불이행,건조,맑음,단일로 - 기타,승용,남,44세,상해없음,승용,남,44세,중상
2016111300100217,2016년 11월 13일 12시,일요일,울산광역시 울주군 삼남면,경상사고,0,0,2,0,차대차 - 측면충돌,교차로운행방법위반,건조,맑음,교차로 - 교차로안,승용,남,28세,상해없음,승용,남,55세,경상
2016111300100358,2016년 11월 13일 17시,일요일,울산광역시 울주군 언양읍,중상사고,0,1,0,0,차대사람 - 횡단중,안전운전불이행,건조,맑음,단일로 - 기타,승용,여,37세,상해없음,보행자,남,68세,중상
2016111300100412,2016년 11월 13일 18시,일요일,울산광역시 중구 태화동,중상사고,0,2,0,1,차대차 - 정면충돌,교차로운행방법위반,건조,맑음,교차로 - 교차로안,승용,남,75세,부상신고,승용,여,56세,중상
2016111300100446,2016년 11월 13일 19시,일요일,울산광역시 중구 태화동,중상사고,0,1,0,0,차대차 - 추돌,안전거리미확보,건조,맑음,교차로 - 교차로부근,이륜,남,18세,중상,승용,남,60세,상해없음
2016111300100475,2016년 11월 13일 20시,일요일,울산광역시 남구 신정동,경상사고,0,0,1,0,차대차 - 측면충돌,안전운전불이행,건조,맑음,교차로 - 교차로부근,이륜,남,18세,경상,승용,남,53세,상해없음
2016111300100514,2016년 11월 13일 21시,일요일,울산광역시 동구 화정동,사망사고,1,0,0,0,차대차 - 기타,직진우회전진행방해,건조,흐림,교차로 - 교차로안,화물,남,64세,상해없음,이륜,남,32세,사망
2016111300100531,2016년 11월 13일 22시,일요일,울산광역시 북구 진장동,경상사고,0,0,1,0,차대차 - 추돌,안전운전불이행,건조,맑음,교차로 - 교차로부근,승용,남,61세,상해없음,승용,남,51세,경상
2016111300100532,2016년 11월 13일 22시,일요일,울산광역시 북구 중산동,경상사고,0,0,1,0,차대차 - 기타,안전운전불이행,건조,맑음,교차로 - 교차로안,승합,남,25세,상해없음,승용,여,42세,경상
2016111400100063,2016년 11월 14일 06시,월요일,울산광역시 동구 전하동,경상사고,0,0,1,0,차대차 - 추돌,안전운전불이행,건조,흐림,단일로 - 기타,승용,남,58세,상해없음,승합,남,55세,경상
2016111400100194,2016년 11월 14일 09시,월요일,울산광역시 동구 일산동,중상사고,0,1,0,0,차대차 - 정면충돌,신호위반,건조,맑음,교차로 - 교차로안,승용,남,32세,상해없음,이륜,남,64세,중상
2016111400100249,2016년 11월 14일 11시,월요일,울산광역시 남구 무거동,부상신고사고,0,0,0,1,차대차 - 추돌,안전거리미확보,건조,맑음,교차로 - 교차로안,이륜,남,36세,부상신고,승용,남,24세,상해없음
2016111400100250,2016년 11월 14일 11시,월요일,울산광역시 북구 산하동,중상사고,0,1,0,0,차대차 - 측면직각충돌,안전거리미확보,건조,흐림,단일로 - 기타,승용,여,52세,상해없음,화물,남,58세,중상
2016111400100286,2016년 11월 14일 12시,월요일,울산광역시 남구 신정동,경상사고,0,0,2,0,차대차 - 측면충돌,중앙선침범,건조,맑음,단일로 - 기타,승용,여,54세,상해없음,승용,남,40세,경상
2016111400100287,2016년 11월 14일 12시,월요일,울산광역시 남구 신정동,중상사고,0,1,0,0,차대사람 - 횡단중,안전운전불이행,건조,맑음,단일로 - 기타,승용,여,40세,상해없음,보행자,여,55세,중상
2016111400100316,2016년 11월 14일 13시,월요일,울산광역시 울주군 온양읍,경상사고,0,0,1,0,차대차 - 측면충돌,교차로운행방법위반,건조,맑음,교차로 - 교차로안,승용,남,44세,상해없음,승용,남,50세,경상
2016111400100344,2016년 11월 14일 14시,월요일,울산광역시 울주군 상북면,경상사고,0,0,4,0,차대차 - 기타,교차로운행방법위반,건조,맑음,교차로 - 교차로안,승용,여,58세,상해없음,승용,남,55세,경상
2016111400100367,2016년 11월 14일 15시,월요일,울산광역시 북구 상안동,중상사고,0,2,0,0,차대차 - 정면충돌,신호위반,건조,맑음,교차로 - 교차로안,승용,남,32세,상해없음,화물,남,51세,중상
2016111400100410,2016년 11월 14일 16시,월요일,울산광역시 남구 무거동,경상사고,0,0,2,0,차대차 - 측면충돌,중앙선침범,건조,맑음,교차로 - 교차로부근,화물,남,34세,경상,승용,여,38세,경상
2016111400100465,2016년 11월 14일 17시,월요일,울산광역시 남구 신정동,중상사고,0,1,0,0,차대사람 - 횡단중,안전운전불이행,건조,맑음,교차로 - 교차로안,승용,여,51세,상해없음,보행자,여,60세,중상
2016111400100527,2016년 11월 14일 18시,월요일,울산광역시 울주군 청량면,중상사고,0,1,0,0,차대차 - 기타,안전운전불이행,건조,맑음,단일로 - 기타,승용,남,50세,상해없음,자전거,남,52세,중상
2016111400100570,2016년 11월 14일 19시,월요일,울산광역시 북구 연암동,중상사고,0,2,0,0,차대차 - 측면직각충돌,안전거리미확보,건조,맑음,단일로 - 기타,화물,남,33세,상해없음,승용,여,55세,중상
2016111400100571,2016년 11월 14일 19시,월요일,울산광역시 울주군 언양읍,부상신고사고,0,0,0,1,차대사람 - 횡단중,안전운전불이행,건조,맑음,단일로 - 기타,기타불명,기타불명,기타불명,기타불명,보행자,남,37세,부상신고
2016111400100600,2016년 11월 14일 20시,월요일,울산광역시 울주군 언양읍,중상사고,0,1,0,0,차대사람 - 횡단중,보행자보호의무위반,건조,맑음,교차로 - 교차로안,승용,여,72세,상해없음,보행자,여,47세,중상
2016111400100631,2016년 11월 14일 21시,월요일,울산광역시 남구 신정동,경상사고,0,0,1,0,차대사람 - 기타,보행자보호의무위반,건조,맑음,교차로 - 교차로안,승용,기타불명,기타불명,기타불명,보행자,여,19세,경상
2016111400100632,2016년 11월 14일 21시,월요일,울산광역시 동구 방어동,경상사고,0,0,1,0,차대차 - 정면충돌,중앙선침범,건조,맑음,단일로 - 기타,승용,남,36세,상해없음,승용,여,43세,경상
2016111400100674,2016년 11월 14일 23시,월요일,울산광역시 울주군 범서읍,경상사고,0,0,2,0,차대차 - 정면충돌,교차로운행방법위반,건조,맑음,교차로 - 교차로부근,승용,남,25세,상해없음,승용,남,23세,경상
2016111500100077,2016년 11월 15일 06시,화요일,울산광역시 중구 복산동,사망사고,1,0,0,0,차대사람 - 횡단중,안전운전불이행,건조,맑음,단일로 - 기타,승용,남,24세,상해없음,보행자,여,85세,사망
2016111500100100,2016년 11월 15일 07시,화요일,울산광역시 중구 다운동,경상사고,0,0,1,0,차대차 - 추돌,안전운전불이행,건조,맑음,단일로 - 기타,화물,남,48세,상해없음,승용,여,46세,경상
2016111500100132,2016년 11월 15일 08시,화요일,울산광역시 중구 학산동,경상사고,0,0,1,0,차대차 - 기타,차로위반,건조,맑음,단일로 - 기타,승용,남,52세,상해없음,승용,남,62세,경상
2016111500100225,2016년 11월 15일 10시,화요일,울산광역시 중구 반구동,중상사고,0,3,7,0,차대차 - 추돌,신호위반,건조,맑음,교차로 - 교차로안,승합,남,57세,상해없음,승용,여,40세,경상
2016111500100285,2016년 11월 15일 12시,화요일,울산광역시 북구 당사동,중상사고,0,9,0,0,차량단독 - 공작물충돌,안전운전불이행,건조,맑음,단일로 - 기타,승합,여,66세,상해없음,,,,
2016111500100321,2016년 11월 15일 13시,화요일,울산광역시 중구 교동,경상사고,0,0,1,0,차대차 - 측면직각충돌,교차로운행방법위반,건조,맑음,교차로 - 교차로안,승용,여,48세,상해없음,자전거,남,52세,경상
2016111500100398,2016년 11월 15일 15시,화요일,울산광역시 중구 약사동,중상사고,0,1,0,0,차대사람 - 횡단중,기타,건조,맑음,단일로 - 횡단보도상,승용,남,55세,상해없음,보행자,여,8세,중상
2016111500100447,2016년 11월 15일 16시,화요일,울산광역시 중구 성안동,중상사고,0,1,0,0,차대차 - 측면직각충돌,안전운전불이행,건조,맑음,교차로 - 교차로안,화물,남,49세,상해없음,승용,여,66세,중상
2016111500100491,2016년 11월 15일 17시,화요일,울산광역시 울주군 온산읍,경상사고,0,0,1,0,차대차 - 추돌,교차로운행방법위반,건조,맑음,교차로 - 교차로안,화물,남,59세,상해없음,승용,여,30세,경상
2016111500100556,2016년 11월 15일 18시,화요일,울산광역시 중구 성남동,중상사고,0,1,0,0,차대차 - 측면직각충돌,안전운전불이행,건조,맑음,단일로 - 기타,승용,남,22세,상해없음,원동기,남,28세,기타불명
2016111500100557,2016년 11월 15일 18시,화요일,울산광역시 울주군 범서읍,경상사고,0,0,3,0,차대차 - 측면직각충돌,신호위반,건조,맑음,교차로 - 교차로안,승용,여,42세,상해없음,승용,남,31세,경상
2016111500100640,2016년 11월 15일 20시,화요일,울산광역시 남구 무거동,경상사고,0,0,1,0,차대사람 - 횡단중,안전운전불이행,건조,맑음,단일로 - 기타,승용,남,67세,상해없음,보행자,남,28세,경상
2016111500100641,2016년 11월 15일 20시,화요일,울산광역시 동구 전하동,경상사고,0,0,1,0,차대차 - 추돌,안전거리미확보,건조,맑음,교차로 - 교차로부근,원동기,남,17세,상해없음,원동기,여,42세,경상
2016111500100701,2016년 11월 15일 22시,화요일,울산광역시 중구 학산동,중상사고,0,2,0,0,차량단독 - 전도전복,안전운전불이행,건조,맑음,단일로 - 기타,승용,여,49세,중상,,,,
2016111600100049,2016년 11월 16일 04시,수요일,울산광역시 중구 태화동,부상신고사고,0,0,0,1,차량단독 - 전도전복,안전운전불이행,건조,맑음,단일로 - 기타,승용,남,20세,부상신고,,,,
2016111600100116,2016년 11월 16일 07시,수요일,울산광역시 울주군 온산읍,경상사고,0,0,1,0,차대차 - 측면충돌,안전운전불이행,건조,맑음,단일로 - 기타,승용,남,37세,상해없음,승용,남,64세,경상
2016111600100117,2016년 11월 16일 07시,수요일,울산광역시 울주군 청량면,중상사고,0,1,0,0,차대차 - 기타,안전운전불이행,건조,맑음,단일로 - 기타,승용,남,35세,상해없음,승용,남,53세,중상
2016111600100167,2016년 11월 16일 08시,수요일,울산광역시 남구 선암동,경상사고,0,0,5,1,차대차 - 추돌,안전운전불이행,건조,맑음,단일로 - 기타,승용,여,52세,경상,승합,남,57세,상해없음
2016111600100203,2016년 11월 16일 09시,수요일,울산광역시 울주군 웅촌면,부상신고사고,0,0,0,1,차대차 - 기타,안전거리미확보,건조,맑음,단일로 - 기타,승합,남,60세,상해없음,승용,여,55세,상해없음
2016111600100241,2016년 11월 16일 10시,수요일,울산광역시 중구 태화동,중상사고,0,1,0,0,차대차 - 측면충돌,안전운전불이행,건조,맑음,단일로 - 기타,이륜,여,49세,중상,승용,여,49세,상해없음
2016111600100280,2016년 11월 16일 11시,수요일,울산광역시 중구 반구동,경상사고,0,0,2,0,차대사람 - 횡단중,신호위반,건조,맑음,교차로 - 교차로부근,승용,여,46세,상해없음,보행자,여,15세,경상
2016111600100345,2016년 11월 16일 13시,수요일,울산광역시 남구 삼산동,경상사고,0,0,1,0,차대사람 - 횡단중,보행자보호의무위반,건조,맑음,교차로 - 교차로안,승용,여,52세,기타불명,보행자,남,58세,경상
2016111600100346,2016년 11월 16일 13시,수요일,울산광역시 동구 화정동,중상사고,0,1,0,0,차대차 - 측면충돌,기타,건조,맑음,단일로 - 기타,승용,남,58세,상해없음,이륜,남,39세,중상
2016111600100347,2016년 11월 16일 13시,수요일,울산광역시 울주군 온산읍,경상사고,0,0,2,1,차대차 - 정면충돌,직진우회전진행방해,건조,맑음,교차로 - 교차로안,승용,남,44세,부상신고,승용,여,55세,경상
2016111600100490,2016년 11월 16일 17시,수요일,울산광역시 울주군 범서읍,경상사고,0,0,1,0,차대차 - 추돌,안전운전불이행,건조,맑음,교차로 - 교차로안,승합,남,56세,상해없음,승용,여,61세,상해없음
2016111600100645,2016년 11월 16일 21시,수요일,울산광역시 중구 태화동,경상사고,0,0,2,0,차대차 - 추돌,안전운전불이행,건조,맑음,단일로 - 교량,승용,남,27세,상해없음,승용,남,27세,경상
2016111600100667,2016년 11월 16일 22시,수요일,울산광역시 동구 방어동,경상사고,0,0,2,0,차대차 - 측면충돌,안전운전불이행,건조,흐림,교차로 - 교차로안,승용,남,49세,상해없음,이륜,남,36세,경상
2016111600100668,2016년 11월 16일 22시,수요일,울산광역시 울주군 온산읍,경상사고,0,0,1,0,차대차 - 측면충돌,안전운전불이행,건조,맑음,기타 - 기타,원동기,남,18세,경상,승용,남,48세,상해없음
2016111700100024,2016년 11월 17일 00시,목요일,울산광역시 동구 화정동,중상사고,0,1,0,0,차대차 - 측면충돌,안전운전불이행,건조,맑음,교차로 - 교차로안,승용,남,24세,상해없음,승용,남,62세,상해없음
2016111700100108,2016년 11월 17일 07시,목요일,울산광역시 남구 삼산동,중상사고,0,1,1,0,차대차 - 기타,안전운전불이행,건조,맑음,단일로 - 기타,특수,남,59세,상해없음,이륜,남,18세,중상
2016111700100161,2016년 11월 17일 09시,목요일,울산광역시 동구 동부동,중상사고,0,1,17,0,차대차 - 추돌,안전운전불이행,건조,맑음,단일로 - 기타,승합,남,43세,상해없음,승합,남,53세,경상
2016111700100162,2016년 11월 17일 09시,목요일,울산광역시 울주군 온산읍,중상사고,0,1,1,0,차대차 - 측면직각충돌,교차로운행방법위반,건조,맑음,교차로 - 교차로안,승용,여,24세,중상,화물,남,61세,경상
2016111700100256,2016년 11월 17일 12시,목요일,울산광역시 중구 약사동,부상신고사고,0,0,0,1,차대차 - 측면충돌,신호위반,건조,맑음,교차로 - 교차로안,이륜,남,72세,부상신고,화물,남,64세,상해없음
2016111700100511,2016년 11월 17일 18시,목요일,울산광역시 북구 호계동,경상사고,0,0,2,0,차대차 - 추돌,안전운전불이행,건조,맑음,단일로 - 기타,승용,여,27세,상해없음,승용,여,45세,경상
2016111700100512,2016년 11월 17일 18시,목요일,울산광역시 중구 서동,경상사고,0,0,1,0,차대차 - 기타,안전운전불이행,건조,맑음,단일로 - 기타,승용,남,58세,상해없음,승용,남,25세,경상
2016111700100513,2016년 11월 17일 18시,목요일,울산광역시 울주군 온양읍,경상사고,0,0,1,0,차대차 - 기타,안전운전불이행,건조,맑음,단일로 - 기타,승용,여,53세,상해없음,자전거,남,55세,경상
2016111700100599,2016년 11월 17일 20시,목요일,울산광역시 남구 달동,경상사고,0,0,1,0,차대사람 - 횡단중,안전운전불이행,건조,맑음,교차로 - 교차로안,승용,남,19세,상해없음,보행자,남,44세,경상
2016111700100625,2016년 11월 17일 21시,목요일,울산광역시 북구 양정동,경상사고,0,0,1,0,차대차 - 정면충돌,안전운전불이행,건조,맑음,교차로 - 교차로안,승용,남,47세,상해없음,화물,남,28세,경상
2016111800100026,2016년 11월 18일 00시,금요일,울산광역시 중구 다운동,경상사고,0,0,1,0,차대차 - 측면충돌,안전거리미확보,건조,맑음,교차로 - 교차로안,승용,남,57세,상해없음,승용,여,41세,경상
2016111800100056,2016년 11월 18일 04시,금요일,울산광역시 중구 서동,경상사고,0,0,1,0,차대사람 - 기타,안전운전불이행,건조,맑음,교차로 - 교차로부근,승용,남,36세,상해없음,보행자,여,26세,경상
2016111800100076,2016년 11월 18일 05시,금요일,울산광역시 남구 신정동,중상사고,0,1,0,0,차대사람 - 횡단중,신호위반,건조,맑음,단일로 - 횡단보도상,승용,여,67세,상해없음,보행자,여,60세,중상
2016111800100095,2016년 11월 18일 06시,금요일,울산광역시 북구 진장동,경상사고,0,0,1,0,차대차 - 추돌,안전운전불이행,건조,맑음,단일로 - 기타,승용,남,26세,상해없음,승용,남,39세,경상
2016111800100141,2016년 11월 18일 08시,금요일,울산광역시 중구 옥교동,경상사고,0,0,2,0,차대차 - 기타,안전운전불이행,건조,맑음,교차로 - 교차로부근,승용,남,45세,상해없음,승용,여,47세,상해없음
2016111800100142,2016년 11월 18일 08시,금요일,울산광역시 남구 선암동,사망사고,1,0,0,0,차대차 - 기타,안전운전불이행,건조,맑음,교차로 - 교차로부근,이륜,남,42세,사망,화물,남,63세,상해없음
2016111800100143,2016년 11월 18일 08시,금요일,울산광역시 동구 전하동,중상사고,0,1,0,0,차대사람 - 횡단중,안전운전불이행,건조,맑음,단일로 - 기타,원동기,남,60세,상해없음,보행자,남,48세,중상
2016111800100202,2016년 11월 18일 10시,금요일,울산광역시 북구 신천동,경상사고,0,0,1,0,차대차 - 기타,안전거리미확보,건조,맑음,단일로 - 기타,승용,남,46세,상해없음,승용,여,28세,경상
2016111800100271,2016년 11월 18일 12시,금요일,울산광역시 북구 신현동,경상사고,0,0,1,0,차대차 - 측면충돌,중앙선침범,건조,맑음,단일로 - 기타,승용,여,58세,상해없음,자전거,여,49세,경상
2016111800100272,2016년 11월 18일 12시,금요일,울산광역시 울주군 온양읍,경상사고,0,0,3,0,차대차 - 측면직각충돌,안전운전불이행,건조,맑음,단일로 - 기타,승용,남,70세,상해없음,승용,남,56세,경상
2016111800100305,2016년 11월 18일 13시,금요일,울산광역시 동구 일산동,중상사고,0,1,0,0,차대사람 - 횡단중,안전운전불이행,건조,맑음,단일로 - 기타,화물,남,68세,상해없음,보행자,여,48세,중상
2016111800100366,2016년 11월 18일 15시,금요일,울산광역시 중구 서동,경상사고,0,0,1,0,차대차 - 기타,안전운전불이행,건조,맑음,교차로 - 교차로안,승합,남,37세,상해없음,원동기,남,35세,경상
2016111800100476,2016년 11월 18일 17시,금요일,울산광역시 울주군 범서읍,경상사고,0,0,1,0,차대차 - 측면충돌,신호위반,건조,맑음,교차로 - 교차로안,농기계,남,56세,경상,승용,여,51세,상해없음
2016111800100560,2016년 11월 18일 18시,금요일,울산광역시 중구 교동,경상사고,0,0,2,0,차대차 - 추돌,안전거리미확보,습기,비,단일로 - 기타,화물,남,45세,상해없음,승용,남,46세,경상
2016111800100561,2016년 11월 18일 18시,금요일,울산광역시 남구 두왕동,경상사고,0,0,2,0,차대차 - 추돌,안전운전불이행,습기,비,단일로 - 기타,승용,남,61세,상해없음,승용,여,48세,경상
2016111800100679,2016년 11월 18일 20시,금요일,울산광역시 북구 진장동,부상신고사고,0,0,0,1,차대차 - 추돌,안전운전불이행,습기,비,단일로 - 기타,승용,남,37세,부상신고,승용,남,53세,기타불명
2016111800100680,2016년 11월 18일 20시,금요일,울산광역시 북구 시례동,경상사고,0,0,2,0,차대차 - 측면충돌,안전운전불이행,습기,비,단일로 - 기타,승용,남,24세,상해없음,승용,남,36세,경상
2016111800100681,2016년 11월 18일 20시,금요일,울산광역시 중구 태화동,중상사고,0,1,0,0,차대사람 - 횡단중,안전운전불이행,습기,비,단일로 - 기타,화물,남,30세,상해없음,보행자,남,69세,중상
2016111800100682,2016년 11월 18일 20시,금요일,울산광역시 동구 전하동,경상사고,0,0,1,0,차대차 - 정면충돌,중앙선침범,습기,비,교차로 - 교차로부근,승용,남,37세,상해없음,승용,남,46세,경상
2016111800100727,2016년 11월 18일 21시,금요일,울산광역시 중구 성남동,경상사고,0,0,1,0,차대차 - 측면충돌,신호위반,습기,비,교차로 - 교차로안,승용,남,33세,상해없음,이륜,남,24세,경상
2016111800100728,2016년 11월 18일 21시,금요일,울산광역시 남구 달동,중상사고,0,1,0,0,차대차 - 측면직각충돌,교차로운행방법위반,습기,비,교차로 - 교차로안,승용,남,50세,상해없음,이륜,남,60세,중상
2016111800100729,2016년 11월 18일 21시,금요일,울산광역시 남구 무거동,경상사고,0,0,5,0,차대차 - 추돌,안전운전불이행,습기,비,단일로 - 기타,승용,남,45세,상해없음,승용,남,59세,경상
2016111800100730,2016년 11월 18일 21시,금요일,울산광역시 남구 달동,중상사고,0,3,0,0,차대차 - 기타,안전운전불이행,습기,비,단일로 - 기타,승용,여,43세,상해없음,승용,남,62세,중상
2016111800100731,2016년 11월 18일 21시,금요일,울산광역시 울주군 범서읍,경상사고,0,0,1,0,차대차 - 추돌,안전거리미확보,습기,비,교차로 - 교차로부근,승용,남,31세,상해없음,승용,여,29세,경상
2016111800100771,2016년 11월 18일 22시,금요일,울산광역시 남구 달동,경상사고,0,0,1,0,차대사람 - 횡단중,보행자보호의무위반,습기,비,교차로 - 교차로안,승용,여,31세,상해없음,보행자,여,25세,경상
2016111800100772,2016년 11월 18일 22시,금요일,울산광역시 남구 신정동,경상사고,0,0,1,0,차대차 - 측면직각충돌,신호위반,습기,비,교차로 - 교차로부근,승용,남,28세,상해없음,승합,남,39세,경상
2016111800100805,2016년 11월 18일 23시,금요일,울산광역시 남구 무거동,경상사고,0,0,1,0,차대사람 - 기타,안전운전불이행,습기,비,교차로 - 교차로부근,승용,남,53세,상해없음,보행자,남,64세,경상
2016111800100806,2016년 11월 18일 23시,금요일,울산광역시 울주군 청량면,경상사고,0,0,1,0,차량단독 - 전도전복,안전운전불이행,습기,비,단일로 - 기타,승용,남,26세,상해없음,,,,
2016111900100034,2016년 11월 19일 00시,토요일,울산광역시 북구 연암동,부상신고사고,0,0,0,1,차대차 - 추돌,안전운전불이행,건조,맑음,단일로 - 기타,이륜,남,35세,부상신고,승용,남,45세,상해없음
2016111900100035,2016년 11월 19일 00시,토요일,울산광역시 남구 옥동,경상사고,0,0,2,0,차대차 - 추돌,안전운전불이행,습기,비,교차로 - 교차로부근,승용,남,30세,상해없음,승용,여,49세,경상
2016111900100121,2016년 11월 19일 06시,토요일,울산광역시 동구 방어동,중상사고,0,1,0,0,차대사람 - 횡단중,안전운전불이행,건조,맑음,교차로 - 교차로안,승용,남,61세,상해없음,보행자,남,55세,중상
2016111900100135,2016년 11월 19일 07시,토요일,울산광역시 남구 무거동,경상사고,0,0,1,0,차대차 - 측면충돌,직진우회전진행방해,건조,맑음,교차로 - 교차로안,이륜,남,16세,경상,승용,남,28세,상해없음
2016111900100136,2016년 11월 19일 07시,토요일,울산광역시 울주군 웅촌면,중상사고,0,1,0,0,차량단독 - 전도전복,안전운전불이행,건조,맑음,단일로 - 기타,건설기계,남,58세,중상,,,,
2016111900100161,2016년 11월 19일 08시,토요일,울산광역시 울주군 범서읍,경상사고,0,0,1,0,차대차 - 기타,교차로운행방법위반,건조,맑음,교차로 - 교차로안,승용,여,40세,상해없음,승용,남,26세,경상
2016111900100186,2016년 11월 19일 09시,토요일,울산광역시 울주군 온양읍,중상사고,0,1,0,0,차대차 - 추돌,안전거리미확보,건조,맑음,단일로 - 기타,화물,남,39세,상해없음,승용,남,60세,중상
2016111900100224,2016년 11월 19일 10시,토요일,울산광역시 북구 효문동,경상사고,0,0,1,0,차대차 - 측면충돌,중앙선침범,건조,맑음,단일로 - 기타,승용,남,40세,상해없음,승용,남,61세,경상
2016111900100225,2016년 11월 19일 10시,토요일,울산광역시 북구 중산동,경상사고,0,0,1,0,차대차 - 기타,안전운전불이행,건조,맑음,단일로 - 기타,승용,남,50세,상해없음,자전거,남,10세,경상
2016111900100343,2016년 11월 19일 13시,토요일,울산광역시 남구 신정동,경상사고,0,0,3,0,차대차 - 측면직각충돌,교차로운행방법위반,건조,맑음,교차로 - 교차로안,승용,남,67세,상해없음,승용,남,49세,경상