사고번호,사고일시,요일,시군구,사고내용,사망자수,중상자수,경상자수,부상신고자수,사고유형,법규위반,노면상태,기상상태,도로형태,가해운전자 차종,가해운전자 성별,가해운전자 연령,가해운전자 상해정도,피해운전자 차종,피해운전자 성별,피해운전자 연령,피해운전자 상해정도
2016111900100344,2016년 11월 19일 13시,토요일,울산광역시 동구 미포동,경상사고,0,0,1,0,차대차 - 정면충돌,안전운전불이행,건조,맑음,단일로 - 기타,이륜,남,19세,경상,승용,남,56세,기타불명
2016111900100378,2016년 11월 19일 14시,토요일,울산광역시 남구 삼산동,중상사고,0,1,0,0,차대사람 - 횡단중,안전운전불이행,건조,맑음,단일로 - 기타,승용,남,28세,상해없음,보행자,여,51세,중상
2016111900100379,2016년 11월 19일 14시,토요일,울산광역시 남구 무거동,경상사고,0,0,1,0,차대차 - 기타,안전거리미확보,건조,맑음,단일로 - 기타,승용,여,61세,상해없음,승용,여,55세,경상
2016111900100453,2016년 11월 19일 16시,토요일,울산광역시 중구 성남동,중상사고,0,1,0,0,차대사람 - 길가장자리구역통행중,안전운전불이행,건조,맑음,단일로 - 기타,승용,남,62세,상해없음,보행자,남,64세,중상
2016111900100505,2016년 11월 19일 17시,토요일,울산광역시 북구 화봉동,경상사고,0,0,1,0,차대사람 - 횡단중,안전운전불이행,건조,맑음,교차로 - 교차로부근,승용,남,41세,상해없음,보행자,남,81세,경상
2016111900100506,2016년 11월 19일 17시,토요일,울산광역시 남구 신정동,중상사고,0,1,1,0,차대사람 - 횡단중,안전운전불이행,건조,맑음,단일로 - 횡단보도상,승용,남,59세,상해없음,보행자,남,75세,중상
2016111900100565,2016년 11월 19일 18시,토요일,울산광역시 북구 염포동,중상사고,0,1,0,0,차대차 - 정면충돌,신호위반,건조,맑음,교차로 - 교차로안,화물,남,33세,상해없음,승용,여,62세,중상
2016111900100620,2016년 11월 19일 19시,토요일,울산광역시 울주군 삼남면,경상사고,0,0,1,0,차대차 - 측면충돌,안전거리미확보,건조,맑음,교차로 - 교차로안,승용,여,31세,상해없음,승용,여,57세,경상
2016111900100660,2016년 11월 19일 20시,토요일,울산광역시 남구 달동,경상사고,0,0,1,0,차대사람 - 기타,안전운전불이행,건조,맑음,단일로 - 기타,승용,남,25세,상해없음,보행자,남,34세,경상
2016112000100031,2016년 11월 20일 01시,일요일,울산광역시 중구 태화동,경상사고,0,0,1,0,차대차 - 기타,안전거리미확보,건조,맑음,단일로 - 기타,승용,여,59세,경상,승용,남,22세,상해없음
2016112000100193,2016년 11월 20일 11시,일요일,울산광역시 울주군 범서읍,경상사고,0,0,1,0,차대차 - 측면충돌,안전운전불이행,건조,맑음,단일로 - 기타,이륜,남,36세,경상,건설기계,남,61세,상해없음
2016112000100256,2016년 11월 20일 13시,일요일,울산광역시 북구 연암동,중상사고,0,1,0,0,차대사람 - 횡단중,보행자보호의무위반,건조,맑음,단일로 - 횡단보도상,승용,남,45세,상해없음,보행자,여,18세,중상
2016112000100283,2016년 11월 20일 14시,일요일,울산광역시 남구 야음동,중상사고,0,1,0,0,차대사람 - 기타,안전운전불이행,건조,맑음,단일로 - 기타,승용,남,47세,상해없음,보행자,여,71세,중상
2016112000100284,2016년 11월 20일 14시,일요일,울산광역시 남구 무거동,경상사고,0,0,1,0,차대차 - 측면직각충돌,안전운전불이행,건조,맑음,단일로 - 기타,승용,남,35세,상해없음,승용,여,54세,경상
2016112000100315,2016년 11월 20일 15시,일요일,울산광역시 울주군 언양읍,경상사고,0,0,1,0,차대사람 - 횡단중,안전운전불이행,건조,맑음,단일로 - 기타,승용,남,55세,상해없음,보행자,남,25세,경상
2016112000100388,2016년 11월 20일 17시,일요일,울산광역시 중구 약사동,경상사고,0,0,1,0,차대차 - 정면충돌,교차로운행방법위반,건조,맑음,교차로 - 교차로안,승용,남,61세,상해없음,이륜,남,37세,경상
2016112000100430,2016년 11월 20일 18시,일요일,울산광역시 남구 옥동,경상사고,0,0,5,0,차대차 - 추돌,안전거리미확보,건조,맑음,단일로 - 기타,승용,여,44세,상해없음,승용,남,31세,경상
2016112000100485,2016년 11월 20일 20시,일요일,울산광역시 중구 태화동,중상사고,0,1,0,0,차대사람 - 횡단중,기타,건조,맑음,단일로 - 기타,이륜,남,54세,상해없음,보행자,여,76세,중상
2016112000100502,2016년 11월 20일 21시,일요일,울산광역시 북구 명촌동,경상사고,0,0,3,0,차대차 - 기타,안전운전불이행,건조,맑음,교차로 - 교차로안,승용,여,42세,상해없음,승용,남,31세,경상
2016112000100533,2016년 11월 20일 22시,일요일,울산광역시 중구 학성동,중상사고,0,2,4,2,차대차 - 측면충돌,직진우회전진행방해,건조,맑음,교차로 - 교차로안,승용,남,56세,부상신고,승용,여,58세,중상
2016112000100534,2016년 11월 20일 22시,일요일,울산광역시 동구 방어동,중상사고,0,1,0,0,차대차 - 정면충돌,교차로운행방법위반,건조,맑음,교차로 - 교차로안,이륜,남,43세,중상,특수,남,68세,상해없음
2016112100100123,2016년 11월 21일 08시,월요일,울산광역시 북구 매곡동,부상신고사고,0,0,0,1,차대차 - 기타,교차로운행방법위반,건조,맑음,교차로 - 교차로안,승용,여,31세,부상신고,승용,남,26세,상해없음
2016112100100124,2016년 11월 21일 08시,월요일,울산광역시 남구 달동,중상사고,0,1,0,0,차대사람 - 차도통행중,안전운전불이행,건조,맑음,단일로 - 기타,승용,여,52세,상해없음,보행자,여,73세,중상
2016112100100167,2016년 11월 21일 09시,월요일,울산광역시 북구 송정동,경상사고,0,0,1,0,차대차 - 측면직각충돌,안전거리미확보,건조,맑음,단일로 - 기타,화물,남,49세,상해없음,승용,여,51세,경상
2016112100100203,2016년 11월 21일 10시,월요일,울산광역시 울주군 서생면,중상사고,0,1,0,0,차량단독 - 공작물충돌,기타,건조,맑음,단일로 - 기타,화물,남,62세,중상,,,,
2016112100100291,2016년 11월 21일 13시,월요일,울산광역시 중구 반구동,중상사고,0,1,4,1,차대차 - 기타,안전거리미확보,건조,맑음,단일로 - 기타,승용,여,53세,부상신고,승합,남,40세,경상
2016112100100324,2016년 11월 21일 14시,월요일,울산광역시 남구 삼산동,중상사고,0,1,0,0,차대차 - 측면충돌,차로위반,건조,맑음,단일로 - 기타,자전거,남,77세,중상,승용,여,61세,상해없음
2016112100100325,2016년 11월 21일 14시,월요일,울산광역시 울주군 서생면,부상신고사고,0,0,0,1,차대차 - 측면충돌,교차로운행방법위반,건조,맑음,교차로 - 교차로안,승용,여,55세,상해없음,승합,남,34세,부상신고
2016112100100360,2016년 11월 21일 15시,월요일,울산광역시 북구 연암동,중상사고,0,2,1,0,차대차 - 측면충돌,신호위반,건조,맑음,교차로 - 교차로안,승용,남,64세,중상,승용,남,38세,중상
2016112100100401,2016년 11월 21일 16시,월요일,울산광역시 남구 삼산동,중상사고,0,1,0,0,차대사람 - 횡단중,안전운전불이행,건조,맑음,교차로 - 교차로안,승용,남,31세,기타불명,보행자,여,54세,중상
2016112100100402,2016년 11월 21일 16시,월요일,울산광역시 남구 신정동,경상사고,0,0,1,0,차대차 - 측면충돌,안전운전불이행,건조,맑음,단일로 - 기타,승용,남,41세,상해없음,승용,여,45세,경상
2016112100100505,2016년 11월 21일 18시,월요일,울산광역시 동구 방어동,경상사고,0,0,2,0,차대차 - 측면직각충돌,안전운전불이행,건조,맑음,교차로 - 교차로안,승용,여,27세,상해없음,승용,남,25세,경상
2016112100100594,2016년 11월 21일 21시,월요일,울산광역시 울주군 온양읍,중상사고,0,2,2,0,차대차 - 정면충돌,안전거리미확보,건조,맑음,단일로 - 기타,화물,남,44세,상해없음,승용,남,32세,중상
2016112100100639,2016년 11월 21일 23시,월요일,울산광역시 남구 무거동,부상신고사고,0,0,0,1,차대사람 - 길가장자리구역통행중,안전운전불이행,건조,맑음,단일로 - 기타,승용,남,59세,상해없음,보행자,여,18세,부상신고
2016112200100144,2016년 11월 22일 09시,화요일,울산광역시 중구 서동,부상신고사고,0,0,0,1,차대차 - 기타,신호위반,건조,맑음,교차로 - 교차로안,이륜,남,84세,부상신고,화물,남,36세,상해없음
2016112200100172,2016년 11월 22일 10시,화요일,울산광역시 중구 태화동,경상사고,0,0,1,0,차대사람 - 길가장자리구역통행중,안전운전불이행,건조,맑음,단일로 - 기타,승용,남,55세,상해없음,보행자,남,73세,경상
2016112200100191,2016년 11월 22일 11시,화요일,울산광역시 남구 삼산동,중상사고,0,1,0,0,차대사람 - 횡단중,안전운전불이행,기타,맑음,단일로 - 기타,승용,남,40세,상해없음,보행자,여,69세,중상
2016112200100282,2016년 11월 22일 14시,화요일,울산광역시 남구 달동,경상사고,0,0,1,0,차대사람 - 횡단중,안전운전불이행,건조,맑음,교차로 - 교차로부근,승용,여,32세,상해없음,보행자,여,66세,경상
2016112200100438,2016년 11월 22일 18시,화요일,울산광역시 남구 달동,중상사고,0,1,0,0,차대사람 - 횡단중,안전운전불이행,기타,기타,교차로 - 교차로안,이륜,남,46세,상해없음,보행자,여,60세,중상
2016112200100439,2016년 11월 22일 18시,화요일,울산광역시 남구 옥동,경상사고,0,0,1,0,차대사람 - 횡단중,안전운전불이행,건조,맑음,교차로 - 교차로부근,승용,여,52세,상해없음,보행자,남,11세,경상
2016112200100481,2016년 11월 22일 19시,화요일,울산광역시 울주군 언양읍,중상사고,0,1,0,0,차대사람 - 차도통행중,안전운전불이행,건조,맑음,단일로 - 기타,승용,남,28세,상해없음,보행자,남,68세,중상
2016112200100560,2016년 11월 22일 22시,화요일,울산광역시 동구 전하동,중상사고,0,1,0,0,차대차 - 측면충돌,신호위반,건조,맑음,교차로 - 교차로안,자전거,남,14세,중상,승용,남,23세,상해없음
2016112200100583,2016년 11월 22일 23시,화요일,울산광역시 남구 달동,경상사고,0,0,3,0,차대차 - 측면충돌,직진우회전진행방해,건조,맑음,교차로 - 교차로안,승합,남,46세,상해없음,승용,남,50세,경상
2016112300100110,2016년 11월 23일 07시,수요일,울산광역시 동구 방어동,중상사고,0,1,0,0,차대차 - 정면충돌,안전운전불이행,건조,맑음,교차로 - 교차로부근,이륜,남,34세,중상,승용,여,56세,상해없음
2016112300100247,2016년 11월 23일 11시,수요일,울산광역시 울주군 청량면,경상사고,0,0,1,0,차대차 - 측면직각충돌,차로위반,건조,맑음,교차로 - 교차로부근,화물,남,54세,상해없음,건설기계,남,36세,경상
2016112300100270,2016년 11월 23일 12시,수요일,울산광역시 중구 성남동,중상사고,0,1,0,0,차대사람 - 횡단중,보행자보호의무위반,건조,맑음,단일로 - 횡단보도상,승용,남,31세,상해없음,보행자,남,20세,중상
2016112300100390,2016년 11월 23일 16시,수요일,울산광역시 중구 태화동,경상사고,0,0,1,0,차대사람 - 길가장자리구역통행중,안전운전불이행,건조,맑음,단일로 - 기타,승용,여,49세,상해없음,보행자,여,46세,경상
2016112300100606,2016년 11월 23일 22시,수요일,울산광역시 울주군 범서읍,경상사고,0,0,1,0,차대차 - 추돌,안전거리미확보,건조,맑음,교차로 - 교차로부근,승용,남,48세,상해없음,승용,남,28세,경상
2016112400100235,2016년 11월 24일 11시,목요일,울산광역시 울주군 범서읍,경상사고,0,0,3,0,차대차 - 추돌,안전운전불이행,건조,맑음,단일로 - 기타,화물,남,58세,상해없음,승용,남,29세,경상
2016112400100319,2016년 11월 24일 13시,목요일,울산광역시 중구 반구동,중상사고,0,1,0,0,차대사람 - 길가장자리구역통행중,안전운전불이행,건조,맑음,단일로 - 기타,승용,남,52세,상해없음,보행자,남,84세,중상
2016112400100354,2016년 11월 24일 14시,목요일,울산광역시 중구 반구동,경상사고,0,0,1,0,차대차 - 기타,교차로운행방법위반,건조,맑음,교차로 - 교차로부근,승용,남,67세,상해없음,승합,남,44세,경상
2016112400100355,2016년 11월 24일 14시,목요일,울산광역시 동구 방어동,경상사고,0,0,1,0,차대사람 - 횡단중,보행자보호의무위반,건조,맑음,단일로 - 횡단보도상,승합,남,51세,상해없음,보행자,남,7세,경상
2016112400100526,2016년 11월 24일 18시,목요일,울산광역시 동구 방어동,경상사고,0,0,1,0,차대사람 - 횡단중,보행자보호의무위반,건조,맑음,교차로 - 교차로안,승합,남,40세,상해없음,보행자,남,15세,경상
2016112400100527,2016년 11월 24일 18시,목요일,울산광역시 울주군 범서읍,경상사고,0,0,2,0,차대사람 - 횡단중,안전운전불이행,건조,맑음,교차로 - 교차로부근,이륜,남,28세,경상,보행자,여,13세,경상
2016112400100596,2016년 11월 24일 20시,목요일,울산광역시 중구 학성동,중상사고,0,2,1,0,차대차 - 추돌,안전운전불이행,건조,맑음,단일로 - 기타,승용,남,54세,경상,승합,남,43세,상해없음
2016112400100625,2016년 11월 24일 21시,목요일,울산광역시 울주군 언양읍,경상사고,0,0,1,0,차대차 - 측면직각충돌,안전운전불이행,건조,맑음,교차로 - 교차로부근,승용,여,35세,상해없음,이륜,남,17세,경상
2016112500100015,2016년 11월 25일 00시,금요일,울산광역시 중구 학산동,경상사고,0,0,1,0,차대차 - 추돌,안전운전불이행,건조,맑음,교차로 - 교차로안,승용,남,30세,상해없음,승용,여,51세,경상
2016112500100046,2016년 11월 25일 03시,금요일,울산광역시 남구 삼산동,부상신고사고,0,0,0,1,차대차 - 측면직각충돌,교차로운행방법위반,건조,맑음,교차로 - 교차로안,승용,여,55세,상해없음,승용,남,73세,부상신고
2016112500100144,2016년 11월 25일 08시,금요일,울산광역시 중구 태화동,중상사고,0,1,1,0,차대차 - 기타,차로위반,건조,맑음,단일로 - 기타,승용,남,60세,상해없음,승용,남,25세,경상
2016112500100145,2016년 11월 25일 08시,금요일,울산광역시 중구 서동,경상사고,0,0,1,0,차대사람 - 기타,안전운전불이행,건조,맑음,단일로 - 기타,화물,남,51세,상해없음,보행자,여,15세,경상
2016112500100171,2016년 11월 25일 09시,금요일,울산광역시 남구 삼산동,경상사고,0,0,1,0,차대사람 - 기타,안전운전불이행,건조,맑음,단일로 - 기타,승합,남,61세,상해없음,보행자,여,62세,경상
2016112500100172,2016년 11월 25일 09시,금요일,울산광역시 울주군 삼남면,경상사고,0,0,1,0,차대차 - 추돌,안전거리미확보,건조,맑음,단일로 - 기타,건설기계,남,54세,상해없음,건설기계,남,53세,경상
2016112500100353,2016년 11월 25일 15시,금요일,울산광역시 울주군 서생면,경상사고,0,0,1,0,차대차 - 정면충돌,중앙선침범,건조,맑음,단일로 - 기타,승용,남,60세,상해없음,승용,남,34세,경상
2016112500100546,2016년 11월 25일 19시,금요일,울산광역시 동구 서부동,경상사고,0,0,1,0,차대차 - 추돌,안전거리미확보,건조,맑음,단일로 - 기타,승용,남,28세,상해없음,승용,남,59세,경상
2016112500100547,2016년 11월 25일 19시,금요일,울산광역시 울주군 범서읍,중상사고,0,1,0,0,차대사람 - 횡단중,교차로운행방법위반,건조,맑음,교차로 - 교차로안,승용,남,63세,상해없음,보행자,남,58세,중상
2016112500100584,2016년 11월 25일 20시,금요일,울산광역시 중구 태화동,경상사고,0,0,1,0,차대차 - 측면충돌,안전거리미확보,건조,맑음,단일로 - 기타,승용,남,83세,상해없음,승합,남,49세,상해없음
2016112500100674,2016년 11월 25일 22시,금요일,울산광역시 남구 신정동,경상사고,0,0,3,0,차대차 - 추돌,안전운전불이행,습기,비,단일로 - 기타,승용,남,69세,상해없음,승용,여,48세,경상
2016112600100066,2016년 11월 26일 02시,토요일,울산광역시 울주군 청량면,중상사고,0,1,0,0,차대사람 - 횡단중,안전운전불이행,건조,맑음,단일로 - 기타,승용,남,36세,상해없음,보행자,남,28세,중상
2016112600100266,2016년 11월 26일 13시,토요일,울산광역시 울주군 삼남면,부상신고사고,0,0,0,1,차대차 - 측면충돌,교차로운행방법위반,건조,맑음,교차로 - 교차로안,승용,남,54세,부상신고,승용,남,27세,상해없음
2016112600100301,2016년 11월 26일 14시,토요일,울산광역시 중구 약사동,사망사고,1,0,0,0,차대차 - 추돌,안전운전불이행,건조,흐림,교차로 - 교차로부근,이륜,남,38세,사망,승용,남,39세,상해없음
2016112600100302,2016년 11월 26일 14시,토요일,울산광역시 울주군 상북면,부상신고사고,0,0,0,4,차량단독 - 전도전복,안전운전불이행,건조,맑음,단일로 - 기타,승용,여,63세,부상신고,,,,
2016112600100348,2016년 11월 26일 15시,토요일,울산광역시 중구 남외동,경상사고,0,0,1,0,차대차 - 측면직각충돌,안전운전불이행,건조,맑음,단일로 - 기타,승용,남,68세,상해없음,자전거,남,72세,경상
2016112600100349,2016년 11월 26일 15시,토요일,울산광역시 북구 양정동,경상사고,0,0,1,0,차대차 - 측면충돌,안전운전불이행,건조,흐림,교차로 - 교차로부근,이륜,남,25세,상해없음,자전거,남,33세,경상
2016112600100526,2016년 11월 26일 18시,토요일,울산광역시 남구 삼산동,경상사고,0,0,1,0,차대차 - 기타,차로위반,습기,비,단일로 - 기타,승용,남,64세,상해없음,이륜,남,16세,경상
2016112700100064,2016년 11월 27일 02시,일요일,울산광역시 동구 방어동,경상사고,0,0,1,0,차량단독 - 전도전복,안전운전불이행,건조,맑음,교차로 - 교차로부근,이륜,남,27세,경상,,,,
2016112700100123,2016년 11월 27일 07시,일요일,울산광역시 남구 삼산동,중상사고,0,1,2,0,차대차 - 기타,안전운전불이행,기타,기타,교차로 - 교차로안,승용,남,61세,상해없음,승용,남,24세,경상
2016112700100174,2016년 11월 27일 10시,일요일,울산광역시 울주군 상북면,사망사고,1,0,0,0,차량단독 - 전도전복,안전운전불이행,건조,맑음,단일로 - 기타,이륜,남,59세,사망,,,,
2016112700100209,2016년 11월 27일 12시,일요일,울산광역시 중구 장현동,중상사고,0,1,0,0,차대사람 - 횡단중,안전운전불이행,건조,맑음,단일로 - 기타,승용,남,56세,상해없음,보행자,남,12세,중상
2016112700100210,2016년 11월 27일 12시,일요일,울산광역시 북구 화봉동,경상사고,0,0,2,0,차대차 - 측면직각충돌,안전운전불이행,건조,맑음,교차로 - 교차로부근,승용,남,44세,상해없음,승용,여,40세,경상
2016112700100228,2016년 11월 27일 13시,일요일,울산광역시 남구 무거동,경상사고,0,0,1,0,차대사람 - 횡단중,안전운전불이행,건조,맑음,교차로 - 교차로부근,승용,여,51세,상해없음,보행자,남,64세,경상
2016112700100297,2016년 11월 27일 15시,일요일,울산광역시 북구 매곡동,중상사고,0,1,0,0,차대차 - 측면직각충돌,안전운전불이행,건조,맑음,단일로 - 횡단보도상,승용,여,37세,상해없음,자전거,남,8세,중상
2016112700100389,2016년 11월 27일 18시,일요일,울산광역시 북구 진장동,경상사고,0,0,6,0,차대차 - 추돌,안전운전불이행,건조,맑음,단일로 - 기타,승용,남,25세,상해없음,승용,남,41세,경상
2016112700100390,2016년 11월 27일 18시,일요일,울산광역시 북구 산하동,중상사고,0,4,2,0,차대차 - 정면충돌,신호위반,건조,맑음,교차로 - 교차로안,승용,남,19세,경상,승용,남,58세,중상
2016112700100503,2016년 11월 27일 23시,일요일,울산광역시 울주군 언양읍,경상사고,0,0,1,0,차대차 - 추돌,안전거리미확보,건조,맑음,단일로 - 기타,원동기,남,17세,경상,승용,남,63세,상해없음
2016112800100069,2016년 11월 28일 06시,월요일,울산광역시 북구 연암동,중상사고,0,1,0,0,차대사람 - 횡단중,신호위반,건조,맑음,단일로 - 기타,승용,여,46세,상해없음,보행자,여,49세,중상
2016112800100070,2016년 11월 28일 06시,월요일,울산광역시 남구 야음동,중상사고,0,1,0,0,차대차 - 기타,안전운전불이행,건조,맑음,단일로 - 기타,이륜,남,24세,상해없음,이륜,남,38세,중상
2016112800100152,2016년 11월 28일 08시,월요일,울산광역시 남구 무거동,중상사고,0,1,0,0,차대차 - 측면직각충돌,교차로운행방법위반,건조,맑음,교차로 - 교차로안,자전거,남,68세,중상,승합,남,60세,상해없음
2016112800100187,2016년 11월 28일 09시,월요일,울산광역시 북구 중산동,경상사고,0,0,2,0,차대차 - 측면직각충돌,직진우회전진행방해,건조,맑음,교차로 - 교차로안,화물,남,69세,상해없음,승용,남,40세,경상
2016112800100188,2016년 11월 28일 09시,월요일,울산광역시 남구 야음동,경상사고,0,0,1,0,차대사람 - 횡단중,안전운전불이행,건조,맑음,교차로 - 교차로부근,승용,남,55세,상해없음,보행자,남,77세,경상
2016112800100290,2016년 11월 28일 12시,월요일,울산광역시 울주군 범서읍,경상사고,0,0,1,0,차대차 - 기타,안전운전불이행,건조,맑음,교차로 - 교차로부근,화물,남,57세,기타불명,화물,남,23세,경상
2016112800100395,2016년 11월 28일 15시,월요일,울산광역시 북구 명촌동,경상사고,0,0,1,0,차대차 - 추돌,안전운전불이행,건조,맑음,단일로 - 기타,승용,여,58세,상해없음,승용,여,35세,경상
2016112800100396,2016년 11월 28일 15시,월요일,울산광역시 울주군 두동면,중상사고,0,2,0,0,차대차 - 측면충돌,중앙선침범,건조,맑음,단일로 - 기타,건설기계,남,45세,상해없음,화물,남,50세,중상
2016112800100482,2016년 11월 28일 17시,월요일,울산광역시 남구 옥동,중상사고,0,1,0,2,차대차 - 추돌,안전운전불이행,건조,맑음,단일로 - 기타,화물,남,52세,기타불명,승용,여,37세,중상
2016112800100483,2016년 11월 28일 17시,월요일,울산광역시 남구 삼산동,경상사고,0,0,1,0,차대차 - 측면직각충돌,차로위반,건조,맑음,단일로 - 기타,승용,남,61세,상해없음,화물,남,33세,경상
2016112800100484,2016년 11월 28일 17시,월요일,울산광역시 동구 일산동,경상사고,0,0,1,0,차대차 - 측면직각충돌,신호위반,건조,맑음,교차로 - 교차로안,승용,남,76세,상해없음,화물,남,36세,경상
2016112800100485,2016년 11월 28일 17시,월요일,울산광역시 울주군 온산읍,경상사고,0,0,1,0,차대차 - 추돌,안전운전불이행,건조,맑음,교차로 - 교차로부근,승용,여,48세,상해없음,승용,여,42세,경상
2016112800100582,2016년 11월 28일 19시,월요일,울산광역시 북구 연암동,중상사고,0,1,0,0,차대차 - 측면충돌,안전운전불이행,건조,맑음,교차로 - 교차로안,승용,여,34세,상해없음,자전거,남,37세,중상
2016112800100583,2016년 11월 28일 19시,월요일,울산광역시 동구 방어동,경상사고,0,0,1,0,차대차 - 정면충돌,안전운전불이행,건조,맑음,기타 - 기타,이륜,남,55세,상해없음,자전거,남,31세,경상
2016112800100619,2016년 11월 28일 20시,월요일,울산광역시 중구 유곡동,경상사고,0,0,1,0,차대사람 - 횡단중,안전운전불이행,건조,맑음,교차로 - 교차로부근,승용,여,36세,상해없음,보행자,여,26세,경상
2016112800100660,2016년 11월 28일 22시,월요일,울산광역시 남구 야음동,중상사고,0,1,0,0,차대사람 - 횡단중,안전운전불이행,건조,맑음,교차로 - 교차로안,승용,남,48세,상해없음,보행자,남,16세,중상
2016112900100015,2016년 11월 29일 01시,화요일,울산광역시 남구 삼산동,중상사고,0,1,2,0,차대차 - 추돌,안전운전불이행,기타,맑음,단일로 - 기타,승용,남,31세,상해없음,승용,남,55세,중상
2016112900100065,2016년 11월 29일 06시,화요일,울산광역시 중구 약사동,중상사고,0,1,0,0,차량단독 - 전도전복,안전운전불이행,건조,맑음,교차로 - 교차로부근,승용,남,46세,중상,,,,
2016112900100145,2016년 11월 29일 08시,화요일,울산광역시 남구 무거동,경상사고,0,0,7,0,차대차 - 추돌,안전운전불이행,건조,맑음,단일로 - 기타,화물,남,46세,상해없음,승합,남,57세,경상
2016112900100186,2016년 11월 29일 09시,화요일,울산광역시 울주군 두동면,경상사고,0,0,1,0,차대차 - 측면직각충돌,교차로운행방법위반,건조,맑음,교차로 - 교차로안,농기계,남,61세,상해없음,승용,남,68세,경상
2016112900100339,2016년 11월 29일 14시,화요일,울산광역시 남구 옥동,중상사고,0,1,0,0,차대사람 - 횡단중,기타,건조,맑음,단일로 - 기타,승용,남,70세,상해없음,보행자,남,78세,중상
2016112900100340,2016년 11월 29일 14시,화요일,울산광역시 남구 신정동,중상사고,0,1,3,0,차대차 - 추돌,안전운전불이행,건조,맑음,단일로 - 기타,승용,남,56세,상해없음,화물,남,31세,경상
2016112900100510,2016년 11월 29일 18시,화요일,울산광역시 남구 달동,경상사고,0,0,1,0,차대차 - 추돌,안전운전불이행,건조,맑음,단일로 - 기타,승용,여,38세,상해없음,승용,남,46세,경상
2016112900100511,2016년 11월 29일 18시,화요일,울산광역시 울주군 온산읍,중상사고,0,1,1,0,차대차 - 추돌,안전거리미확보,건조,맑음,단일로 - 기타,승용,남,42세,상해없음,승용,남,24세,중상
2016112900100553,2016년 11월 29일 19시,화요일,울산광역시 중구 남외동,부상신고사고,0,0,0,1,차대차 - 측면직각충돌,불법유턴,건조,맑음,단일로 - 횡단보도상,자전거,남,30세,부상신고,승용,남,59세,상해없음
2016112900100582,2016년 11월 29일 20시,화요일,울산광역시 남구 선암동,경상사고,0,0,2,0,차대차 - 측면충돌,안전거리미확보,습기,비,단일로 - 기타,승용,여,55세,경상,승용,여,49세,경상
2016113000100012,2016년 11월 30일 00시,수요일,울산광역시 남구 달동,경상사고,0,0,1,0,차대차 - 측면충돌,안전운전불이행,습기,흐림,교차로 - 교차로안,이륜,남,27세,경상,승용,남,59세,상해없음
2016113000100048,2016년 11월 30일 04시,수요일,울산광역시 남구 달동,중상사고,0,1,1,0,차대차 - 측면충돌,신호위반,습기,비,교차로 - 교차로안,화물,남,19세,상해없음,승용,남,64세,중상
2016113000100076,2016년 11월 30일 06시,수요일,울산광역시 남구 달동,경상사고,0,0,1,0,차대사람 - 횡단중,안전운전불이행,습기,비,단일로 - 기타,승용,남,25세,상해없음,보행자,여,82세,경상
2016113000100098,2016년 11월 30일 07시,수요일,울산광역시 남구 달동,부상신고사고,0,0,0,1,차대사람 - 횡단중,보행자보호의무위반,습기,비,교차로 - 교차로부근,기타불명,기타불명,기타불명,기타불명,보행자,남,16세,부상신고
2016113000100163,2016년 11월 30일 09시,수요일,울산광역시 중구 우정동,경상사고,0,0,2,0,차대차 - 측면충돌,신호위반,습기,비,교차로 - 교차로안,승용,남,45세,상해없음,승용,여,37세,경상
2016113000100251,2016년 11월 30일 13시,수요일,울산광역시 북구 효문동,사망사고,1,0,0,0,차대사람 - 차도통행중,기타,건조,흐림,단일로 - 기타,화물,남,34세,상해없음,보행자,여,79세,사망
2016113000100316,2016년 11월 30일 15시,수요일,울산광역시 남구 삼산동,경상사고,0,0,1,0,차대차 - 기타,직진우회전진행방해,습기,비,교차로 - 교차로안,이륜,남,20세,경상,승용,여,54세,상해없음
2016113000100317,2016년 11월 30일 15시,수요일,울산광역시 동구 전하동,경상사고,0,0,2,0,차대차 - 추돌,안전운전불이행,건조,맑음,교차로 - 교차로부근,승용,남,47세,상해없음,승용,남,54세,경상
2016113000100345,2016년 11월 30일 16시,수요일,울산광역시 남구 삼산동,경상사고,0,0,1,0,차대차 - 정면충돌,안전운전불이행,건조,흐림,단일로 - 횡단보도상,화물,남,42세,상해없음,자전거,남,55세,경상
2016113000100395,2016년 11월 30일 17시,수요일,울산광역시 북구 천곡동,중상사고,0,1,0,0,차대사람 - 횡단중,신호위반,건조,맑음,교차로 - 교차로안,이륜,남,54세,상해없음,보행자,여,45세,중상
2016113000100489,2016년 11월 30일 19시,수요일,울산광역시 울주군 온산읍,중상사고,0,1,0,0,차대사람 - 기타,안전운전불이행,습기,비,단일로 - 기타,승합,남,35세,상해없음,보행자,남,41세,중상