사고번호,사고일시,요일,시군구,사고내용,사망자수,중상자수,경상자수,부상신고자수,사고유형,법규위반,노면상태,기상상태,도로형태,가해운전자 차종,가해운전자 성별,가해운전자 연령,가해운전자 상해정도,피해운전자 차종,피해운전자 성별,피해운전자 연령,피해운전자 상해정도
2016113000100522,2016년 11월 30일 20시,수요일,울산광역시 북구 연암동,경상사고,0,0,2,0,차대차 - 기타,안전운전불이행,건조,맑음,교차로 - 교차로부근,승용,남,25세,상해없음,승용,남,30세,경상
2016113000100632,2016년 11월 30일 23시,수요일,울산광역시 울주군 온산읍,경상사고,0,0,1,0,차대차 - 정면충돌,중앙선침범,건조,맑음,단일로 - 기타,승용,여,35세,상해없음,이륜,남,35세,경상
2016120100100024,2016년 12월 1일 00시,목요일,울산광역시 북구 양정동,중상사고,0,2,0,0,차대차 - 정면충돌,안전운전불이행,건조,맑음,단일로 - 기타,승용,남,33세,상해없음,승용,남,50세,중상
2016120100100025,2016년 12월 1일 00시,목요일,울산광역시 동구 일산동,경상사고,0,0,1,0,차대차 - 추돌,안전거리미확보,건조,맑음,단일로 - 기타,승용,남,57세,상해없음,이륜,남,20세,경상
2016120100100039,2016년 12월 1일 01시,목요일,울산광역시 남구 삼산동,경상사고,0,0,1,0,차대차 - 추돌,안전운전불이행,건조,맑음,단일로 - 기타,승용,남,38세,상해없음,승용,남,34세,경상
2016120100100164,2016년 12월 1일 08시,목요일,울산광역시 중구 복산동,중상사고,0,1,0,0,차대차 - 측면직각충돌,안전운전불이행,건조,맑음,교차로 - 교차로안,승용,남,54세,상해없음,자전거,남,15세,중상
2016120100100204,2016년 12월 1일 09시,목요일,울산광역시 남구 신정동,중상사고,0,1,0,0,차대사람 - 횡단중,보행자보호의무위반,건조,맑음,교차로 - 교차로안,화물,남,50세,상해없음,보행자,여,59세,중상
2016120100100253,2016년 12월 1일 11시,목요일,울산광역시 남구 달동,경상사고,0,0,1,0,차대사람 - 횡단중,안전운전불이행,건조,맑음,단일로 - 횡단보도상,승합,남,37세,상해없음,보행자,남,66세,경상
2016120100100284,2016년 12월 1일 12시,목요일,울산광역시 동구 서부동,경상사고,0,0,1,0,차대차 - 기타,안전운전불이행,건조,맑음,교차로 - 교차로부근,승용,남,60세,상해없음,승합,남,38세,상해없음
2016120100100306,2016년 12월 1일 13시,목요일,울산광역시 울주군 온산읍,중상사고,0,1,0,0,차량단독 - 전도전복,안전운전불이행,건조,맑음,단일로 - 기타,이륜,남,90세 이상,상해없음,,,,
2016120100100345,2016년 12월 1일 14시,목요일,울산광역시 북구 상안동,경상사고,0,0,1,0,차대차 - 기타,안전운전불이행,건조,맑음,단일로 - 기타,승용,여,35세,상해없음,승용,여,59세,경상
2016120100100470,2016년 12월 1일 17시,목요일,울산광역시 북구 진장동,경상사고,0,0,1,0,차대차 - 기타,안전운전불이행,건조,맑음,교차로 - 교차로부근,승용,남,67세,상해없음,자전거,남,60세,경상
2016120100100552,2016년 12월 1일 19시,목요일,울산광역시 중구 태화동,중상사고,0,1,0,0,차대차 - 측면충돌,안전운전불이행,건조,맑음,단일로 - 기타,자전거,남,49세,중상,승용,여,44세,상해없음
2016120100100553,2016년 12월 1일 19시,목요일,울산광역시 중구 남외동,중상사고,0,1,1,0,차대차 - 측면충돌,교차로운행방법위반,건조,맑음,교차로 - 교차로안,이륜,남,18세,경상,이륜,남,26세,중상
2016120100100647,2016년 12월 1일 22시,목요일,울산광역시 북구 화봉동,중상사고,0,1,0,0,차대사람 - 횡단중,안전운전불이행,건조,맑음,단일로 - 기타,승용,여,31세,상해없음,보행자,남,26세,중상
2016120100100662,2016년 12월 1일 23시,목요일,울산광역시 남구 옥동,사망사고,1,0,1,0,차대차 - 추돌,안전운전불이행,건조,맑음,단일로 - 기타,승용,남,61세,사망,승합,남,53세,경상
2016120100100663,2016년 12월 1일 23시,목요일,울산광역시 남구 신정동,경상사고,0,0,2,0,차대차 - 추돌,안전운전불이행,건조,맑음,단일로 - 기타,승용,남,60세,상해없음,승용,여,44세,경상
2016120100100664,2016년 12월 1일 23시,목요일,울산광역시 울주군 범서읍,경상사고,0,0,1,0,차대차 - 측면직각충돌,교차로운행방법위반,건조,맑음,교차로 - 교차로안,승용,남,62세,경상,승용,여,26세,상해없음
2016120200100068,2016년 12월 2일 05시,금요일,울산광역시 울주군 온산읍,경상사고,0,0,2,0,차대차 - 측면충돌,안전운전불이행,건조,맑음,단일로 - 기타,승용,여,23세,경상,화물,남,42세,상해없음
2016120200100090,2016년 12월 2일 06시,금요일,울산광역시 남구 성암동,경상사고,0,0,2,0,차대차 - 측면충돌,신호위반,건조,맑음,교차로 - 교차로안,승용,남,36세,경상,승용,남,31세,경상
2016120200100117,2016년 12월 2일 07시,금요일,울산광역시 북구 신천동,중상사고,0,1,0,0,차대차 - 측면충돌,신호위반,건조,맑음,교차로 - 교차로안,자전거,남,78세,중상,승용,여,25세,상해없음
2016120200100195,2016년 12월 2일 09시,금요일,울산광역시 울주군 언양읍,경상사고,0,0,1,0,차대사람 - 횡단중,안전운전불이행,건조,맑음,교차로 - 교차로안,승용,남,75세,상해없음,보행자,여,60세,경상
2016120200100212,2016년 12월 2일 10시,금요일,울산광역시 북구 신천동,중상사고,0,1,0,0,차대차 - 기타,안전운전불이행,건조,맑음,단일로 - 기타,승합,여,62세,상해없음,승합,남,38세,상해없음
2016120200100282,2016년 12월 2일 12시,금요일,울산광역시 남구 달동,경상사고,0,0,2,0,차대차 - 기타,안전운전불이행,기타,맑음,단일로 - 기타,승용,남,48세,경상,이륜,남,43세,경상
2016120200100495,2016년 12월 2일 17시,금요일,울산광역시 울주군 온산읍,경상사고,0,0,1,0,차대차 - 기타,교차로운행방법위반,건조,맑음,교차로 - 교차로안,승용,여,39세,상해없음,이륜,남,35세,경상
2016120200100690,2016년 12월 2일 22시,금요일,울산광역시 울주군 삼남면,경상사고,0,0,1,0,차대차 - 측면직각충돌,교차로운행방법위반,건조,맑음,교차로 - 교차로안,승용,남,57세,경상,승용,여,59세,상해없음
2016120200100717,2016년 12월 2일 23시,금요일,울산광역시 남구 달동,경상사고,0,0,3,0,차대차 - 기타,안전운전불이행,건조,맑음,단일로 - 기타,승용,남,23세,상해없음,승용,남,34세,상해없음
2016120200100718,2016년 12월 2일 23시,금요일,울산광역시 울주군 범서읍,사망사고,1,0,0,0,차대사람 - 횡단중,안전운전불이행,건조,맑음,단일로 - 기타,승용,남,53세,상해없음,보행자,여,57세,사망
2016120300100123,2016년 12월 3일 06시,토요일,울산광역시 중구 학성동,중상사고,0,1,0,0,차량단독 - 공작물충돌,안전운전불이행,건조,맑음,단일로 - 기타,승합,남,37세,중상,,,,
2016120300100214,2016년 12월 3일 10시,토요일,울산광역시 남구 달동,경상사고,0,0,1,0,차대차 - 기타,차로위반,건조,맑음,교차로 - 교차로안,승용,남,39세,상해없음,승용,남,62세,상해없음
2016120300100428,2016년 12월 3일 16시,토요일,울산광역시 북구 화봉동,경상사고,0,0,1,0,차대차 - 측면직각충돌,안전운전불이행,건조,맑음,단일로 - 기타,이륜,남,23세,경상,승용,남,48세,상해없음
2016120300100459,2016년 12월 3일 17시,토요일,울산광역시 북구 호계동,경상사고,0,0,1,0,차대차 - 기타,안전거리미확보,건조,맑음,단일로 - 기타,승용,남,66세,상해없음,승용,남,37세,경상
2016120300100460,2016년 12월 3일 17시,토요일,울산광역시 남구 신정동,부상신고사고,0,0,0,1,차대차 - 측면충돌,안전거리미확보,건조,맑음,교차로 - 교차로부근,화물,남,56세,기타불명,원동기,남,26세,부상신고
2016120300100504,2016년 12월 3일 18시,토요일,울산광역시 남구 신정동,중상사고,0,1,0,0,차대사람 - 횡단중,안전운전불이행,건조,맑음,교차로 - 교차로안,승용,여,47세,상해없음,보행자,여,55세,중상
2016120300100544,2016년 12월 3일 19시,토요일,울산광역시 중구 옥교동,중상사고,0,4,2,1,차대차 - 추돌,안전운전불이행,건조,맑음,단일로 - 기타,승용,남,53세,부상신고,승용,남,45세,중상
2016120300100610,2016년 12월 3일 21시,토요일,울산광역시 남구 삼산동,경상사고,0,0,2,0,차대차 - 측면충돌,안전운전불이행,건조,맑음,단일로 - 횡단보도부근,승용,남,51세,상해없음,승용,남,32세,경상
2016120300100658,2016년 12월 3일 23시,토요일,울산광역시 북구 명촌동,부상신고사고,0,0,0,1,차대차 - 측면충돌,안전운전불이행,건조,맑음,단일로 - 기타,승용,남,37세,부상신고,승용,여,67세,기타불명
2016120400100016,2016년 12월 4일 00시,일요일,울산광역시 중구 남외동,중상사고,0,1,0,0,차대차 - 측면직각충돌,안전운전불이행,건조,맑음,교차로 - 교차로부근,승용,남,55세,상해없음,자전거,남,47세,중상
2016120400100068,2016년 12월 4일 05시,일요일,울산광역시 남구 여천동,중상사고,0,1,1,0,차대차 - 측면충돌,신호위반,건조,맑음,교차로 - 교차로안,승용,남,52세,상해없음,승용,남,26세,중상
2016120400100085,2016년 12월 4일 06시,일요일,울산광역시 남구 신정동,중상사고,0,2,2,0,차대차 - 추돌,안전운전불이행,건조,맑음,교차로 - 교차로부근,승용,남,27세,상해없음,승용,남,53세,경상
2016120400100121,2016년 12월 4일 09시,일요일,울산광역시 울주군 삼남면,경상사고,0,0,4,0,차대차 - 측면충돌,교차로운행방법위반,건조,맑음,교차로 - 교차로안,화물,남,58세,경상,승용,여,47세,경상
2016120400100264,2016년 12월 4일 16시,일요일,울산광역시 중구 서동,경상사고,0,0,2,0,차대차 - 측면직각충돌,교차로운행방법위반,건조,맑음,교차로 - 교차로안,승용,여,40세,경상,승합,남,35세,경상
2016120400100335,2016년 12월 4일 18시,일요일,울산광역시 울주군 범서읍,중상사고,0,1,3,0,차대차 - 추돌,안전운전불이행,건조,맑음,단일로 - 기타,승용,남,57세,중상,승용,남,62세,경상
2016120400100358,2016년 12월 4일 19시,일요일,울산광역시 북구 명촌동,경상사고,0,0,1,0,차대차 - 기타,직진우회전진행방해,건조,맑음,교차로 - 교차로안,승용,여,55세,상해없음,승용,남,41세,상해없음
2016120400100359,2016년 12월 4일 19시,일요일,울산광역시 남구 옥동,중상사고,0,1,3,0,차대차 - 측면충돌,중앙선침범,건조,맑음,교차로 - 교차로부근,승용,남,62세,상해없음,승용,남,27세,중상
2016120500100072,2016년 12월 5일 06시,월요일,울산광역시 울주군 서생면,중상사고,0,1,0,0,차대차 - 정면충돌,중앙선침범,건조,맑음,단일로 - 기타,승용,남,68세,상해없음,승용,남,58세,중상
2016120500100096,2016년 12월 5일 07시,월요일,울산광역시 중구 태화동,사망사고,1,0,0,0,차량단독 - 전도전복,안전운전불이행,건조,맑음,교차로 - 교차로안,이륜,남,59세,사망,,,,
2016120500100097,2016년 12월 5일 07시,월요일,울산광역시 북구 효문동,경상사고,0,0,4,0,차대차 - 추돌,안전운전불이행,건조,맑음,단일로 - 기타,승용,남,42세,상해없음,승용,여,61세,경상
2016120500100192,2016년 12월 5일 10시,월요일,울산광역시 중구 태화동,경상사고,0,0,1,0,차대차 - 정면충돌,신호위반,건조,맑음,교차로 - 교차로안,승용,남,52세,상해없음,원동기,남,29세,경상
2016120500100193,2016년 12월 5일 10시,월요일,울산광역시 동구 전하동,중상사고,0,1,0,0,차대사람 - 횡단중,신호위반,건조,맑음,교차로 - 교차로안,이륜,남,78세,상해없음,보행자,여,59세,중상
2016120500100224,2016년 12월 5일 11시,월요일,울산광역시 북구 효문동,경상사고,0,0,1,0,차대사람 - 기타,안전운전불이행,건조,맑음,단일로 - 기타,승용,남,46세,상해없음,보행자,남,76세,경상
2016120500100277,2016년 12월 5일 13시,월요일,울산광역시 북구 화봉동,경상사고,0,0,1,0,차대차 - 기타,신호위반,건조,맑음,교차로 - 교차로부근,승용,남,74세,기타불명,승합,남,48세,상해없음
2016120500100318,2016년 12월 5일 15시,월요일,울산광역시 울주군 온산읍,경상사고,0,0,2,0,차대차 - 추돌,안전거리미확보,건조,맑음,교차로 - 교차로부근,승용,남,28세,상해없음,승용,남,39세,경상
2016120500100337,2016년 12월 5일 16시,월요일,울산광역시 중구 북정동,경상사고,0,0,1,0,차대차 - 측면직각충돌,교차로운행방법위반,건조,맑음,교차로 - 교차로안,승합,남,42세,상해없음,승용,여,34세,경상
2016120500100447,2016년 12월 5일 18시,월요일,울산광역시 중구 동동,경상사고,0,0,1,0,차대차 - 기타,교차로운행방법위반,건조,맑음,교차로 - 교차로안,화물,남,72세,상해없음,이륜,남,18세,경상
2016120500100448,2016년 12월 5일 18시,월요일,울산광역시 중구 우정동,경상사고,0,0,1,0,차대차 - 측면직각충돌,교차로운행방법위반,건조,맑음,교차로 - 교차로안,승용,남,36세,상해없음,승용,여,26세,경상
2016120500100525,2016년 12월 5일 20시,월요일,울산광역시 북구 신천동,중상사고,0,2,0,0,차대사람 - 횡단중,신호위반,건조,맑음,교차로 - 교차로안,이륜,남,19세,상해없음,보행자,여,54세,중상
2016120500100526,2016년 12월 5일 20시,월요일,울산광역시 북구 명촌동,경상사고,0,0,2,0,차대차 - 측면직각충돌,중앙선침범,건조,맑음,단일로 - 기타,승용,여,47세,상해없음,승용,남,52세,경상
2016120500100527,2016년 12월 5일 20시,월요일,울산광역시 북구 호계동,중상사고,0,2,1,0,차대차 - 측면직각충돌,교차로운행방법위반,건조,맑음,교차로 - 교차로안,승용,남,28세,경상,승용,남,57세,중상
2016120500100562,2016년 12월 5일 22시,월요일,울산광역시 울주군 언양읍,중상사고,0,2,2,0,차대차 - 추돌,안전운전불이행,건조,맑음,단일로 - 기타,승합,남,62세,중상,화물,남,50세,경상
2016120600100024,2016년 12월 6일 01시,화요일,울산광역시 남구 두왕동,부상신고사고,0,0,0,2,차대차 - 측면직각충돌,신호위반,건조,맑음,교차로 - 교차로안,원동기,남,23세,부상신고,승용,남,64세,부상신고
2016120600100025,2016년 12월 6일 01시,화요일,울산광역시 남구 달동,경상사고,0,0,1,0,차대사람 - 횡단중,안전운전불이행,건조,맑음,교차로 - 교차로부근,기타불명,기타불명,기타불명,기타불명,보행자,남,45세,경상
2016120600100146,2016년 12월 6일 09시,화요일,울산광역시 중구 반구동,중상사고,0,1,0,0,차대차 - 측면충돌,교차로운행방법위반,건조,맑음,교차로 - 교차로안,승용,남,63세,상해없음,이륜,남,36세,중상
2016120600100147,2016년 12월 6일 09시,화요일,울산광역시 중구 태화동,중상사고,0,1,0,0,차대사람 - 횡단중,보행자보호의무위반,건조,맑음,단일로 - 횡단보도상,승용,여,40세,상해없음,보행자,여,69세,중상
2016120600100173,2016년 12월 6일 10시,화요일,울산광역시 중구 태화동,경상사고,0,0,1,0,차대사람 - 기타,안전운전불이행,건조,맑음,단일로 - 기타,승용,남,70세,상해없음,보행자,여,65세,경상
2016120600100174,2016년 12월 6일 10시,화요일,울산광역시 남구 무거동,중상사고,0,1,0,0,차대차 - 측면직각충돌,신호위반,건조,맑음,교차로 - 교차로안,이륜,남,27세,상해없음,자전거,남,70세,중상
2016120600100199,2016년 12월 6일 11시,화요일,울산광역시 남구 신정동,경상사고,0,0,1,0,차대차 - 측면충돌,신호위반,건조,맑음,교차로 - 교차로안,승용,남,39세,상해없음,승용,여,23세,경상
2016120600100256,2016년 12월 6일 13시,화요일,울산광역시 북구 호계동,경상사고,0,0,1,0,차대사람 - 기타,안전운전불이행,건조,맑음,교차로 - 교차로부근,승용,남,49세,상해없음,보행자,남,55세,경상
2016120600100280,2016년 12월 6일 14시,화요일,울산광역시 중구 학산동,경상사고,0,0,1,0,차대차 - 측면충돌,안전운전불이행,건조,맑음,교차로 - 교차로안,자전거,남,75세,경상,승용,여,50세,상해없음
2016120600100281,2016년 12월 6일 14시,화요일,울산광역시 남구 신정동,중상사고,0,1,0,0,차대차 - 추돌,직진우회전진행방해,건조,맑음,교차로 - 교차로안,승용,남,45세,상해없음,이륜,남,23세,중상
2016120600100475,2016년 12월 6일 19시,화요일,울산광역시 울주군 범서읍,경상사고,0,0,1,0,차대차 - 정면충돌,교차로운행방법위반,건조,맑음,교차로 - 교차로안,승용,남,21세,상해없음,승용,남,25세,경상
2016120600100476,2016년 12월 6일 19시,화요일,울산광역시 울주군 온산읍,중상사고,0,1,0,0,차대사람 - 길가장자리구역통행중,안전운전불이행,건조,맑음,교차로 - 교차로안,기타불명,기타불명,기타불명,기타불명,보행자,남,31세,중상
2016120600100500,2016년 12월 6일 20시,화요일,울산광역시 중구 교동,경상사고,0,0,2,0,차대차 - 정면충돌,신호위반,건조,맑음,교차로 - 교차로안,이륜,남,59세,상해없음,승용,남,27세,경상
2016120600100527,2016년 12월 6일 21시,화요일,울산광역시 남구 달동,경상사고,0,0,2,0,차대차 - 측면충돌,신호위반,건조,맑음,교차로 - 교차로안,승용,여,52세,경상,승용,남,53세,경상
2016120600100560,2016년 12월 6일 22시,화요일,울산광역시 남구 신정동,경상사고,0,0,1,0,차대사람 - 길가장자리구역통행중,안전운전불이행,건조,맑음,교차로 - 교차로부근,승용,기타불명,기타불명,기타불명,보행자,여,39세,경상
2016120600100578,2016년 12월 6일 23시,화요일,울산광역시 중구 학성동,중상사고,0,1,0,0,차대사람 - 기타,기타,건조,맑음,교차로 - 교차로안,승용,남,43세,상해없음,보행자,남,53세,중상
2016120700100016,2016년 12월 7일 00시,수요일,울산광역시 중구 태화동,경상사고,0,0,3,0,차대차 - 측면직각충돌,안전운전불이행,건조,맑음,교차로 - 교차로안,승용,여,49세,경상,승용,남,68세,경상
2016120700100029,2016년 12월 7일 01시,수요일,울산광역시 울주군 온산읍,경상사고,0,0,2,1,차대차 - 측면직각충돌,교차로운행방법위반,건조,맑음,교차로 - 교차로안,승용,남,29세,부상신고,승용,남,52세,경상
2016120700100312,2016년 12월 7일 14시,수요일,울산광역시 중구 유곡동,경상사고,0,0,1,0,차대사람 - 횡단중,보행자보호의무위반,건조,맑음,교차로 - 교차로안,승용,남,22세,상해없음,보행자,남,9세,경상
2016120700100317,2016년 12월 7일 15시,수요일,울산광역시 울주군 언양읍,경상사고,0,0,1,0,차대차 - 측면직각충돌,차로위반,건조,맑음,단일로 - 기타,승용,여,45세,상해없음,승용,남,56세,경상
2016120700100340,2016년 12월 7일 15시,수요일,울산광역시 북구 천곡동,중상사고,0,1,0,0,차대사람 - 횡단중,보행자보호의무위반,건조,맑음,단일로 - 횡단보도상,승합,남,57세,상해없음,보행자,여,11세,중상
2016120700100470,2016년 12월 7일 18시,수요일,울산광역시 북구 달천동,경상사고,0,0,1,0,차대차 - 측면충돌,교차로운행방법위반,건조,맑음,교차로 - 교차로안,승용,여,41세,상해없음,이륜,남,41세,경상
2016120700100471,2016년 12월 7일 18시,수요일,울산광역시 남구 두왕동,경상사고,0,0,4,0,차대차 - 측면충돌,중앙선침범,건조,맑음,단일로 - 기타,승용,남,27세,상해없음,승용,남,44세,경상
2016120700100575,2016년 12월 7일 21시,수요일,울산광역시 북구 상안동,중상사고,0,1,0,0,차량단독 - 기타,안전운전불이행,건조,맑음,단일로 - 기타,승합,남,46세,상해없음,,,,
2016120800100048,2016년 12월 8일 02시,목요일,울산광역시 남구 신정동,경상사고,0,0,2,0,차대차 - 추돌,안전운전불이행,건조,맑음,교차로 - 교차로안,승용,여,45세,상해없음,승용,남,53세,경상
2016120800100049,2016년 12월 8일 02시,목요일,울산광역시 남구 달동,경상사고,0,0,8,0,차대차 - 추돌,안전운전불이행,건조,맑음,교차로 - 교차로부근,승용,남,48세,경상,승용,여,35세,경상
2016120800100105,2016년 12월 8일 06시,목요일,울산광역시 남구 여천동,경상사고,0,0,1,0,차대차 - 측면직각충돌,안전운전불이행,건조,맑음,단일로 - 기타,화물,남,67세,상해없음,이륜,남,45세,경상
2016120800100197,2016년 12월 8일 08시,목요일,울산광역시 울주군 청량면,사망사고,1,0,0,0,차대차 - 정면충돌,안전거리미확보,건조,맑음,단일로 - 기타,승용,남,36세,상해없음,승용,남,31세,사망
2016120800100254,2016년 12월 8일 10시,목요일,울산광역시 중구 태화동,중상사고,0,1,0,0,차대차 - 측면직각충돌,신호위반,건조,맑음,교차로 - 교차로안,승용,남,42세,상해없음,화물,남,35세,중상
2016120800100285,2016년 12월 8일 11시,목요일,울산광역시 울주군 웅촌면,중상사고,0,1,0,0,차대사람 - 횡단중,안전운전불이행,건조,맑음,단일로 - 기타,화물,남,65세,상해없음,보행자,여,70세,중상
2016120800100376,2016년 12월 8일 14시,목요일,울산광역시 남구 신정동,경상사고,0,0,1,0,차대차 - 측면충돌,신호위반,건조,맑음,교차로 - 교차로안,승용,남,49세,상해없음,승용,남,35세,경상
2016120800100377,2016년 12월 8일 14시,목요일,울산광역시 울주군 삼남면,경상사고,0,0,1,0,차량단독 - 전도전복,안전운전불이행,건조,맑음,단일로 - 기타,건설기계,남,45세,경상,,,,
2016120800100482,2016년 12월 8일 17시,목요일,울산광역시 중구 태화동,경상사고,0,0,3,0,차대차 - 측면충돌,신호위반,건조,맑음,교차로 - 교차로안,승용,남,63세,상해없음,승용,여,41세,경상
2016120800100625,2016년 12월 8일 20시,목요일,울산광역시 북구 연암동,경상사고,0,0,1,0,차대차 - 측면충돌,차로위반,건조,맑음,단일로 - 기타,승용,여,44세,상해없음,승용,남,56세,경상
2016120800100718,2016년 12월 8일 22시,목요일,울산광역시 북구 진장동,경상사고,0,0,1,0,차대차 - 추돌,안전운전불이행,건조,맑음,단일로 - 기타,승용,남,33세,상해없음,승용,남,32세,경상
2016120800100719,2016년 12월 8일 22시,목요일,울산광역시 남구 삼산동,중상사고,0,1,1,0,차대사람 - 횡단중,안전운전불이행,기타,기타,교차로 - 교차로안,승용,여,48세,상해없음,보행자,남,53세,중상
2016120800100720,2016년 12월 8일 22시,목요일,울산광역시 남구 무거동,사망사고,1,0,1,0,차대사람 - 횡단중,안전운전불이행,건조,맑음,단일로 - 횡단보도상,승용,남,68세,경상,보행자,남,42세,사망
2016120800100748,2016년 12월 8일 23시,목요일,울산광역시 남구 삼산동,경상사고,0,0,2,0,차대차 - 추돌,안전운전불이행,기타,기타,교차로 - 교차로부근,승용,남,35세,상해없음,승용,여,60세,경상
2016120900100019,2016년 12월 9일 00시,금요일,울산광역시 중구 태화동,부상신고사고,0,0,0,1,차대차 - 측면충돌,안전운전불이행,건조,맑음,단일로 - 기타,승용,남,47세,부상신고,승용,남,61세,기타불명
2016120900100088,2016년 12월 9일 05시,금요일,울산광역시 울주군 온양읍,경상사고,0,0,2,0,차대차 - 추돌,안전거리미확보,건조,맑음,단일로 - 기타,승용,남,52세,상해없음,승용,남,50세,경상
2016120900100119,2016년 12월 9일 06시,금요일,울산광역시 중구 옥교동,경상사고,0,0,1,0,차대차 - 추돌,안전거리미확보,건조,맑음,단일로 - 기타,승용,남,62세,상해없음,승용,남,45세,경상
2016120900100120,2016년 12월 9일 06시,금요일,울산광역시 중구 다운동,중상사고,0,1,0,0,차대차 - 측면충돌,안전운전불이행,건조,맑음,교차로 - 교차로안,기타불명,기타불명,기타불명,기타불명,이륜,남,55세,중상
2016120900100222,2016년 12월 9일 10시,금요일,울산광역시 북구 연암동,경상사고,0,0,2,0,차대차 - 기타,신호위반,건조,맑음,교차로 - 교차로안,승용,남,67세,상해없음,승용,남,66세,경상
2016120900100252,2016년 12월 9일 11시,금요일,울산광역시 남구 여천동,경상사고,0,0,1,0,차대차 - 측면충돌,신호위반,건조,맑음,교차로 - 교차로안,화물,남,61세,상해없음,화물,남,32세,경상
2016120900100312,2016년 12월 9일 13시,금요일,울산광역시 중구 성남동,중상사고,0,1,0,0,차대사람 - 횡단중,보행자보호의무위반,건조,맑음,교차로 - 교차로안,승용,남,74세,상해없음,보행자,여,71세,중상
2016120900100313,2016년 12월 9일 13시,금요일,울산광역시 중구 서동,경상사고,0,0,1,1,차대차 - 기타,안전운전불이행,건조,맑음,교차로 - 교차로안,승용,여,66세,부상신고,화물,남,36세,경상
2016120900100344,2016년 12월 9일 14시,금요일,울산광역시 울주군 삼남면,경상사고,0,0,1,0,차대차 - 측면충돌,교차로운행방법위반,건조,맑음,교차로 - 교차로안,승용,남,33세,상해없음,이륜,남,60세,경상
2016120900100377,2016년 12월 9일 15시,금요일,울산광역시 중구 서동,중상사고,0,1,1,1,차대차 - 기타,신호위반,건조,맑음,교차로 - 교차로안,승용,여,45세,부상신고,승용,남,28세,경상
2016120900100378,2016년 12월 9일 15시,금요일,울산광역시 남구 삼산동,경상사고,0,0,2,0,차대차 - 측면직각충돌,신호위반,건조,흐림,단일로 - 교량,승용,남,22세,상해없음,승용,남,36세,경상
2016120900100441,2016년 12월 9일 17시,금요일,울산광역시 중구 우정동,중상사고,0,1,0,0,차대차 - 기타,안전거리미확보,건조,맑음,단일로 - 기타,건설기계,남,55세,상해없음,승용,남,43세,중상
2016120900100622,2016년 12월 9일 21시,금요일,울산광역시 울주군 온산읍,경상사고,0,0,1,0,차대차 - 기타,안전운전불이행,건조,맑음,교차로 - 교차로안,승용,남,43세,경상,승용,남,29세,기타불명
2016121000100016,2016년 12월 10일 00시,토요일,울산광역시 북구 화봉동,중상사고,0,1,0,0,차대차 - 측면직각충돌,안전거리미확보,건조,맑음,단일로 - 기타,승용,남,46세,상해없음,이륜,남,42세,중상
2016121000100017,2016년 12월 10일 00시,토요일,울산광역시 남구 달동,부상신고사고,0,0,0,1,차대차 - 추돌,안전운전불이행,건조,맑음,교차로 - 교차로부근,승용,남,37세,상해없음,승용,남,30세,부상신고
2016121000100054,2016년 12월 10일 02시,토요일,울산광역시 울주군 온산읍,경상사고,0,0,1,2,차대사람 - 횡단중,안전운전불이행,건조,맑음,단일로 - 기타,승용,남,45세,부상신고,보행자,남,35세,경상
2016121000100060,2016년 12월 10일 03시,토요일,울산광역시 남구 신정동,사망사고,1,0,0,0,차대사람 - 횡단중,안전운전불이행,건조,맑음,단일로 - 기타,승용,남,44세,상해없음,보행자,여,90세 이상,사망
2016121000100109,2016년 12월 10일 06시,토요일,울산광역시 남구 야음동,경상사고,0,0,1,0,차량단독 - 전도전복,안전운전불이행,건조,맑음,단일로 - 기타,이륜,남,54세,경상,,,,
2016121000100145,2016년 12월 10일 08시,토요일,울산광역시 울주군 범서읍,중상사고,0,1,0,0,차대차 - 추돌,직진우회전진행방해,건조,맑음,교차로 - 교차로안,승용,남,43세,상해없음,자전거,남,17세,중상
2016121000100205,2016년 12월 10일 10시,토요일,울산광역시 울주군 상북면,경상사고,0,0,1,0,차대사람 - 기타,보행자보호의무위반,건조,맑음,단일로 - 기타,승용,여,47세,상해없음,보행자,남,55세,경상
2016121000100333,2016년 12월 10일 14시,토요일,울산광역시 중구 남외동,중상사고,0,1,1,0,차대차 - 기타,안전운전불이행,건조,맑음,단일로 - 기타,자전거,남,13세,경상,자전거,남,70세,중상
2016121000100489,2016년 12월 10일 18시,토요일,울산광역시 울주군 온산읍,경상사고,0,0,1,1,차대차 - 측면충돌,교차로운행방법위반,건조,맑음,교차로 - 교차로안,승용,남,61세,부상신고,승용,여,63세,경상
2016121000100525,2016년 12월 10일 19시,토요일,울산광역시 울주군 온산읍,중상사고,0,1,0,0,차대사람 - 횡단중,안전운전불이행,건조,맑음,단일로 - 기타,승용,남,38세,상해없음,보행자,남,67세,중상