사고번호,사고일시,요일,시군구,사고내용,사망자수,중상자수,경상자수,부상신고자수,사고유형,법규위반,노면상태,기상상태,도로형태,가해운전자 차종,가해운전자 성별,가해운전자 연령,가해운전자 상해정도,피해운전자 차종,피해운전자 성별,피해운전자 연령,피해운전자 상해정도
2016121000100586,2016년 12월 10일 21시,토요일,울산광역시 중구 우정동,중상사고,0,1,1,0,차대차 - 측면충돌,직진우회전진행방해,건조,맑음,교차로 - 교차로안,원동기,남,17세,경상,승용,여,46세,중상
2016121000100643,2016년 12월 10일 23시,토요일,울산광역시 중구 태화동,부상신고사고,0,0,0,1,차대차 - 측면충돌,중앙선침범,건조,맑음,단일로 - 기타,이륜,남,45세,부상신고,승용,남,27세,상해없음
2016121100100142,2016년 12월 11일 09시,일요일,울산광역시 북구 신현동,중상사고,0,1,1,0,차대차 - 추돌,안전운전불이행,건조,맑음,단일로 - 기타,화물,남,45세,상해없음,승용,남,58세,중상
2016121100100166,2016년 12월 11일 10시,일요일,울산광역시 중구 성안동,경상사고,0,0,1,1,차대차 - 정면충돌,중앙선침범,건조,맑음,교차로 - 교차로부근,화물,남,60세,상해없음,승용,남,48세,부상신고
2016121100100167,2016년 12월 11일 10시,일요일,울산광역시 울주군 온산읍,경상사고,0,0,1,0,차대차 - 추돌,안전거리미확보,건조,맑음,교차로 - 교차로부근,승용,남,23세,상해없음,승용,남,55세,상해없음
2016121100100392,2016년 12월 11일 18시,일요일,울산광역시 남구 신정동,경상사고,0,0,2,0,차대차 - 추돌,안전운전불이행,건조,맑음,단일로 - 기타,승용,남,45세,상해없음,승용,남,30세,경상
2016121100100423,2016년 12월 11일 19시,일요일,울산광역시 남구 신정동,경상사고,0,0,1,0,차대사람 - 횡단중,기타,건조,맑음,기타 - 기타,승용,남,63세,기타불명,보행자,여,54세,경상
2016121100100424,2016년 12월 11일 19시,일요일,울산광역시 남구 달동,경상사고,0,0,1,0,차대차 - 추돌,안전거리미확보,건조,맑음,교차로 - 교차로안,승용,남,36세,경상,승용,남,34세,상해없음
2016121100100425,2016년 12월 11일 19시,일요일,울산광역시 남구 달동,경상사고,0,0,3,0,차대차 - 기타,신호위반,기타,기타,단일로 - 기타,승용,남,56세,상해없음,승용,남,33세,경상
2016121100100467,2016년 12월 11일 21시,일요일,울산광역시 남구 무거동,중상사고,0,1,1,0,차대사람 - 기타,안전운전불이행,건조,맑음,단일로 - 기타,승용,남,54세,상해없음,보행자,남,38세,중상
2016121100100468,2016년 12월 11일 21시,일요일,울산광역시 동구 서부동,중상사고,0,1,0,0,차대사람 - 횡단중,과속,건조,맑음,단일로 - 기타,승용,남,20세,상해없음,보행자,남,60세,중상
2016121100100484,2016년 12월 11일 22시,일요일,울산광역시 북구 명촌동,경상사고,0,0,1,0,차대차 - 추돌,안전운전불이행,건조,맑음,교차로 - 교차로안,승용,남,25세,상해없음,승용,남,42세,경상
2016121200100009,2016년 12월 12일 00시,월요일,울산광역시 남구 신정동,중상사고,0,1,0,0,차대차 - 추돌,안전운전불이행,건조,맑음,교차로 - 교차로부근,승용,남,22세,상해없음,승용,남,52세,중상
2016121200100172,2016년 12월 12일 10시,월요일,울산광역시 북구 산하동,중상사고,0,1,0,0,차대차 - 측면충돌,안전운전불이행,건조,맑음,교차로 - 교차로안,화물,남,68세,상해없음,승용,여,39세,중상
2016121200100301,2016년 12월 12일 15시,월요일,울산광역시 울주군 온양읍,중상사고,0,1,1,0,차대차 - 측면충돌,교차로운행방법위반,건조,맑음,교차로 - 교차로안,승용,여,39세,경상,승용,여,44세,중상
2016121300100067,2016년 12월 13일 06시,화요일,울산광역시 남구 신정동,중상사고,0,2,0,0,차량단독 - 전도전복,안전운전불이행,건조,맑음,단일로 - 교량,승용,남,48세,중상,,,,
2016121300100068,2016년 12월 13일 06시,화요일,울산광역시 울주군 청량면,부상신고사고,0,0,0,2,차대차 - 추돌,안전운전불이행,건조,맑음,단일로 - 기타,승용,남,52세,상해없음,승용,남,62세,부상신고
2016121300100184,2016년 12월 13일 10시,화요일,울산광역시 중구 성남동,경상사고,0,0,1,0,차대사람 - 횡단중,보행자보호의무위반,건조,맑음,단일로 - 기타,화물,남,41세,상해없음,보행자,여,78세,경상
2016121300100230,2016년 12월 13일 12시,화요일,울산광역시 중구 다운동,경상사고,0,0,1,0,차대차 - 측면충돌,직진우회전진행방해,건조,맑음,교차로 - 교차로안,승용,여,51세,상해없음,이륜,남,22세,경상
2016121300100231,2016년 12월 13일 12시,화요일,울산광역시 울주군 웅촌면,경상사고,0,0,1,0,차대사람 - 기타,안전운전불이행,건조,맑음,교차로 - 교차로안,화물,남,46세,상해없음,보행자,남,44세,경상
2016121300100360,2016년 12월 13일 16시,화요일,울산광역시 북구 천곡동,경상사고,0,0,1,0,차대사람 - 횡단중,안전운전불이행,건조,맑음,단일로 - 기타,승합,남,62세,상해없음,보행자,남,19세,경상
2016121300100459,2016년 12월 13일 18시,화요일,울산광역시 중구 학성동,경상사고,0,0,2,0,차대차 - 측면직각충돌,안전거리미확보,건조,맑음,단일로 - 기타,승용,여,57세,경상,승용,여,29세,경상
2016121300100460,2016년 12월 13일 18시,화요일,울산광역시 북구 명촌동,경상사고,0,0,1,0,차대차 - 기타,교차로운행방법위반,건조,맑음,교차로 - 교차로안,승용,여,57세,상해없음,자전거,남,11세,경상
2016121300100461,2016년 12월 13일 18시,화요일,울산광역시 남구 신정동,중상사고,0,1,0,0,차대사람 - 횡단중,안전운전불이행,건조,맑음,교차로 - 교차로부근,승용,남,31세,상해없음,보행자,남,56세,중상
2016121300100462,2016년 12월 13일 18시,화요일,울산광역시 울주군 두동면,중상사고,0,1,1,0,차대차 - 측면충돌,교차로운행방법위반,건조,맑음,교차로 - 교차로안,화물,남,34세,경상,승용,여,50세,중상
2016121400100201,2016년 12월 14일 11시,수요일,울산광역시 중구 태화동,경상사고,0,0,1,1,차대차 - 기타,교차로운행방법위반,건조,맑음,교차로 - 교차로안,승용,여,41세,부상신고,화물,남,53세,경상
2016121400100249,2016년 12월 14일 13시,수요일,울산광역시 동구 화정동,중상사고,0,1,0,0,차대사람 - 횡단중,안전운전불이행,건조,맑음,교차로 - 교차로안,승용,남,49세,상해없음,보행자,여,60세,중상
2016121400100333,2016년 12월 14일 16시,수요일,울산광역시 남구 두왕동,경상사고,0,0,2,0,차대차 - 기타,안전거리미확보,건조,맑음,단일로 - 기타,승용,남,56세,상해없음,승용,남,54세,상해없음
2016121400100442,2016년 12월 14일 19시,수요일,울산광역시 중구 태화동,경상사고,0,0,1,0,차대사람 - 횡단중,불법유턴,건조,맑음,교차로 - 교차로안,승용,남,65세,상해없음,보행자,여,57세,경상
2016121400100443,2016년 12월 14일 19시,수요일,울산광역시 울주군 언양읍,사망사고,1,0,0,0,차량단독 - 전도전복,안전운전불이행,건조,맑음,단일로 - 기타,이륜,여,67세,사망,,,,
2016121400100492,2016년 12월 14일 21시,수요일,울산광역시 동구 방어동,중상사고,0,1,0,0,차대사람 - 횡단중,안전운전불이행,건조,맑음,교차로 - 교차로안,승용,남,24세,상해없음,보행자,남,37세,중상
2016121500100014,2016년 12월 15일 00시,목요일,울산광역시 남구 삼산동,경상사고,0,0,1,0,차대사람 - 횡단중,신호위반,건조,맑음,단일로 - 기타,승용,남,39세,상해없음,보행자,여,36세,경상
2016121500100015,2016년 12월 15일 00시,목요일,울산광역시 남구 삼산동,경상사고,0,0,1,0,차대차 - 추돌,안전운전불이행,건조,맑음,교차로 - 교차로부근,승용,남,28세,상해없음,승용,남,56세,경상
2016121500100065,2016년 12월 15일 05시,목요일,울산광역시 울주군 삼남면,중상사고,0,1,0,0,차대사람 - 횡단중,안전운전불이행,건조,맑음,단일로 - 기타,승합,남,48세,상해없음,보행자,남,62세,중상
2016121500100140,2016년 12월 15일 08시,목요일,울산광역시 동구 화정동,중상사고,0,1,0,0,차대사람 - 기타,안전운전불이행,건조,맑음,단일로 - 기타,승용,여,54세,상해없음,보행자,여,18세,중상
2016121500100175,2016년 12월 15일 09시,목요일,울산광역시 중구 옥교동,경상사고,0,0,1,0,차대사람 - 횡단중,안전운전불이행,건조,맑음,단일로 - 기타,이륜,남,38세,상해없음,보행자,여,69세,경상
2016121500100176,2016년 12월 15일 09시,목요일,울산광역시 중구 남외동,중상사고,0,2,1,0,차대차 - 정면충돌,중앙선침범,건조,맑음,단일로 - 기타,승합,여,47세,중상,화물,남,39세,경상
2016121500100177,2016년 12월 15일 09시,목요일,울산광역시 동구 방어동,중상사고,0,1,0,0,차대차 - 기타,교차로운행방법위반,건조,맑음,교차로 - 교차로부근,승용,남,63세,상해없음,승합,남,49세,상해없음
2016121500100218,2016년 12월 15일 10시,목요일,울산광역시 남구 신정동,경상사고,0,0,1,0,차대차 - 추돌,안전거리미확보,건조,맑음,단일로 - 기타,원동기,남,27세,경상,화물,남,43세,상해없음
2016121500100306,2016년 12월 15일 13시,목요일,울산광역시 남구 신정동,경상사고,0,0,1,0,차대차 - 측면직각충돌,안전운전불이행,건조,맑음,교차로 - 교차로안,승용,여,32세,상해없음,승용,여,38세,경상
2016121500100307,2016년 12월 15일 13시,목요일,울산광역시 울주군 두동면,경상사고,0,0,2,0,차대차 - 추돌,안전거리미확보,건조,맑음,교차로 - 교차로부근,승용,남,73세,상해없음,승용,남,67세,경상
2016121500100334,2016년 12월 15일 14시,목요일,울산광역시 남구 신정동,경상사고,0,0,1,0,차대차 - 측면충돌,안전운전불이행,건조,맑음,교차로 - 교차로안,화물,남,45세,상해없음,이륜,남,68세,경상
2016121500100335,2016년 12월 15일 14시,목요일,울산광역시 남구 무거동,경상사고,0,0,1,0,차대사람 - 기타,안전운전불이행,건조,맑음,단일로 - 기타,승용,여,53세,상해없음,보행자,남,25세,경상
2016121500100368,2016년 12월 15일 15시,목요일,울산광역시 울주군 범서읍,중상사고,0,1,0,0,차대차 - 기타,안전거리미확보,건조,맑음,단일로 - 기타,승용,남,59세,상해없음,승용,여,33세,중상
2016121500100393,2016년 12월 15일 16시,목요일,울산광역시 북구 호계동,경상사고,0,0,1,0,차대차 - 정면충돌,안전거리미확보,건조,맑음,교차로 - 교차로부근,승용,남,73세,상해없음,승용,여,56세,경상
2016121500100436,2016년 12월 15일 17시,목요일,울산광역시 울주군 두서면,부상신고사고,0,0,0,2,차대차 - 추돌,안전거리미확보,건조,맑음,교차로 - 교차로부근,승합,여,42세,부상신고,화물,남,40세,부상신고
2016121500100489,2016년 12월 15일 18시,목요일,울산광역시 북구 무룡동,중상사고,0,1,0,0,차대사람 - 기타,과속,건조,맑음,단일로 - 기타,승용,남,46세,상해없음,보행자,남,52세,중상
2016121500100524,2016년 12월 15일 19시,목요일,울산광역시 남구 신정동,중상사고,0,1,0,0,차대차 - 측면직각충돌,안전거리미확보,건조,맑음,단일로 - 기타,승용,남,65세,상해없음,원동기,남,55세,중상
2016121500100547,2016년 12월 15일 20시,목요일,울산광역시 북구 달천동,경상사고,0,0,1,0,차대사람 - 기타,안전운전불이행,건조,맑음,교차로 - 교차로안,승합,남,62세,상해없음,보행자,남,54세,경상
2016121600100092,2016년 12월 16일 06시,금요일,울산광역시 남구 삼산동,경상사고,0,0,2,0,차대차 - 추돌,안전거리미확보,건조,맑음,단일로 - 기타,승용,남,23세,상해없음,승용,남,24세,경상
2016121600100093,2016년 12월 16일 06시,금요일,울산광역시 남구 여천동,부상신고사고,0,0,0,1,차대사람 - 횡단중,안전운전불이행,건조,맑음,단일로 - 기타,승용,남,35세,상해없음,보행자,여,63세,부상신고
2016121600100094,2016년 12월 16일 06시,금요일,울산광역시 울주군 청량면,중상사고,0,1,0,1,차대차 - 추돌,안전거리미확보,건조,맑음,단일로 - 기타,승용,여,50세,상해없음,승용,남,67세,부상신고
2016121600100117,2016년 12월 16일 07시,금요일,울산광역시 동구 서부동,경상사고,0,0,1,0,차대차 - 기타,안전운전불이행,건조,맑음,교차로 - 교차로부근,이륜,남,45세,경상,승합,남,59세,상해없음
2016121600100190,2016년 12월 16일 09시,금요일,울산광역시 남구 신정동,중상사고,0,1,0,0,차대차 - 측면직각충돌,안전운전불이행,건조,맑음,교차로 - 교차로안,승용,남,37세,상해없음,승용,여,41세,중상
2016121600100360,2016년 12월 16일 14시,금요일,울산광역시 동구 전하동,중상사고,0,1,0,0,차대사람 - 보도통행중,보행자보호의무위반,건조,맑음,교차로 - 교차로부근,승용,여,30세,기타불명,보행자,남,67세,중상
2016121600100397,2016년 12월 16일 15시,금요일,울산광역시 울주군 서생면,경상사고,0,0,3,0,차대차 - 정면충돌,중앙선침범,건조,맑음,단일로 - 기타,승용,여,25세,경상,승합,남,44세,상해없음
2016121600100485,2016년 12월 16일 17시,금요일,울산광역시 울주군 온산읍,부상신고사고,0,0,0,1,차대차 - 정면충돌,안전운전불이행,건조,맑음,단일로 - 기타,승용,남,49세,상해없음,승용,남,58세,부상신고
2016121600100534,2016년 12월 16일 18시,금요일,울산광역시 울주군 범서읍,중상사고,0,1,1,0,차대차 - 추돌,안전거리미확보,건조,맑음,단일로 - 기타,화물,남,55세,상해없음,승용,여,50세,중상
2016121600100610,2016년 12월 16일 20시,금요일,울산광역시 중구 남외동,중상사고,0,2,3,0,차대차 - 측면직각충돌,신호위반,건조,맑음,교차로 - 교차로안,승합,여,55세,경상,승용,남,48세,중상
2016121600100667,2016년 12월 16일 22시,금요일,울산광역시 남구 신정동,중상사고,0,1,0,0,차대차 - 기타,안전거리미확보,건조,맑음,교차로 - 교차로안,승용,남,39세,상해없음,승용,기타불명,기타불명,기타불명
2016121600100690,2016년 12월 16일 23시,금요일,울산광역시 남구 여천동,경상사고,0,0,1,0,차대차 - 측면충돌,안전운전불이행,건조,맑음,교차로 - 교차로부근,승용,남,32세,상해없음,승합,남,60세,경상
2016121700100090,2016년 12월 17일 04시,토요일,울산광역시 북구 양정동,경상사고,0,0,1,0,차대차 - 추돌,안전운전불이행,건조,맑음,단일로 - 기타,이륜,남,35세,상해없음,승용,남,42세,상해없음
2016121700100098,2016년 12월 17일 05시,토요일,울산광역시 남구 달동,중상사고,0,1,0,0,차대차 - 측면충돌,신호위반,건조,맑음,교차로 - 교차로안,승용,남,45세,상해없음,승용,여,50세,중상
2016121700100129,2016년 12월 17일 07시,토요일,울산광역시 울주군 온산읍,부상신고사고,0,0,0,1,차대사람 - 횡단중,안전운전불이행,건조,맑음,교차로 - 교차로안,승용,남,23세,상해없음,보행자,남,66세,부상신고
2016121700100169,2016년 12월 17일 09시,토요일,울산광역시 북구 화봉동,경상사고,0,0,1,0,차대차 - 추돌,안전운전불이행,건조,맑음,단일로 - 기타,화물,남,54세,상해없음,승용,여,52세,경상
2016121700100292,2016년 12월 17일 13시,토요일,울산광역시 남구 삼산동,중상사고,0,1,0,0,차대사람 - 기타,안전운전불이행,건조,맑음,교차로 - 교차로안,승합,남,39세,상해없음,보행자,여,63세,중상
2016121700100293,2016년 12월 17일 13시,토요일,울산광역시 동구 화정동,중상사고,0,1,0,0,차대차 - 측면직각충돌,직진우회전진행방해,건조,맑음,교차로 - 교차로안,승용,여,35세,상해없음,이륜,남,16세,중상
2016121700100324,2016년 12월 17일 14시,토요일,울산광역시 북구 연암동,경상사고,0,0,5,0,차대차 - 추돌,안전운전불이행,건조,맑음,단일로 - 기타,승용,남,59세,경상,승용,여,34세,경상
2016121700100325,2016년 12월 17일 14시,토요일,울산광역시 중구 교동,중상사고,0,1,0,0,차대차 - 측면직각충돌,안전운전불이행,건조,맑음,단일로 - 기타,화물,남,64세,상해없음,이륜,남,38세,중상
2016121700100386,2016년 12월 17일 16시,토요일,울산광역시 북구 진장동,경상사고,0,0,1,0,차대차 - 추돌,안전거리미확보,건조,맑음,단일로 - 기타,승합,남,54세,상해없음,승용,여,26세,경상
2016121700100387,2016년 12월 17일 16시,토요일,울산광역시 울주군 언양읍,경상사고,0,0,1,0,차대차 - 측면충돌,직진우회전진행방해,건조,맑음,교차로 - 교차로안,승용,남,60세,상해없음,승용,남,43세,경상
2016121700100421,2016년 12월 17일 17시,토요일,울산광역시 북구 양정동,경상사고,0,0,2,0,차대차 - 기타,안전거리미확보,건조,맑음,단일로 - 기타,승용,남,57세,상해없음,승용,남,61세,경상
2016121700100573,2016년 12월 17일 20시,토요일,울산광역시 남구 신정동,중상사고,0,1,0,0,차대차 - 측면충돌,중앙선침범,건조,맑음,단일로 - 기타,승용,여,56세,상해없음,이륜,남,41세,중상
2016121700100658,2016년 12월 17일 23시,토요일,울산광역시 남구 야음동,경상사고,0,0,1,0,차대사람 - 횡단중,안전운전불이행,건조,맑음,단일로 - 기타,승용,남,36세,상해없음,보행자,남,51세,경상
2016121700100659,2016년 12월 17일 23시,토요일,울산광역시 남구 두왕동,중상사고,0,1,0,0,차대사람 - 횡단중,안전운전불이행,건조,맑음,단일로 - 기타,승용,여,26세,상해없음,보행자,남,49세,중상
2016121800100027,2016년 12월 18일 00시,일요일,울산광역시 남구 신정동,중상사고,0,1,0,0,차대차 - 측면충돌,안전운전불이행,건조,맑음,교차로 - 교차로안,이륜,남,16세,중상,승용,남,19세,상해없음
2016121800100043,2016년 12월 18일 01시,일요일,울산광역시 남구 달동,경상사고,0,0,2,0,차대사람 - 횡단중,안전운전불이행,건조,맑음,교차로 - 교차로부근,승용,남,27세,상해없음,보행자,남,48세,경상
2016121800100107,2016년 12월 18일 06시,일요일,울산광역시 북구 무룡동,경상사고,0,0,1,0,차대차 - 추돌,안전운전불이행,건조,맑음,단일로 - 기타,승용,남,45세,상해없음,승용,남,34세,경상
2016121800100166,2016년 12월 18일 10시,일요일,울산광역시 울주군 온산읍,중상사고,0,1,1,1,차대차 - 정면충돌,교차로운행방법위반,건조,맑음,교차로 - 교차로안,승용,여,60세,중상,승용,남,50세,상해없음
2016121800100316,2016년 12월 18일 17시,일요일,울산광역시 울주군 상북면,중상사고,0,1,0,0,차대차 - 측면직각충돌,교차로운행방법위반,건조,맑음,교차로 - 교차로안,승용,남,53세,상해없음,이륜,남,66세,중상
2016121800100317,2016년 12월 18일 17시,일요일,울산광역시 울주군 온산읍,경상사고,0,0,1,0,차대사람 - 횡단중,안전운전불이행,건조,맑음,단일로 - 기타,승용,남,53세,상해없음,보행자,남,56세,경상
2016121800100383,2016년 12월 18일 19시,일요일,울산광역시 남구 달동,중상사고,0,1,0,0,차대차 - 측면충돌,중앙선침범,건조,맑음,교차로 - 교차로부근,원동기,남,21세,중상,승용,남,41세,상해없음
2016121800100410,2016년 12월 18일 20시,일요일,울산광역시 동구 일산동,경상사고,0,0,1,0,차대차 - 측면직각충돌,직진우회전진행방해,건조,맑음,교차로 - 교차로안,기타불명,기타불명,기타불명,기타불명,이륜,남,57세,경상
2016121800100436,2016년 12월 18일 21시,일요일,울산광역시 남구 달동,경상사고,0,0,4,0,차대차 - 추돌,안전운전불이행,건조,맑음,교차로 - 교차로부근,승용,남,37세,상해없음,승용,여,30세,경상
2016121800100461,2016년 12월 18일 22시,일요일,울산광역시 중구 남외동,중상사고,0,1,0,0,차대차 - 정면충돌,안전운전불이행,건조,맑음,단일로 - 기타,승용,남,51세,상해없음,이륜,남,37세,중상
2016121800100462,2016년 12월 18일 22시,일요일,울산광역시 울주군 범서읍,중상사고,0,1,0,0,차대사람 - 횡단중,보행자보호의무위반,건조,맑음,교차로 - 교차로안,승용,여,49세,상해없음,보행자,남,28세,중상
2016121900100034,2016년 12월 19일 03시,월요일,울산광역시 중구 태화동,중상사고,0,3,1,0,차대차 - 측면충돌,교차로운행방법위반,건조,맑음,교차로 - 교차로안,승용,남,36세,상해없음,승용,남,19세,중상
2016121900100093,2016년 12월 19일 06시,월요일,울산광역시 남구 삼산동,사망사고,1,0,0,0,차량단독 - 전도전복,안전운전불이행,건조,맑음,단일로 - 기타,이륜,남,35세,사망,,,,
2016121900100188,2016년 12월 19일 09시,월요일,울산광역시 남구 달동,중상사고,0,1,0,0,차대차 - 측면직각충돌,안전운전불이행,습기,흐림,교차로 - 교차로안,자전거,남,47세,중상,승용,남,46세,상해없음
2016121900100213,2016년 12월 19일 10시,월요일,울산광역시 중구 남외동,경상사고,0,0,1,0,차대차 - 측면직각충돌,안전거리미확보,건조,맑음,단일로 - 기타,승합,남,60세,상해없음,승용,남,29세,경상
2016121900100321,2016년 12월 19일 14시,월요일,울산광역시 울주군 범서읍,중상사고,0,1,0,0,차대차 - 측면직각충돌,안전운전불이행,습기,비,교차로 - 교차로안,승용,남,44세,상해없음,승용,남,42세,중상
2016121900100387,2016년 12월 19일 16시,월요일,울산광역시 중구 태화동,경상사고,0,0,1,0,차대차 - 기타,안전운전불이행,습기,흐림,단일로 - 횡단보도상,자전거,남,73세,경상,승용,남,50세,상해없음
2016121900100388,2016년 12월 19일 16시,월요일,울산광역시 중구 태화동,중상사고,0,1,0,0,차대차 - 추돌,안전거리미확보,습기,비,교차로 - 교차로부근,승용,남,50세,상해없음,승용,여,31세,중상
2016121900100389,2016년 12월 19일 16시,월요일,울산광역시 동구 화정동,중상사고,0,1,0,0,차대차 - 측면직각충돌,안전운전불이행,건조,맑음,교차로 - 교차로안,승용,여,52세,상해없음,원동기,남,33세,중상
2016121900100431,2016년 12월 19일 17시,월요일,울산광역시 북구 효문동,경상사고,0,0,1,0,차대차 - 기타,안전운전불이행,습기,비,교차로 - 교차로부근,승용,여,53세,경상,화물,남,48세,상해없음
2016121900100523,2016년 12월 19일 19시,월요일,울산광역시 남구 달동,경상사고,0,0,1,0,차대차 - 추돌,안전운전불이행,습기,비,교차로 - 교차로부근,승용,남,57세,상해없음,이륜,남,16세,경상
2016121900100524,2016년 12월 19일 19시,월요일,울산광역시 남구 상개동,경상사고,0,0,1,0,차대차 - 기타,안전거리미확보,습기,비,단일로 - 기타,화물,남,58세,상해없음,승용,남,30세,경상
2016121900100525,2016년 12월 19일 19시,월요일,울산광역시 남구 달동,경상사고,0,0,1,0,차대차 - 기타,교차로운행방법위반,습기,비,교차로 - 교차로안,승용,남,30세,상해없음,이륜,남,53세,경상
2016121900100544,2016년 12월 19일 20시,월요일,울산광역시 북구 연암동,경상사고,0,0,1,0,차대차 - 추돌,안전운전불이행,습기,비,단일로 - 기타,승용,남,36세,상해없음,승용,여,30세,경상
2016121900100566,2016년 12월 19일 21시,월요일,울산광역시 울주군 온양읍,경상사고,0,0,1,0,차대차 - 추돌,안전운전불이행,건조,맑음,단일로 - 기타,승용,남,41세,상해없음,화물,남,51세,경상
2016121900100617,2016년 12월 19일 23시,월요일,울산광역시 중구 남외동,중상사고,0,1,0,0,차대차 - 측면직각충돌,안전거리미확보,건조,맑음,단일로 - 기타,승용,여,47세,상해없음,승용,남,53세,중상
2016122000100014,2016년 12월 20일 00시,화요일,울산광역시 남구 신정동,경상사고,0,0,1,0,차대차 - 추돌,안전운전불이행,건조,맑음,교차로 - 교차로안,승용,남,37세,상해없음,승용,남,44세,경상
2016122000100026,2016년 12월 20일 01시,화요일,울산광역시 남구 신정동,경상사고,0,0,1,0,차대사람 - 횡단중,신호위반,습기,비,교차로 - 교차로안,이륜,남,21세,상해없음,보행자,남,39세,경상
2016122000100182,2016년 12월 20일 09시,화요일,울산광역시 중구 약사동,경상사고,0,0,1,0,차대차 - 측면충돌,안전운전불이행,건조,맑음,교차로 - 교차로안,화물,남,56세,상해없음,승용,남,64세,경상
2016122000100223,2016년 12월 20일 10시,화요일,울산광역시 울주군 온산읍,경상사고,0,0,1,0,차대차 - 정면충돌,중앙선침범,건조,맑음,단일로 - 기타,건설기계,남,61세,상해없음,승용,여,29세,경상
2016122000100262,2016년 12월 20일 11시,화요일,울산광역시 중구 성남동,중상사고,0,1,0,0,차대차 - 측면충돌,안전운전불이행,건조,맑음,교차로 - 교차로안,승용,남,56세,상해없음,이륜,여,57세,중상
2016122000100456,2016년 12월 20일 17시,화요일,울산광역시 남구 야음동,중상사고,0,1,0,0,차대차 - 측면충돌,신호위반,건조,맑음,교차로 - 교차로안,승용,남,28세,상해없음,이륜,남,40세,중상
2016122000100513,2016년 12월 20일 18시,화요일,울산광역시 북구 연암동,경상사고,0,0,1,1,차대차 - 기타,안전운전불이행,건조,맑음,단일로 - 기타,승용,여,25세,부상신고,승용,남,46세,경상
2016122000100514,2016년 12월 20일 18시,화요일,울산광역시 울주군 범서읍,경상사고,0,0,3,0,차대차 - 추돌,안전거리미확보,건조,맑음,단일로 - 기타,승용,남,27세,상해없음,승용,여,59세,경상
2016122000100581,2016년 12월 20일 20시,화요일,울산광역시 중구 교동,경상사고,0,0,1,0,차대사람 - 기타,기타,건조,맑음,단일로 - 기타,승합,남,42세,상해없음,보행자,여,77세,경상
2016122000100676,2016년 12월 20일 23시,화요일,울산광역시 중구 우정동,중상사고,0,1,0,0,차대사람 - 횡단중,안전운전불이행,건조,맑음,교차로 - 교차로부근,승용,남,40세,상해없음,보행자,남,51세,중상
2016122000100677,2016년 12월 20일 23시,화요일,울산광역시 남구 달동,경상사고,0,0,1,0,차대차 - 추돌,안전운전불이행,건조,맑음,단일로 - 기타,승용,남,45세,상해없음,승용,남,26세,경상
2016122100100075,2016년 12월 21일 06시,수요일,울산광역시 북구 매곡동,중상사고,0,1,0,0,차대차 - 측면직각충돌,직진우회전진행방해,건조,맑음,교차로 - 교차로안,승용,여,48세,상해없음,원동기,여,58세,중상
2016122100100076,2016년 12월 21일 06시,수요일,울산광역시 울주군 온산읍,경상사고,0,0,1,0,차대차 - 추돌,안전거리미확보,건조,맑음,교차로 - 교차로부근,승용,남,47세,상해없음,승용,남,28세,경상
2016122100100184,2016년 12월 21일 10시,수요일,울산광역시 울주군 두서면,경상사고,0,0,1,0,차대차 - 기타,기타,건조,맑음,단일로 - 기타,화물,남,53세,상해없음,승용,남,47세,경상
2016122100100202,2016년 12월 21일 10시,수요일,울산광역시 울주군 언양읍,경상사고,0,0,1,0,차대차 - 측면직각충돌,안전거리미확보,건조,맑음,교차로 - 교차로부근,화물,남,61세,상해없음,승용,여,44세,경상
2016122100100264,2016년 12월 21일 12시,수요일,울산광역시 북구 상안동,경상사고,0,0,2,0,차대차 - 기타,직진우회전진행방해,건조,맑음,교차로 - 교차로안,승용,남,18세,상해없음,승용,남,49세,경상
2016122100100265,2016년 12월 21일 12시,수요일,울산광역시 동구 동부동,경상사고,0,0,2,0,차대차 - 측면직각충돌,안전거리미확보,건조,맑음,단일로 - 기타,화물,여,62세,경상,승용,남,60세,경상
2016122100100385,2016년 12월 21일 16시,수요일,울산광역시 울주군 온산읍,중상사고,0,1,0,0,차대차 - 측면충돌,안전운전불이행,습기,비,단일로 - 기타,화물,남,45세,상해없음,승용,남,62세,중상
2016122100100469,2016년 12월 21일 17시,수요일,울산광역시 중구 태화동,경상사고,0,0,1,0,차대차 - 기타,안전운전불이행,습기,비,단일로 - 기타,승용,남,80세,상해없음,승용,남,24세,경상