사고번호,사고일시,요일,시군구,사고내용,사망자수,중상자수,경상자수,부상신고자수,사고유형,법규위반,노면상태,기상상태,도로형태,가해운전자 차종,가해운전자 성별,가해운전자 연령,가해운전자 상해정도,피해운전자 차종,피해운전자 성별,피해운전자 연령,피해운전자 상해정도
2016122100100470,2016년 12월 21일 17시,수요일,울산광역시 중구 반구동,경상사고,0,0,5,0,차대차 - 기타,안전운전불이행,습기,비,단일로 - 교량,승용,여,48세,경상,승용,여,37세,상해없음
2016122100100471,2016년 12월 21일 17시,수요일,울산광역시 중구 학성동,중상사고,0,1,0,0,차대사람 - 길가장자리구역통행중,안전운전불이행,건조,맑음,단일로 - 기타,승용,여,44세,상해없음,보행자,남,62세,중상
2016122100100572,2016년 12월 21일 18시,수요일,울산광역시 남구 삼산동,경상사고,0,0,2,0,차대차 - 기타,교차로운행방법위반,습기,흐림,교차로 - 교차로안,승합,남,54세,상해없음,승용,남,28세,경상
2016122100100573,2016년 12월 21일 18시,수요일,울산광역시 동구 일산동,경상사고,0,0,2,0,차대차 - 측면충돌,신호위반,습기,비,교차로 - 교차로안,승용,남,53세,상해없음,승용,남,49세,경상
2016122100100633,2016년 12월 21일 19시,수요일,울산광역시 남구 옥동,중상사고,0,1,0,0,차대사람 - 기타,보행자보호의무위반,습기,비,단일로 - 기타,승용,남,52세,상해없음,보행자,남,50세,중상
2016122100100634,2016년 12월 21일 19시,수요일,울산광역시 동구 화정동,경상사고,0,0,1,0,차대차 - 기타,안전운전불이행,습기,비,교차로 - 교차로안,승합,남,45세,상해없음,이륜,남,51세,경상
2016122100100687,2016년 12월 21일 20시,수요일,울산광역시 남구 신정동,중상사고,0,1,0,0,차대사람 - 횡단중,보행자보호의무위반,습기,비,교차로 - 교차로안,승용,남,50세,상해없음,보행자,여,49세,중상
2016122100100802,2016년 12월 21일 22시,수요일,울산광역시 중구 남외동,중상사고,0,1,0,0,차대사람 - 보도통행중,안전운전불이행,습기,비,단일로 - 기타,승용,남,34세,상해없음,보행자,남,35세,중상
2016122100100803,2016년 12월 21일 22시,수요일,울산광역시 남구 옥동,경상사고,0,0,1,0,차대차 - 기타,안전운전불이행,건조,맑음,교차로 - 교차로부근,승용,남,57세,상해없음,승용,여,39세,경상
2016122100100804,2016년 12월 21일 22시,수요일,울산광역시 울주군 범서읍,경상사고,0,0,1,0,차대차 - 추돌,안전거리미확보,습기,비,단일로 - 기타,승용,여,39세,경상,승합,남,55세,상해없음
2016122100100855,2016년 12월 21일 23시,수요일,울산광역시 중구 복산동,경상사고,0,0,2,0,차대차 - 추돌,안전운전불이행,습기,비,교차로 - 교차로부근,승용,남,28세,상해없음,승용,남,32세,경상
2016122100100856,2016년 12월 21일 23시,수요일,울산광역시 울주군 온산읍,경상사고,0,0,1,0,차대사람 - 횡단중,보행자보호의무위반,습기,비,단일로 - 횡단보도부근,승용,남,54세,상해없음,보행자,남,62세,경상
2016122200100051,2016년 12월 22일 00시,목요일,울산광역시 중구 복산동,중상사고,0,1,0,0,차대차 - 측면직각충돌,신호위반,습기,비,교차로 - 교차로안,승용,남,51세,상해없음,이륜,남,32세,중상
2016122200100052,2016년 12월 22일 00시,목요일,울산광역시 남구 신정동,중상사고,0,1,0,0,차대차 - 추돌,안전거리미확보,습기,비,단일로 - 기타,승용,여,62세,상해없음,승용,남,48세,중상
2016122200100085,2016년 12월 22일 01시,목요일,울산광역시 남구 달동,경상사고,0,0,2,0,차대차 - 기타,안전운전불이행,습기,비,교차로 - 교차로부근,승용,여,47세,상해없음,승용,남,33세,경상
2016122200100150,2016년 12월 22일 06시,목요일,울산광역시 북구 진장동,중상사고,0,1,0,0,차대차 - 측면직각충돌,불법유턴,습기,비,교차로 - 교차로안,자전거,남,73세,중상,승용,남,41세,상해없음
2016122200100151,2016년 12월 22일 06시,목요일,울산광역시 울주군 온산읍,부상신고사고,0,0,0,1,차대사람 - 횡단중,보행자보호의무위반,습기,비,교차로 - 교차로안,승용,남,71세,상해없음,보행자,남,70세,부상신고
2016122200100190,2016년 12월 22일 07시,목요일,울산광역시 남구 선암동,경상사고,0,0,1,0,차대차 - 추돌,안전운전불이행,습기,비,교차로 - 교차로부근,승용,남,41세,상해없음,승용,남,35세,경상
2016122200100312,2016년 12월 22일 12시,목요일,울산광역시 울주군 온산읍,경상사고,0,0,1,0,차대차 - 추돌,안전운전불이행,건조,맑음,교차로 - 교차로부근,승용,여,47세,상해없음,화물,남,64세,경상
2016122200100370,2016년 12월 22일 14시,목요일,울산광역시 남구 삼산동,경상사고,0,0,1,0,차대사람 - 기타,안전운전불이행,건조,맑음,교차로 - 교차로부근,승합,남,48세,상해없음,보행자,여,22세,경상
2016122200100398,2016년 12월 22일 15시,목요일,울산광역시 중구 성안동,경상사고,0,0,1,1,차대차 - 측면직각충돌,교차로운행방법위반,건조,맑음,교차로 - 교차로안,승용,여,42세,부상신고,승용,남,33세,경상
2016122200100571,2016년 12월 22일 19시,목요일,울산광역시 동구 일산동,중상사고,0,1,0,0,차대차 - 측면직각충돌,신호위반,건조,맑음,교차로 - 교차로부근,승용,남,58세,상해없음,원동기,남,34세,중상
2016122200100609,2016년 12월 22일 20시,목요일,울산광역시 중구 성남동,중상사고,0,1,0,0,차대사람 - 차도통행중,교차로운행방법위반,건조,맑음,교차로 - 교차로안,승용,남,48세,상해없음,보행자,여,57세,중상
2016122200100610,2016년 12월 22일 20시,목요일,울산광역시 울주군 언양읍,경상사고,0,0,2,0,차대차 - 추돌,안전거리미확보,건조,맑음,단일로 - 기타,승용,남,55세,상해없음,승용,남,58세,경상
2016122300100053,2016년 12월 23일 03시,금요일,울산광역시 북구 상안동,경상사고,0,0,1,0,차대차 - 기타,안전운전불이행,건조,맑음,교차로 - 교차로안,승용,남,30세,경상,승용,남,51세,상해없음
2016122300100062,2016년 12월 23일 04시,금요일,울산광역시 남구 달동,중상사고,0,1,0,0,차량단독 - 전도전복,안전운전불이행,건조,맑음,단일로 - 기타,이륜,남,35세,중상,,,,
2016122300100151,2016년 12월 23일 08시,금요일,울산광역시 북구 달천동,부상신고사고,0,0,0,1,차대차 - 추돌,안전운전불이행,건조,맑음,단일로 - 기타,자전거,남,14세,부상신고,승용,여,41세,상해없음
2016122300100152,2016년 12월 23일 08시,금요일,울산광역시 남구 여천동,중상사고,0,2,1,0,차대차 - 측면충돌,교차로운행방법위반,건조,맑음,단일로 - 기타,승용,남,46세,경상,승용,남,32세,중상
2016122300100153,2016년 12월 23일 08시,금요일,울산광역시 울주군 언양읍,경상사고,0,0,1,3,차대차 - 측면충돌,안전거리미확보,건조,맑음,단일로 - 기타,화물,남,45세,상해없음,승용,남,71세,경상
2016122300100212,2016년 12월 23일 10시,금요일,울산광역시 동구 전하동,중상사고,0,1,0,0,차대차 - 측면충돌,교차로운행방법위반,건조,맑음,교차로 - 교차로부근,이륜,남,70세,상해없음,승합,남,43세,상해없음
2016122300100274,2016년 12월 23일 12시,금요일,울산광역시 남구 야음동,중상사고,0,1,0,1,차대차 - 기타,안전운전불이행,건조,맑음,단일로 - 기타,승용,남,50세,상해없음,승합,남,60세,상해없음
2016122300100275,2016년 12월 23일 12시,금요일,울산광역시 울주군 언양읍,경상사고,0,0,1,0,차대사람 - 횡단중,보행자보호의무위반,건조,맑음,교차로 - 교차로부근,승용,남,34세,상해없음,보행자,여,49세,경상
2016122300100325,2016년 12월 23일 14시,금요일,울산광역시 울주군 범서읍,경상사고,0,0,1,0,차대차 - 기타,차로위반,건조,맑음,단일로 - 기타,승용,여,43세,상해없음,이륜,남,22세,경상
2016122300100356,2016년 12월 23일 15시,금요일,울산광역시 울주군 온양읍,경상사고,0,0,1,0,차대차 - 추돌,안전거리미확보,건조,맑음,단일로 - 기타,승용,남,47세,상해없음,승합,여,56세,경상
2016122300100430,2016년 12월 23일 17시,금요일,울산광역시 남구 달동,중상사고,0,1,0,0,차대차 - 추돌,안전운전불이행,건조,맑음,교차로 - 교차로부근,승용,남,68세,상해없음,승용,여,42세,중상
2016122300100486,2016년 12월 23일 18시,금요일,울산광역시 동구 방어동,중상사고,0,1,0,0,차대차 - 정면충돌,안전운전불이행,건조,맑음,단일로 - 기타,승합,남,43세,상해없음,이륜,남,34세,중상
2016122300100487,2016년 12월 23일 18시,금요일,울산광역시 울주군 언양읍,경상사고,0,0,1,0,차대사람 - 길가장자리구역통행중,안전운전불이행,건조,맑음,단일로 - 기타,기타불명,기타불명,기타불명,기타불명,보행자,남,11세,경상
2016122400100085,2016년 12월 24일 03시,토요일,울산광역시 중구 성안동,부상신고사고,0,0,0,1,차량단독 - 전도전복,안전운전불이행,건조,맑음,교차로 - 교차로안,승용,남,41세,부상신고,,,,
2016122400100139,2016년 12월 24일 07시,토요일,울산광역시 중구 태화동,중상사고,0,1,0,0,차대사람 - 횡단중,안전운전불이행,건조,맑음,단일로 - 횡단보도상,승용,남,53세,상해없음,보행자,여,66세,중상
2016122400100212,2016년 12월 24일 11시,토요일,울산광역시 북구 신천동,중상사고,0,1,1,0,차대차 - 측면직각충돌,안전거리미확보,건조,맑음,단일로 - 기타,승용,여,52세,경상,화물,남,50세,중상
2016122400100237,2016년 12월 24일 12시,토요일,울산광역시 울주군 상북면,중상사고,0,1,0,0,차대차 - 측면충돌,교차로운행방법위반,건조,맑음,교차로 - 교차로안,승용,여,56세,상해없음,이륜,남,37세,중상
2016122400100260,2016년 12월 24일 13시,토요일,울산광역시 동구 방어동,중상사고,0,1,0,0,차대차 - 기타,중앙선침범,건조,맑음,단일로 - 기타,승용,여,60세,상해없음,원동기,남,41세,중상
2016122400100284,2016년 12월 24일 14시,토요일,울산광역시 북구 연암동,경상사고,0,0,2,0,차대차 - 기타,차로위반,건조,맑음,단일로 - 기타,승용,남,55세,상해없음,승합,남,45세,상해없음
2016122400100285,2016년 12월 24일 14시,토요일,울산광역시 울주군 서생면,중상사고,0,2,3,0,차대차 - 정면충돌,중앙선침범,건조,맑음,단일로 - 기타,승용,남,32세,경상,승용,남,67세,중상
2016122400100339,2016년 12월 24일 16시,토요일,울산광역시 북구 중산동,경상사고,0,0,1,0,차대차 - 기타,안전운전불이행,건조,맑음,단일로 - 기타,원동기,남,16세,경상,승합,남,56세,상해없음
2016122400100340,2016년 12월 24일 16시,토요일,울산광역시 동구 화정동,중상사고,0,1,0,0,차대차 - 정면충돌,신호위반,건조,맑음,교차로 - 교차로안,승용,남,65세,상해없음,이륜,남,32세,중상
2016122400100432,2016년 12월 24일 18시,토요일,울산광역시 남구 무거동,중상사고,0,1,0,0,차대사람 - 횡단중,신호위반,건조,맑음,교차로 - 교차로안,승용,남,57세,상해없음,보행자,여,53세,중상
2016122400100505,2016년 12월 24일 20시,토요일,울산광역시 동구 화정동,중상사고,0,1,0,0,차대사람 - 길가장자리구역통행중,안전운전불이행,건조,맑음,단일로 - 기타,이륜,남,21세,상해없음,보행자,남,75세,중상
2016122500100070,2016년 12월 25일 05시,일요일,울산광역시 중구 우정동,경상사고,0,0,1,0,차대차 - 측면직각충돌,신호위반,건조,맑음,교차로 - 교차로안,승용,남,25세,상해없음,승용,여,56세,경상
2016122500100071,2016년 12월 25일 05시,일요일,울산광역시 남구 삼산동,중상사고,0,1,2,0,차대차 - 측면충돌,신호위반,건조,맑음,교차로 - 교차로안,승용,남,50세,경상,승용,남,58세,중상
2016122500100080,2016년 12월 25일 06시,일요일,울산광역시 북구 염포동,중상사고,0,1,0,0,차대차 - 추돌,안전운전불이행,건조,맑음,단일로 - 기타,승용,남,33세,중상,건설기계,남,42세,상해없음
2016122500100117,2016년 12월 25일 09시,일요일,울산광역시 중구 학산동,중상사고,0,1,0,0,차대차 - 측면충돌,교차로운행방법위반,건조,맑음,교차로 - 교차로안,승용,여,56세,상해없음,이륜,여,23세,중상
2016122500100118,2016년 12월 25일 09시,일요일,울산광역시 남구 달동,경상사고,0,0,2,0,차대차 - 측면충돌,안전운전불이행,건조,맑음,교차로 - 교차로안,승용,여,39세,상해없음,승용,남,26세,경상
2016122500100153,2016년 12월 25일 11시,일요일,울산광역시 울주군 청량면,경상사고,0,0,2,0,차대차 - 측면직각충돌,안전운전불이행,건조,맑음,단일로 - 기타,화물,남,57세,상해없음,승용,남,38세,경상
2016122500100174,2016년 12월 25일 12시,일요일,울산광역시 중구 태화동,경상사고,0,0,1,0,차대사람 - 기타,기타,건조,맑음,단일로 - 기타,승용,남,45세,상해없음,보행자,여,62세,경상
2016122500100175,2016년 12월 25일 12시,일요일,울산광역시 북구 염포동,경상사고,0,0,1,0,차대차 - 추돌,신호위반,건조,맑음,교차로 - 교차로부근,승용,남,49세,상해없음,이륜,남,34세,경상
2016122500100274,2016년 12월 25일 16시,일요일,울산광역시 중구 다운동,경상사고,0,0,4,0,차대차 - 추돌,안전운전불이행,건조,맑음,단일로 - 기타,승용,여,32세,상해없음,승용,남,56세,경상
2016122500100416,2016년 12월 25일 21시,일요일,울산광역시 북구 연암동,중상사고,0,1,0,0,차대사람 - 횡단중,안전운전불이행,건조,맑음,교차로 - 교차로부근,승합,남,53세,상해없음,보행자,남,64세,중상
2016122500100453,2016년 12월 25일 23시,일요일,울산광역시 남구 무거동,부상신고사고,0,0,0,1,차대사람 - 길가장자리구역통행중,안전운전불이행,건조,맑음,단일로 - 기타,이륜,남,46세,상해없음,보행자,여,52세,부상신고
2016122600100015,2016년 12월 26일 00시,월요일,울산광역시 울주군 온양읍,경상사고,0,0,1,0,차대차 - 측면충돌,안전운전불이행,건조,맑음,단일로 - 기타,승용,남,35세,상해없음,승용,여,24세,경상
2016122600100075,2016년 12월 26일 06시,월요일,울산광역시 남구 두왕동,경상사고,0,0,1,0,차대차 - 측면직각충돌,신호위반,건조,맑음,교차로 - 교차로안,화물,남,48세,상해없음,승용,남,56세,경상
2016122600100259,2016년 12월 26일 13시,월요일,울산광역시 울주군 청량면,경상사고,0,0,1,1,차대차 - 정면충돌,신호위반,습기,비,교차로 - 교차로안,승합,남,56세,부상신고,특수,남,53세,경상
2016122600100292,2016년 12월 26일 14시,월요일,울산광역시 중구 우정동,중상사고,0,1,2,0,차대차 - 측면충돌,직진우회전진행방해,습기,비,교차로 - 교차로안,승용,남,73세,상해없음,승용,여,39세,경상
2016122600100293,2016년 12월 26일 14시,월요일,울산광역시 중구 옥교동,경상사고,0,0,1,0,차대차 - 기타,안전운전불이행,습기,비,단일로 - 기타,승용,여,42세,상해없음,이륜,남,50세,경상
2016122600100349,2016년 12월 26일 16시,월요일,울산광역시 울주군 청량면,경상사고,0,0,2,1,차대차 - 추돌,안전거리미확보,습기,비,교차로 - 교차로부근,승용,여,44세,부상신고,승용,남,51세,경상
2016122600100505,2016년 12월 26일 19시,월요일,울산광역시 중구 서동,사망사고,1,0,0,0,차대사람 - 기타,안전운전불이행,습기,비,단일로 - 기타,승용,남,63세,상해없음,보행자,여,71세,사망
2016122600100542,2016년 12월 26일 20시,월요일,울산광역시 남구 신정동,경상사고,0,0,1,0,차대차 - 측면충돌,신호위반,건조,맑음,교차로 - 교차로안,승용,남,45세,상해없음,승합,남,50세,경상
2016122600100576,2016년 12월 26일 21시,월요일,울산광역시 북구 진장동,경상사고,0,0,2,0,차대차 - 기타,신호위반,습기,비,교차로 - 교차로안,승용,남,51세,상해없음,이륜,남,24세,경상
2016122600100606,2016년 12월 26일 22시,월요일,울산광역시 중구 태화동,중상사고,0,1,0,0,차대차 - 측면충돌,교차로운행방법위반,건조,맑음,교차로 - 교차로안,이륜,남,55세,중상,승용,남,55세,상해없음
2016122600100628,2016년 12월 26일 23시,월요일,울산광역시 남구 삼산동,중상사고,0,1,0,0,차대사람 - 기타,중앙선침범,습기,비,단일로 - 기타,승합,남,38세,상해없음,보행자,여,57세,중상
2016122600100629,2016년 12월 26일 23시,월요일,울산광역시 남구 신정동,경상사고,0,0,2,0,차대차 - 측면충돌,중앙선침범,습기,비,교차로 - 교차로부근,승용,남,41세,상해없음,승합,남,43세,경상
2016122600100630,2016년 12월 26일 23시,월요일,울산광역시 울주군 온산읍,중상사고,0,1,1,0,차대차 - 추돌,안전거리미확보,건조,맑음,교차로 - 교차로안,승용,남,41세,상해없음,승용,여,56세,중상
2016122700100046,2016년 12월 27일 03시,화요일,울산광역시 중구 옥교동,중상사고,0,3,0,0,차대차 - 측면충돌,안전운전불이행,건조,맑음,교차로 - 교차로안,화물,남,64세,상해없음,승용,남,19세,중상
2016122700100077,2016년 12월 27일 06시,화요일,울산광역시 울주군 온양읍,경상사고,0,0,1,0,차대차 - 측면직각충돌,차로위반,건조,맑음,교차로 - 교차로안,화물,남,52세,상해없음,승용,남,37세,경상
2016122700100155,2016년 12월 27일 09시,화요일,울산광역시 동구 전하동,중상사고,0,1,1,0,차대차 - 정면충돌,신호위반,건조,맑음,교차로 - 교차로안,승용,여,53세,상해없음,승용,남,53세,경상
2016122700100257,2016년 12월 27일 13시,화요일,울산광역시 중구 장현동,부상신고사고,0,0,0,1,차대차 - 측면직각충돌,중앙선침범,건조,맑음,단일로 - 기타,승용,남,62세,상해없음,승용,여,35세,부상신고
2016122700100335,2016년 12월 27일 15시,화요일,울산광역시 북구 화봉동,중상사고,0,1,0,0,차대차 - 측면직각충돌,안전운전불이행,건조,맑음,단일로 - 기타,승용,여,53세,상해없음,승용,남,33세,중상
2016122700100454,2016년 12월 27일 18시,화요일,울산광역시 울주군 범서읍,경상사고,0,0,4,0,차대차 - 기타,안전운전불이행,건조,맑음,단일로 - 기타,승용,남,68세,상해없음,승용,남,25세,경상
2016122700100586,2016년 12월 27일 23시,화요일,울산광역시 남구 무거동,중상사고,0,1,0,0,차대사람 - 보도통행중,보행자보호의무위반,건조,맑음,교차로 - 교차로부근,승용,여,44세,상해없음,보행자,남,55세,중상
2016122800100052,2016년 12월 28일 03시,수요일,울산광역시 남구 삼산동,중상사고,0,2,2,0,차대차 - 기타,안전거리미확보,건조,맑음,단일로 - 기타,승용,남,45세,상해없음,승용,남,57세,경상
2016122800100085,2016년 12월 28일 06시,수요일,울산광역시 중구 학산동,경상사고,0,0,1,0,차대차 - 측면충돌,교차로운행방법위반,건조,맑음,단일로 - 기타,승용,남,47세,상해없음,승합,남,68세,상해없음
2016122800100086,2016년 12월 28일 06시,수요일,울산광역시 중구 교동,경상사고,0,0,2,0,차대차 - 추돌,안전거리미확보,건조,맑음,단일로 - 기타,승용,남,33세,상해없음,승용,남,37세,경상
2016122800100105,2016년 12월 28일 07시,수요일,울산광역시 울주군 삼동면,중상사고,0,1,1,0,차대차 - 정면충돌,중앙선침범,결빙,흐림,단일로 - 기타,승용,여,38세,중상,건설기계,남,64세,경상
2016122800100137,2016년 12월 28일 08시,수요일,울산광역시 중구 학성동,경상사고,0,0,1,0,차대차 - 기타,안전운전불이행,건조,맑음,단일로 - 기타,기타불명,기타불명,기타불명,기타불명,자전거,남,58세,경상
2016122800100139,2016년 12월 28일 08시,수요일,울산광역시 울주군 서생면,경상사고,0,0,1,0,차량단독 - 전도전복,안전운전불이행,결빙,맑음,단일로 - 기타,승용,여,56세,경상,,,,
2016122800100179,2016년 12월 28일 09시,수요일,울산광역시 남구 신정동,경상사고,0,0,1,0,차대사람 - 횡단중,안전운전불이행,건조,맑음,단일로 - 기타,화물,남,56세,상해없음,보행자,여,56세,경상
2016122800100333,2016년 12월 28일 14시,수요일,울산광역시 북구 진장동,중상사고,0,1,0,0,차대차 - 측면충돌,직진우회전진행방해,건조,맑음,교차로 - 교차로안,승용,남,42세,상해없음,자전거,남,39세,중상
2016122800100363,2016년 12월 28일 15시,수요일,울산광역시 북구 명촌동,경상사고,0,0,2,0,차대차 - 추돌,안전운전불이행,건조,맑음,교차로 - 교차로부근,화물,남,62세,상해없음,승용,남,55세,경상
2016122800100396,2016년 12월 28일 16시,수요일,울산광역시 울주군 범서읍,경상사고,0,0,1,0,차대차 - 추돌,안전운전불이행,건조,맑음,단일로 - 기타,승용,남,47세,상해없음,승용,남,60세,경상
2016122800100433,2016년 12월 28일 17시,수요일,울산광역시 남구 신정동,경상사고,0,0,1,0,차대사람 - 기타,안전운전불이행,건조,맑음,단일로 - 기타,승용,남,68세,상해없음,보행자,남,58세,경상
2016122800100532,2016년 12월 28일 19시,수요일,울산광역시 남구 달동,경상사고,0,0,1,0,차대차 - 측면직각충돌,불법유턴,건조,맑음,교차로 - 교차로안,자전거,남,57세,경상,승용,여,44세,상해없음
2016122800100553,2016년 12월 28일 20시,수요일,울산광역시 남구 삼산동,경상사고,0,0,2,0,차대사람 - 횡단중,중앙선침범,기타,기타,단일로 - 기타,승용,남,28세,상해없음,보행자,남,43세,경상
2016122800100554,2016년 12월 28일 20시,수요일,울산광역시 남구 달동,경상사고,0,0,1,0,차대차 - 측면직각충돌,안전거리미확보,건조,맑음,교차로 - 교차로부근,원동기,남,37세,경상,승용,여,41세,상해없음
2016122800100582,2016년 12월 28일 21시,수요일,울산광역시 동구 일산동,중상사고,0,1,1,0,차대차 - 추돌,안전운전불이행,건조,맑음,단일로 - 기타,승용,남,37세,상해없음,승용,여,28세,경상
2016122900100026,2016년 12월 29일 00시,목요일,울산광역시 동구 방어동,경상사고,0,0,1,0,차대차 - 추돌,안전운전불이행,건조,맑음,교차로 - 교차로부근,승용,남,35세,상해없음,승용,남,23세,경상
2016122900100098,2016년 12월 29일 05시,목요일,울산광역시 남구 신정동,중상사고,0,1,0,0,차대사람 - 횡단중,신호위반,건조,맑음,교차로 - 교차로부근,승용,남,77세,상해없음,보행자,여,71세,중상
2016122900100145,2016년 12월 29일 07시,목요일,울산광역시 북구 진장동,사망사고,1,0,1,0,차대차 - 측면충돌,차로위반,건조,맑음,단일로 - 기타,이륜,남,56세,사망,승용,남,32세,상해없음
2016122900100255,2016년 12월 29일 10시,목요일,울산광역시 중구 성남동,중상사고,0,1,0,0,차대차 - 기타,교차로운행방법위반,건조,맑음,교차로 - 교차로안,승용,남,36세,상해없음,자전거,남,67세,중상
2016122900100256,2016년 12월 29일 10시,목요일,울산광역시 남구 달동,경상사고,0,0,1,0,차대사람 - 보도통행중,기타,건조,흐림,단일로 - 기타,승용,남,53세,상해없음,보행자,여,44세,경상
2016122900100570,2016년 12월 29일 18시,목요일,울산광역시 울주군 웅촌면,경상사고,0,0,1,0,차대사람 - 길가장자리구역통행중,안전운전불이행,건조,맑음,단일로 - 기타,화물,남,55세,상해없음,보행자,여,29세,경상
2016122900100712,2016년 12월 29일 21시,목요일,울산광역시 남구 달동,경상사고,0,0,1,0,차대사람 - 횡단중,안전운전불이행,건조,맑음,단일로 - 기타,승용,여,43세,상해없음,보행자,여,9세,경상
2016122900100758,2016년 12월 29일 22시,목요일,울산광역시 울주군 삼동면,경상사고,0,0,1,0,차량단독 - 전도전복,안전운전불이행,건조,맑음,교차로 - 교차로안,승용,여,52세,경상,,,,
2016123000100054,2016년 12월 30일 01시,금요일,울산광역시 북구 중산동,부상신고사고,0,0,0,1,차량단독 - 전도전복,안전운전불이행,건조,맑음,교차로 - 교차로부근,승용,남,35세,부상신고,,,,
2016123000100239,2016년 12월 30일 10시,금요일,울산광역시 울주군 언양읍,중상사고,0,1,1,0,차대차 - 추돌,안전운전불이행,건조,맑음,단일로 - 기타,화물,남,44세,상해없음,승용,남,30세,중상
2016123000100299,2016년 12월 30일 11시,금요일,울산광역시 북구 창평동,중상사고,0,1,0,0,차대사람 - 횡단중,안전운전불이행,건조,맑음,단일로 - 기타,승합,남,48세,상해없음,보행자,남,58세,중상
2016123000100347,2016년 12월 30일 12시,금요일,울산광역시 북구 상안동,경상사고,0,0,3,0,차대차 - 추돌,안전운전불이행,건조,맑음,단일로 - 기타,화물,남,36세,경상,건설기계,남,50세,경상
2016123000100511,2016년 12월 30일 16시,금요일,울산광역시 남구 신정동,경상사고,0,0,1,0,차대차 - 측면직각충돌,신호위반,건조,맑음,교차로 - 교차로안,승용,남,56세,상해없음,자전거,남,16세,경상
2016123000100512,2016년 12월 30일 16시,금요일,울산광역시 울주군 온양읍,경상사고,0,0,3,0,차대차 - 정면충돌,교차로운행방법위반,건조,맑음,교차로 - 교차로안,승용,남,33세,상해없음,승용,여,40세,경상
2016123000100635,2016년 12월 30일 18시,금요일,울산광역시 울주군 온양읍,중상사고,0,1,0,0,차대사람 - 횡단중,신호위반,건조,맑음,교차로 - 교차로부근,이륜,남,51세,상해없음,보행자,여,64세,중상
2016123000100693,2016년 12월 30일 19시,금요일,울산광역시 남구 옥동,경상사고,0,0,1,0,차대차 - 측면충돌,안전거리미확보,건조,맑음,단일로 - 기타,원동기,남,36세,경상,승용,여,48세,상해없음
2016123000100775,2016년 12월 30일 21시,금요일,울산광역시 남구 옥동,경상사고,0,0,1,0,차대사람 - 횡단중,안전운전불이행,건조,맑음,교차로 - 교차로부근,승용,남,50세,상해없음,보행자,남,57세,경상
2016123000100807,2016년 12월 30일 22시,금요일,울산광역시 북구 중산동,중상사고,0,1,0,0,차대사람 - 횡단중,안전운전불이행,건조,맑음,교차로 - 교차로안,승용,여,52세,상해없음,보행자,여,59세,중상
2016123000100843,2016년 12월 30일 23시,금요일,울산광역시 남구 신정동,경상사고,0,0,1,0,차대차 - 추돌,안전운전불이행,건조,맑음,단일로 - 기타,승용,남,41세,상해없음,승용,남,54세,경상
2016123000100844,2016년 12월 30일 23시,금요일,울산광역시 남구 신정동,경상사고,0,0,3,0,차대사람 - 기타,안전거리미확보,건조,맑음,단일로 - 기타,승용,남,44세,상해없음,보행자,남,45세,상해없음
2016123100100066,2016년 12월 31일 01시,토요일,울산광역시 울주군 청량면,중상사고,0,1,1,0,차대차 - 정면충돌,중앙선침범,건조,맑음,단일로 - 기타,승용,여,35세,경상,승용,남,53세,중상
2016123100100135,2016년 12월 31일 05시,토요일,울산광역시 남구 달동,중상사고,0,1,0,0,차대차 - 기타,안전운전불이행,건조,맑음,단일로 - 기타,승용,여,46세,상해없음,승용,여,40세,중상
2016123100100152,2016년 12월 31일 06시,토요일,울산광역시 남구 삼산동,경상사고,0,0,1,0,차대차 - 측면직각충돌,안전운전불이행,기타,기타,단일로 - 기타,승용,남,34세,상해없음,승용,여,35세,경상
2016123100100181,2016년 12월 31일 08시,토요일,울산광역시 중구 반구동,경상사고,0,0,1,0,차대사람 - 기타,안전운전불이행,건조,맑음,교차로 - 교차로안,승용,여,32세,상해없음,보행자,남,63세,경상
2016123100100408,2016년 12월 31일 17시,토요일,울산광역시 울주군 범서읍,경상사고,0,0,2,0,차대차 - 추돌,안전운전불이행,건조,맑음,교차로 - 교차로부근,승용,남,25세,상해없음,승용,남,62세,경상
2016123100100591,2016년 12월 31일 21시,토요일,울산광역시 남구 무거동,중상사고,0,1,1,0,차대차 - 측면충돌,신호위반,건조,맑음,교차로 - 교차로안,승용,남,57세,상해없음,승용,남,24세,경상
2016123100100661,2016년 12월 31일 23시,토요일,울산광역시 중구 복산동,부상신고사고,0,0,0,1,차대사람 - 횡단중,안전운전불이행,건조,맑음,단일로 - 기타,승용,남,60세,상해없음,보행자,남,54세,부상신고